<?xml version="1.0" encoding="utf-8"?>
<COLLADA xmlns="http://www.collada.org/2005/11/COLLADASchema" version="1.4.1">
  <asset>
    <contributor>
      <author>Blender User</author>
      <authoring_tool>Blender 2.78.0 commit date:2017-02-24, commit time:14:33, hash:e92f235</authoring_tool>
    </contributor>
    <created>2017-07-13T22:40:02</created>
    <modified>2017-07-13T22:40:02</modified>
    <unit name="meter" meter="1"/>
    <up_axis>Z_UP</up_axis>
  </asset>
  <library_images>
    <image id="Job_1_chain_DIFFUSE" name="Job_1_chain_DIFFUSE">
      <init_from>Job%201_chain_DIFFUSE.png</init_from>
    </image>
    <image id="Job_1_body_DIFFUSE" name="Job_1_body_DIFFUSE">
      <init_from>Job%201_body_DIFFUSE.png</init_from>
    </image>
    <image id="Job_1_mouth_DIFFUSE" name="Job_1_mouth_DIFFUSE">
      <init_from>Job%201_mouth_DIFFUSE.png</init_from>
    </image>
    <image id="Job_1_teeths_DIFFUSE" name="Job_1_teeths_DIFFUSE">
      <init_from>Job%201_teeths_DIFFUSE.png</init_from>
    </image>
    <image id="Job_1_eyes_DIFFUSE" name="Job_1_eyes_DIFFUSE">
      <init_from>Job%201_eyes_DIFFUSE.png</init_from>
    </image>
    <image id="Job_1_iris_DIFFUSE" name="Job_1_iris_DIFFUSE">
      <init_from>Job%201_iris_DIFFUSE.png</init_from>
    </image>
  </library_images>
  <library_effects>
    <effect id="chain-effect">
      <profile_COMMON>
        <newparam sid="Job_1_chain_DIFFUSE-surface">
          <surface type="2D">
            <init_from>Job_1_chain_DIFFUSE</init_from>
          </surface>
        </newparam>
        <newparam sid="Job_1_chain_DIFFUSE-sampler">
          <sampler2D>
            <source>Job_1_chain_DIFFUSE-surface</source>
          </sampler2D>
        </newparam>
        <technique sid="common">
          <phong>
            <emission>
              <color sid="emission">0 0 0 1</color>
            </emission>
            <ambient>
              <color sid="ambient">0 0 0 1</color>
            </ambient>
            <diffuse>
              <texture texture="Job_1_chain_DIFFUSE-sampler" texcoord="UVMap"/>
            </diffuse>
            <specular>
              <color sid="specular">0.5 0.5 0.5 1</color>
            </specular>
            <shininess>
              <float sid="shininess">50</float>
            </shininess>
            <index_of_refraction>
              <float sid="index_of_refraction">1</float>
            </index_of_refraction>
          </phong>
        </technique>
      </profile_COMMON>
    </effect>
    <effect id="body-effect">
      <profile_COMMON>
        <newparam sid="Job_1_body_DIFFUSE-surface">
          <surface type="2D">
            <init_from>Job_1_body_DIFFUSE</init_from>
          </surface>
        </newparam>
        <newparam sid="Job_1_body_DIFFUSE-sampler">
          <sampler2D>
            <source>Job_1_body_DIFFUSE-surface</source>
          </sampler2D>
        </newparam>
        <technique sid="common">
          <phong>
            <emission>
              <color sid="emission">0 0 0 1</color>
            </emission>
            <ambient>
              <color sid="ambient">0 0 0 1</color>
            </ambient>
            <diffuse>
              <texture texture="Job_1_body_DIFFUSE-sampler" texcoord="UVMap"/>
            </diffuse>
            <specular>
              <color sid="specular">0.5 0.5 0.5 1</color>
            </specular>
            <shininess>
              <float sid="shininess">50</float>
            </shininess>
            <index_of_refraction>
              <float sid="index_of_refraction">1</float>
            </index_of_refraction>
          </phong>
        </technique>
      </profile_COMMON>
    </effect>
    <effect id="mouth-effect">
      <profile_COMMON>
        <newparam sid="Job_1_mouth_DIFFUSE-surface">
          <surface type="2D">
            <init_from>Job_1_mouth_DIFFUSE</init_from>
          </surface>
        </newparam>
        <newparam sid="Job_1_mouth_DIFFUSE-sampler">
          <sampler2D>
            <source>Job_1_mouth_DIFFUSE-surface</source>
          </sampler2D>
        </newparam>
        <technique sid="common">
          <phong>
            <emission>
              <color sid="emission">0 0 0 1</color>
            </emission>
            <ambient>
              <color sid="ambient">0 0 0 1</color>
            </ambient>
            <diffuse>
              <texture texture="Job_1_mouth_DIFFUSE-sampler" texcoord="UVMap"/>
            </diffuse>
            <specular>
              <color sid="specular">0.5 0.5 0.5 1</color>
            </specular>
            <shininess>
              <float sid="shininess">50</float>
            </shininess>
            <index_of_refraction>
              <float sid="index_of_refraction">1</float>
            </index_of_refraction>
          </phong>
        </technique>
      </profile_COMMON>
    </effect>
    <effect id="teeths-effect">
      <profile_COMMON>
        <newparam sid="Job_1_teeths_DIFFUSE-surface">
          <surface type="2D">
            <init_from>Job_1_teeths_DIFFUSE</init_from>
          </surface>
        </newparam>
        <newparam sid="Job_1_teeths_DIFFUSE-sampler">
          <sampler2D>
            <source>Job_1_teeths_DIFFUSE-surface</source>
          </sampler2D>
        </newparam>
        <technique sid="common">
          <phong>
            <emission>
              <color sid="emission">0 0 0 1</color>
            </emission>
            <ambient>
              <color sid="ambient">0 0 0 1</color>
            </ambient>
            <diffuse>
              <texture texture="Job_1_teeths_DIFFUSE-sampler" texcoord="UVMap"/>
            </diffuse>
            <specular>
              <color sid="specular">0.5 0.5 0.5 1</color>
            </specular>
            <shininess>
              <float sid="shininess">50</float>
            </shininess>
            <index_of_refraction>
              <float sid="index_of_refraction">1</float>
            </index_of_refraction>
          </phong>
        </technique>
      </profile_COMMON>
    </effect>
    <effect id="eyes-effect">
      <profile_COMMON>
        <newparam sid="Job_1_eyes_DIFFUSE-surface">
          <surface type="2D">
            <init_from>Job_1_eyes_DIFFUSE</init_from>
          </surface>
        </newparam>
        <newparam sid="Job_1_eyes_DIFFUSE-sampler">
          <sampler2D>
            <source>Job_1_eyes_DIFFUSE-surface</source>
          </sampler2D>
        </newparam>
        <technique sid="common">
          <phong>
            <emission>
              <color sid="emission">0 0 0 1</color>
            </emission>
            <ambient>
              <color sid="ambient">0 0 0 1</color>
            </ambient>
            <diffuse>
              <texture texture="Job_1_eyes_DIFFUSE-sampler" texcoord="UVMap"/>
            </diffuse>
            <specular>
              <color sid="specular">0.5 0.5 0.5 1</color>
            </specular>
            <shininess>
              <float sid="shininess">50</float>
            </shininess>
            <index_of_refraction>
              <float sid="index_of_refraction">1</float>
            </index_of_refraction>
          </phong>
        </technique>
      </profile_COMMON>
    </effect>
    <effect id="iris-effect">
      <profile_COMMON>
        <newparam sid="Job_1_iris_DIFFUSE-surface">
          <surface type="2D">
            <init_from>Job_1_iris_DIFFUSE</init_from>
          </surface>
        </newparam>
        <newparam sid="Job_1_iris_DIFFUSE-sampler">
          <sampler2D>
            <source>Job_1_iris_DIFFUSE-surface</source>
          </sampler2D>
        </newparam>
        <technique sid="common">
          <phong>
            <emission>
              <color sid="emission">0 0 0 1</color>
            </emission>
            <ambient>
              <color sid="ambient">0 0 0 1</color>
            </ambient>
            <diffuse>
              <texture texture="Job_1_iris_DIFFUSE-sampler" texcoord="UVMap"/>
            </diffuse>
            <specular>
              <color sid="specular">0.5 0.5 0.5 1</color>
            </specular>
            <shininess>
              <float sid="shininess">50</float>
            </shininess>
            <index_of_refraction>
              <float sid="index_of_refraction">1</float>
            </index_of_refraction>
          </phong>
        </technique>
      </profile_COMMON>
    </effect>
  </library_effects>
  <library_materials>
    <material id="chain-material" name="chain">
      <instance_effect url="#chain-effect"/>
    </material>
    <material id="body-material" name="body">
      <instance_effect url="#body-effect"/>
    </material>
    <material id="mouth-material" name="mouth">
      <instance_effect url="#mouth-effect"/>
    </material>
    <material id="teeths-material" name="teeths">
      <instance_effect url="#teeths-effect"/>
    </material>
    <material id="eyes-material" name="eyes">
      <instance_effect url="#eyes-effect"/>
    </material>
    <material id="iris-material" name="iris">
      <instance_effect url="#iris-effect"/>
    </material>
  </library_materials>
  <library_geometries>
    <geometry id="Torus_001-mesh" name="Torus.001">
      <mesh>
        <source id="Torus_001-mesh-positions">
          <float_array id="Torus_001-mesh-positions-array" count="3492">-2.067623 -1.177796 0.4543576 -2.101854 -1.187193 0.5143157 -2.160414 -1.203249 0.5484924 -2.22761 -1.221663 0.5477302 -2.285439 -1.237498 0.5122328 -2.318406 -1.246514 0.4515121 -2.317675 -1.246294 0.3818383 -2.283445 -1.236896 0.3218798 -2.224886 -1.22084 0.2877032 -2.157689 -1.202427 0.2884655 -2.099859 -1.186591 0.3239628 -2.066894 -1.177576 0.3846834 -2.198333 -0.9524058 0.4398802 -2.227937 -0.9698849 0.5004867 -2.273855 -1.008021 0.5364345 -2.323783 -1.056595 0.5380915 -2.364344 -1.102592 0.5050138 -2.384668 -1.133687 0.4460644 -2.379311 -1.141549 0.3770385 -2.349707 -1.124069 0.3164321 -2.303789 -1.085933 0.2804842 -2.253862 -1.037359 0.278827 -2.213301 -0.9913621 0.3119049 -2.192976 -0.960267 0.3708545 -2.408746 -0.7283273 0.3985443 -2.430474 -0.750493 0.4609272 -2.454876 -0.8014335 0.5017277 -2.475412 -0.8674988 0.5100138 -2.486581 -0.9309871 0.4835649 -2.48539 -0.9748869 0.429468 -2.472157 -0.9874349 0.3622186 -2.450429 -0.9652689 0.2998358 -2.426027 -0.9143284 0.2590354 -2.405491 -0.8482629 0.2507491 -2.394322 -0.7847747 0.277198 -2.395514 -0.740875 0.3312948 -2.745142 -0.7269847 0.3079206 -2.757856 -0.7491867 0.3727315 -2.757632 -0.8002253 0.4201664 -2.744529 -0.866425 0.4375147 -2.722058 -0.9300475 0.4201284 -2.696241 -0.9740453 0.3726657 -2.673994 -0.9866293 0.3078445 -2.66128 -0.9644275 0.2430335 -2.661504 -0.9133887 0.1955986 -2.674607 -0.847189 0.1782503 -2.697078 -0.7835667 0.1956367 -2.722895 -0.7395688 0.2430993 -3.758558 -1.326258 6.8591e-4 -3.763536 -1.343835 0.0679264 -3.742175 -1.38224 0.121999 -3.700198 -1.431181 0.148415 -3.648854 -1.477545 0.140096 -3.6019 -1.508908 0.09927111 -3.571917 -1.516868 0.03687953 -3.566939 -1.499291 -0.03036099 -3.5883 -1.460886 -0.08443373 -3.630277 -1.411945 -0.1108495 -3.681621 -1.365581 -0.1025306 -3.728575 -1.334217 -0.0617057 -3.922267 -1.626528 -0.0657435 -3.922859 -1.63606 0.003277122 -3.889513 -1.652483 0.0622127 -3.831166 -1.671397 0.0952714 -3.763451 -1.687734 0.09359538 -3.704512 -1.697117 0.05763351 -3.670143 -1.69703 -0.002978026 -3.669551 -1.687499 -0.07199859 -3.702897 -1.671076 -0.1309343 -3.761244 -1.652162 -0.1639931 -3.828959 -1.635825 -0.1623168 -3.887898 -1.626442 -0.1263551 -3.83358 -1.92486 -0.0651738 -3.83431 -1.925081 0.00450015 -3.801344 -1.916064 0.06522077 -3.743515 -1.900229 0.1007179 -3.676318 -1.881816 0.1014804 -3.617759 -1.86576 0.06730359 -3.583528 -1.856362 0.007345378 -3.582798 -1.856142 -0.06232863 -3.615764 -1.865157 -0.1230493 -3.673593 -1.880993 -0.1585465 -3.74079 -1.899406 -0.1593088 -3.799349 -1.915462 -0.125132 -3.702871 -2.15025 -0.05069655 -3.708228 -2.142389 0.01832908 -3.687903 -2.111294 0.07727861 -3.647342 -2.065296 0.1103565 -3.597414 -2.016722 0.1086995 -3.551496 -1.978586 0.07275158 -3.521892 -1.961107 0.01214516 -3.516535 -1.968968 -0.05688059 -3.53686 -2.000063 -0.1158301 -3.577421 -2.04606 -0.148908 -3.627349 -2.094635 -0.147251 -3.673267 -2.132771 -0.1113032 -3.492457 -2.374329 -0.009360551 -3.50569 -2.36178 0.0578888 -3.506882 -2.317881 0.1119855 -3.495712 -2.254393 0.1384344 -3.475176 -2.188327 0.1301484 -3.450774 -2.137387 0.08934777 -3.429047 -2.115221 0.0269649 -3.415814 -2.127769 -0.04028445 -3.414622 -2.171669 -0.09438121 -3.425791 -2.235157 -0.1208301 -3.446327 -2.301222 -0.1125441 -3.470729 -2.352163 -0.07174342 -3.156062 -2.375671 0.081263 -3.178308 -2.363087 0.1460842 -3.204126 -2.319089 0.1935468 -3.226596 -2.255467 0.2109334 -3.239699 -2.189267 0.193585 -3.239924 -2.138228 0.1461502 -3.22721 -2.116026 0.08133912 -3.204963 -2.12861 0.01651793 -3.179146 -2.172608 -0.0309447 -3.156675 -2.236231 -0.04833114 -3.143572 -2.302431 -0.03098273 -3.143347 -2.353469 0.01645201 -2.142646 -1.776398 0.3884977 -2.172628 -1.768438 0.4508892 -2.219583 -1.737075 0.4917141 -2.270927 -1.690711 0.500033 -2.312904 -1.64177 0.4736172 -2.334265 -1.603365 0.4195446 -2.329287 -1.585788 0.3523041 -2.299304 -1.593747 0.2899123 -2.25235 -1.625111 0.2490876 -2.201005 -1.671475 0.2407684 -2.159029 -1.720416 0.2671843 -2.137668 -1.758821 0.321257 -1.978936 -1.476127 0.4549272 -2.013305 -1.476213 0.5155389 -2.072244 -1.466831 0.5515006 -2.13996 -1.450494 0.5531766 -2.198307 -1.43158 0.5201178 -2.231653 -1.415157 0.4611822 -2.231062 -1.405625 0.3921616 -2.196692 -1.405539 0.33155 -2.137753 -1.414921 0.2955882 -2.070038 -1.431258 0.293912 -2.01169 -1.450172 0.326971 -1.978344 -1.466595 0.3859066 -1.978936 -1.476127 0.4549272 -0.9846723 -2.063378 0.8852568 -1.01885 -2.111236 0.847887 -1.074953 -2.130465 0.8113107 -1.137946 -2.115912 0.7853287 -1.190953 -2.071478 0.7769029 -1.219768 -2.009068 0.7882908 -1.216671 -1.945404 0.8164412 -1.182493 -1.897546 0.8538111 -1.126391 -1.878317 0.8903875 -1.063397 -1.89287 0.9163693 -1.010391 -1.937304 0.9247952 -0.9815759 -1.999715 0.9134073 -1.1514 -2.124668 1.076414 -1.179663 -2.17044 1.032129 -1.219605 -2.183972 0.9766625 -1.260524 -2.161638 0.9248758 -1.291455 -2.109421 0.890645 -1.30411 -2.041313 0.8831425 -1.295099 -1.975565 0.9043785 -1.266835 -1.929792 0.9486629 -1.226893 -1.91626 1.00413 -1.185975 -1.938595 1.055916 -1.155043 -1.990812 1.090147 -1.142388 -2.058919 1.09765 -1.395454 -2.152899 1.265712 -1.415223 -2.199263 1.217602 -1.431958 -2.21441 1.151681 -1.441176 -2.194281 1.085613 -1.440406 -2.14427 1.037102 -1.429854 -2.077777 1.019145 -1.412348 -2.012619 1.036555 -1.392579 -1.966256 1.084666 -1.375844 -1.951109 1.150587 -1.366626 -1.971238 1.216654 -1.367397 -2.021249 1.265165 -1.377948 -2.087742 1.283122 -1.723782 -2.036873 1.255012 -1.734754 -2.086345 1.207188 -1.727454 -2.109986 1.142051 -1.703838 -2.101459 1.077053 -1.670236 -2.063051 1.029612 -1.635649 -2.005052 1.012439 -1.609345 -1.943003 1.030135 -1.598374 -1.893531 1.077959 -1.605674 -1.86989 1.143097 -1.629289 -1.878417 1.208094 -1.662892 -1.916825 1.255535 -1.697479 -1.974824 1.272709 -2.608595 -1.421546 0.6901981 -2.612823 -1.475813 0.6466972 -2.5871 -1.512549 0.5933704 -2.538317 -1.521914 0.544507 -2.479547 -1.501396 0.5131995 -2.426537 -1.456495 0.5078369 -2.39349 -1.39924 0.5298562 -2.389262 -1.344973 0.5733571 -2.414985 -1.308236 0.6266841 -2.463768 -1.298872 0.6755475 -2.522538 -1.319389 0.7068549 -2.575548 -1.364291 0.7122173 -2.716172 -1.227696 0.4214503 -2.717518 -1.287157 0.3851503 -2.683919 -1.338085 0.3514972 -2.624379 -1.366834 0.3295086 -2.554852 -1.365701 0.3250759 -2.493966 -1.33499 0.3393872 -2.458036 -1.282929 0.3686076 -2.456691 -1.223469 0.4049075 -2.49029 -1.172541 0.4385604 -2.54983 -1.143791 0.4605491 -2.619358 -1.144924 0.4649818 -2.680243 -1.175636 0.4506704 -2.577874 -1.121134 0.1637966 -2.580971 -1.184797 0.1356461 -2.552156 -1.247208 0.1242583 -2.49915 -1.291642 0.1326842 -2.436156 -1.306194 0.1586663 -2.380053 -1.286966 0.1952425 -2.345875 -1.239108 0.2326123 -2.342779 -1.175444 0.2607627 -2.371594 -1.113034 0.2721508 -2.4246 -1.068599 0.2637248 -2.487593 -1.054047 0.2377429 -2.543696 -1.073276 0.2011667 -2.411147 -1.059844 -0.02736002 -2.420158 -1.125593 -0.0485959 -2.407503 -1.1937 -0.04109352 -2.376572 -1.245917 -0.006862759 -2.335654 -1.268251 0.04492384 -2.295711 -1.254719 0.1003906 -2.267448 -1.208947 0.144675 -2.258437 -1.143198 0.1659111 -2.271092 -1.075091 0.1584083 -2.302023 -1.022874 0.1241779 -2.342941 -1.00054 0.07239121 -2.382884 -1.014071 0.0169245 -2.167093 -1.031613 -0.2166587 -2.184599 -1.09677 -0.2340683 -2.19515 -1.163263 -0.2161117 -2.19592 -1.213274 -0.1676005 -2.186702 -1.233403 -0.1015328 -2.169967 -1.218256 -0.0356121 -2.150198 -1.171893 0.01249873 -2.132692 -1.106735 0.02990806 -2.122141 -1.040242 0.01195138 -2.121371 -0.9902313 -0.03655976 -2.130589 -0.9701023 -0.1026273 -2.147324 -0.9852486 -0.1685481 -1.838764 -1.147639 -0.2059589 -1.865067 -1.209688 -0.2236549 -1.899654 -1.267687 -0.2064813 -1.933257 -1.306095 -0.1590405 -1.956872 -1.314622 -0.09404307 -1.964173 -1.290982 -0.02890521 -1.953201 -1.241509 0.01891881 -1.926898 -1.17946 0.03661501 -1.89231 -1.121461 0.01944148 -1.858708 -1.083053 -0.02799957 -1.835092 -1.074526 -0.09299719 -1.827792 -1.098167 -0.1581346 -0.953952 -1.762965 0.3588554 -0.9869985 -1.82022 0.3368361 -1.040009 -1.865123 0.3421988 -1.098779 -1.88564 0.3735061 -1.147562 -1.876276 0.4223696 -1.173285 -1.839538 0.4756962 -1.169056 -1.785272 0.5191973 -1.13601 -1.728017 0.5412165 -1.082999 -1.683115 0.535854 -1.024229 -1.662598 0.5045467 -0.9754474 -1.671962 0.4556833 -0.9497241 -1.708699 0.4023563 -0.8463747 -1.956816 0.6276033 -0.8823037 -2.008877 0.598383 -0.9431896 -2.039587 0.5840718 -1.012717 -2.04072 0.5885043 -1.072257 -2.011971 0.610493 -1.105856 -1.961043 0.644146 -1.10451 -1.901582 0.6804459 -1.068581 -1.849522 0.7096664 -1.007696 -1.81881 0.7239778 -0.9381678 -1.817677 0.719545 -0.8786275 -1.846427 0.6975563 -0.8450288 -1.897355 0.6639033 -0.8463747 -1.956816 0.6276033 -3.433354 -3.642868 -2.89222e-4 -3.469059 -3.642027 0.05953949 -3.528273 -3.630212 0.09431171 -3.59513 -3.610589 0.0947107 -3.651715 -3.588417 0.0606293 -3.682867 -3.569636 0.001199305 -3.680237 -3.55928 -0.06765431 -3.644532 -3.560121 -0.1274831 -3.585318 -3.571935 -0.1622555 -3.518461 -3.591559 -0.1626545 -3.461876 -3.613731 -0.128573 -3.430724 -3.632511 -0.06914311 -3.426467 -3.383241 0.02504187 -3.462473 -3.391697 0.08409351 -3.522511 -3.405285 0.1167421 -3.590492 -3.420361 0.1142403 -3.648202 -3.432889 0.07725781 -3.680177 -3.439511 0.01570439 -3.677849 -3.438451 -0.05392688 -3.641842 -3.429995 -0.1129781 -3.581804 -3.416408 -0.1456267 -3.513824 -3.40133 -0.1431251 -3.456114 -3.388803 -0.1061426 -3.424139 -3.382182 -0.04458916 -3.487441 -3.079159 0.02814 -3.519237 -3.095922 0.08783149 -3.56777 -3.132204 0.1222294 -3.620037 -3.178282 0.1221163 -3.662032 -3.221811 0.08752292 -3.682502 -3.251127 0.02771836 -3.675963 -3.258376 -0.04127264 -3.644168 -3.241612 -0.1009642 -3.595634 -3.20533 -0.1353617 -3.543369 -3.159252 -0.1352491 -3.501373 -3.115722 -0.1006556 -3.480902 -3.086407 -0.04085105 -3.770876 -2.889196 -0.04224795 -3.795078 -2.911048 0.01932966 -3.822862 -2.961237 0.05888015 -3.846785 -3.026312 0.06580597 -3.860436 -3.088837 0.03825134 -3.860157 -3.132059 -0.01640021 -3.846024 -3.144397 -0.08350527 -3.821822 -3.122544 -0.1450826 -3.794039 -3.072356 -0.1846334 -3.770116 -3.00728 -0.1915591 -3.756465 -2.944755 -0.1640046 -3.756743 -2.901533 -0.109353 -4.939285 -2.818696 -0.374485 -4.954543 -2.841058 -0.310281 -4.957894 -2.892637 -0.2635549 -4.948439 -2.959613 -0.2468262 -4.928713 -3.024039 -0.2645785 -4.904001 -3.068653 -0.3120542 -4.880923 -3.081501 -0.3765325 -4.865666 -3.059139 -0.4407367 -4.862316 -3.007559 -0.4874632 -4.871771 -2.940582 -0.5041916 -4.891497 -2.876156 -0.4864396 -4.916209 -2.831542 -0.4389638 -5.233965 -2.97573 -0.4738819 -5.241328 -2.993885 -0.4070144 -5.223105 -3.033969 -0.3530117 -5.184183 -3.085242 -0.3263437 -5.134989 -3.133965 -0.334156 -5.088705 -3.167083 -0.3743555 -5.057733 -3.175722 -0.4361708 -5.050371 -3.157567 -0.5030384 -5.068593 -3.117483 -0.5570411 -5.107514 -3.066211 -0.583709 -5.156709 -3.017488 -0.5758965 -5.202992 -2.984369 -0.5356971 -5.314416 -3.272669 -0.5210283 -5.317046 -3.283025 -0.4521747 -5.285894 -3.301806 -0.3927448 -5.22931 -3.323979 -0.3586634 -5.162452 -3.343601 -0.3590623 -5.103238 -3.355417 -0.3938344 -5.067533 -3.356257 -0.4536633 -5.064904 -3.345901 -0.5225173 -5.096055 -3.32712 -0.5819472 -5.15264 -3.304948 -0.6160287 -5.219497 -3.285325 -0.6156296 -5.278712 -3.27351 -0.5808574 -5.321304 -3.532295 -0.54636 -5.323631 -3.533355 -0.4767286 -5.291657 -3.526734 -0.4151754 -5.233946 -3.514206 -0.3781926 -5.165966 -3.499129 -0.375691 -5.105928 -3.485542 -0.4083397 -5.069921 -3.477086 -0.4673911 -5.067594 -3.476026 -0.5370223 -5.099568 -3.482648 -0.5985758 -5.157278 -3.495176 -0.635558 -5.22526 -3.510253 -0.63806 -5.285297 -3.523839 -0.6054113 -5.260329 -3.836378 -0.549458 -5.266868 -3.82913 -0.4804667 -5.246397 -3.799814 -0.4206622 -5.204402 -3.756286 -0.3860688 -5.152136 -3.710207 -0.3859559 -5.103602 -3.673925 -0.4203536 -5.071806 -3.657162 -0.4800451 -5.065268 -3.66441 -0.5490363 -5.085739 -3.693726 -0.6088408 -5.127734 -3.737255 -0.6434344 -5.18 -3.783334 -0.6435472 -5.228534 -3.819616 -0.6091493 -4.976894 -4.026342 -0.47907 -4.991027 -4.014004 -0.4119649 -4.991305 -3.970782 -0.3573131 -4.977654 -3.908257 -0.3297585 -4.953731 -3.843182 -0.3366844 -4.925947 -3.792993 -0.3762348 -4.901746 -3.77114 -0.4378126 -4.887612 -3.783478 -0.5049174 -4.887334 -3.8267 -0.5595692 -4.900985 -3.889226 -0.5871238 -4.924909 -3.954301 -0.580198 -4.952693 -4.004489 -0.5406476 -3.808485 -4.096842 -0.1468324 -3.831562 -4.083995 -0.08235406 -3.856274 -4.039381 -0.03487831 -3.875999 -3.974955 -0.01712608 -3.885455 -3.907978 -0.0338546 -3.882104 -3.856399 -0.08058089 -3.866846 -3.834036 -0.1447851 -3.84377 -3.846883 -0.2092636 -3.819057 -3.891497 -0.2567394 -3.799331 -3.955924 -0.2744914 -3.789876 -4.0229 -0.2577631 -3.793228 -4.07448 -0.2110368 -3.513805 -3.939807 -0.04743582 -3.544777 -3.931167 0.01437926 -3.591062 -3.898049 0.05457866 -3.640256 -3.849326 0.0623911 -3.679179 -3.798053 0.03572291 -3.697401 -3.757969 -0.01827973 -3.690039 -3.739815 -0.0851472 -3.659066 -3.748454 -0.1469622 -3.612782 -3.781572 -0.1871618 -3.563587 -3.830295 -0.1949741 -3.524665 -3.881568 -0.1683061 -3.506443 -3.921652 -0.1143035 -3.513805 -3.939807 -0.04743582 -3.297388 -1.641086 0.2441018 -3.237179 -1.674604 0.2337833 -3.202316 -1.733726 0.2217733 -3.202142 -1.80261 0.2112894 -3.236702 -1.8628 0.2051413 -3.296738 -1.898167 0.204976 -3.366161 -1.899234 0.2108379 -3.42637 -1.865717 0.2211563 -3.461232 -1.806595 0.2331666 -3.461406 -1.73771 0.2436501 -3.426845 -1.67752 0.2497986 -3.366811 -1.642153 0.2499637 -3.289458 -1.744903 0.483381 -3.229402 -1.774754 0.464479 -3.194959 -1.823858 0.4290181 -3.195358 -1.87906 0.3865004 -3.230492 -1.925565 0.3483179 -3.290946 -1.950914 0.324702 -3.360523 -1.948315 0.3219806 -3.420578 -1.918464 0.3408829 -3.455021 -1.869359 0.3763433 -3.454622 -1.814159 0.4188614 -3.419488 -1.767653 0.4570436 -3.359034 -1.742304 0.4806594 -3.305564 -1.928704 0.7326819 -3.244387 -1.951237 0.7080938 -3.206878 -1.98035 0.6570971 -3.20309 -2.00824 0.5933569 -3.234036 -2.027436 0.5339525 -3.291425 -2.032793 0.4948006 -3.35988 -2.022877 0.4863926 -3.421057 -2.000343 0.5109812 -3.458566 -1.97123 0.5619778 -3.462354 -1.94334 0.6257181 -3.431408 -1.924144 0.6851226 -3.374018 -1.918787 0.7242743 -3.383823 -2.264889 0.7799226 -3.320549 -2.278414 0.7540683 -3.277312 -2.282916 0.6996133 -3.265697 -2.277188 0.6311493 -3.288818 -2.262765 0.5670208 -3.340478 -2.243512 0.5244109 -3.406835 -2.224587 0.5147369 -3.47011 -2.211061 0.5405911 -3.513347 -2.20656 0.5950461 -3.524962 -2.212288 0.6635101 -3.501841 -2.22671 0.7276387 -3.450181 -2.245964 0.7702488 -3.701118 -3.349045 0.3277458 -3.635334 -3.354286 0.3053858 -3.585238 -3.336154 0.2604769 -3.564256 -3.299507 0.2050529 -3.57801 -3.254165 0.1539642 -3.622812 -3.212278 0.1209002 -3.68666 -3.185069 0.1147204 -3.752444 -3.179828 0.1370805 -3.802539 -3.19796 0.1819896 -3.823521 -3.234607 0.2374138 -3.809768 -3.279948 0.288502 -3.764965 -3.321836 0.3215662 -3.785107 -3.54839 0.05464583 -3.717072 -3.548289 0.03960311 -3.660829 -3.515564 0.01468658 -3.631448 -3.458983 -0.01342755 -3.636802 -3.393707 -0.03720587 -3.675457 -3.337227 -0.0502777 -3.737053 -3.304675 -0.04913955 -3.805088 -3.304776 -0.03409707 -3.861331 -3.337501 -0.009180486 -3.890711 -3.394083 0.01893371 -3.885357 -3.459358 0.04271227 -3.846704 -3.515839 0.05578362 -3.811138 -3.495177 -0.2508996 -3.741715 -3.494109 -0.2567616 -3.681681 -3.458743 -0.2565961 -3.647119 -3.398553 -0.2504478 -3.647294 -3.329668 -0.2399642 -3.682156 -3.270546 -0.227954 -3.742365 -3.237028 -0.2176353 -3.811788 -3.238096 -0.2117733 -3.871823 -3.273463 -0.2119386 -3.906383 -3.333653 -0.2180868 -3.90621 -3.402537 -0.2285708 -3.871347 -3.46166 -0.2405807 -3.819068 -3.39136 -0.4901785 -3.749492 -3.393959 -0.4874569 -3.689037 -3.368609 -0.4638412 -3.653904 -3.322104 -0.4256588 -3.653505 -3.266903 -0.3831412 -3.687947 -3.217798 -0.3476802 -3.748003 -3.187947 -0.3287782 -3.817579 -3.185348 -0.3314995 -3.878034 -3.210698 -0.3551156 -3.913168 -3.257203 -0.3932978 -3.913567 -3.312404 -0.4358156 -3.879124 -3.361509 -0.4712764 -3.802961 -3.207558 -0.7394799 -3.734507 -3.217475 -0.7310717 -3.677118 -3.212119 -0.6919202 -3.646171 -3.192923 -0.6325159 -3.64996 -3.165031 -0.5687754 -3.687468 -3.13592 -0.517779 -3.748646 -3.113387 -0.4931904 -3.817101 -3.103469 -0.5015985 -3.874489 -3.108827 -0.5407502 -3.905436 -3.128022 -0.6001547 -3.901647 -3.155913 -0.6638949 -3.864139 -3.185025 -0.7148916 -3.724702 -2.871374 -0.7867203 -3.658344 -2.890299 -0.7770463 -3.606684 -2.909552 -0.7344363 -3.583564 -2.923975 -0.6703082 -3.595179 -2.929702 -0.601844 -3.638416 -2.9252 -0.5473887 -3.70169 -2.911675 -0.5215345 -3.768048 -2.892751 -0.5312083 -3.819708 -2.873497 -0.5738184 -3.842828 -2.859074 -0.6379468 -3.831214 -2.853347 -0.7064113 -3.787976 -2.857849 -0.760866 -3.407409 -1.787218 -0.3345438 -3.343561 -1.814427 -0.3283639 -3.298758 -1.856315 -0.2952998 -3.285006 -1.901656 -0.2442113 -3.305987 -1.938303 -0.1887871 -3.356081 -1.956435 -0.1438783 -3.421866 -1.951194 -0.1215181 -3.485714 -1.923985 -0.1276979 -3.530516 -1.882097 -0.1607618 -3.544269 -1.836756 -0.2118502 -3.523288 -1.80011 -0.2672744 -3.473193 -1.781977 -0.3121833 -3.323419 -1.587873 -0.06144344 -3.261822 -1.620424 -0.0625813 -3.223168 -1.676905 -0.04950976 -3.217814 -1.74218 -0.0257312 -3.247195 -1.798762 0.002382934 -3.303438 -1.831487 0.0272994 -3.371473 -1.831588 0.04234194 -3.43307 -1.799036 0.04348009 -3.471724 -1.742556 0.0304085 -3.477078 -1.67728 0.006629765 -3.447697 -1.620699 -0.02148425 -3.391455 -1.587974 -0.04640096 -3.323419 -1.587873 -0.06144344 -4.815174 -3.358682 -0.2605736 -4.877724 -3.331854 -0.2754964 -4.941891 -3.339272 -0.3016258 -4.990478 -3.378947 -0.3319606 -5.010468 -3.440248 -0.3583725 -4.996505 -3.506751 -0.3737854 -4.952329 -3.560633 -0.3740668 -4.889778 -3.587462 -0.3591449 -4.825612 -3.580044 -0.3330157 -4.777024 -3.54037 -0.3026801 -4.757034 -3.479068 -0.2762681 -4.770998 -3.412566 -0.260856 -4.768658 -3.337077 -0.516435 -4.832993 -3.31095 -0.5222216 -4.902033 -3.320286 -0.5233904 -4.957279 -3.36258 -0.5196291 -4.983927 -3.426501 -0.5119444 -4.974838 -3.49492 -0.5023959 -4.932446 -3.549506 -0.4935432 -4.868111 -3.575632 -0.4877562 -4.79907 -3.566296 -0.4865866 -4.743825 -3.524003 -0.4903488 -4.717176 -3.460082 -0.498033 -4.726265 -3.391662 -0.507581 -4.753075 -3.374203 -0.8239606 -4.816255 -3.344967 -0.821022 -4.882136 -3.345802 -0.7983533 -4.933069 -3.376486 -0.7620288 -4.955404 -3.428796 -0.7217823 -4.943157 -3.488717 -0.6883958 -4.899609 -3.540191 -0.6708162 -4.83643 -3.569428 -0.6737558 -4.770547 -3.568592 -0.6964238 -4.719616 -3.537909 -0.7327483 -4.697281 -3.485599 -0.7729961 -4.709527 -3.425678 -0.8063812 -4.894371 -3.6015 -1.047003 -4.953763 -3.566173 -1.03809 -5.009303 -3.550369 -0.9990919 -5.046105 -3.558323 -0.9404629 -5.054311 -3.587904 -0.8779121 -5.03172 -3.631185 -0.8281984 -4.984386 -3.676569 -0.8046431 -4.924993 -3.711895 -0.8135581 -4.869454 -3.7277 -0.8525544 -4.832651 -3.719746 -0.9111832 -4.824446 -3.690165 -0.9737347 -4.847037 -3.646884 -1.023449 -5.605539 -4.56448 -1.264808 -5.659532 -4.521716 -1.254267 -5.700314 -4.485592 -1.210829 -5.716955 -4.465787 -1.14613 -5.705002 -4.46761 -1.07751 -5.667654 -4.490571 -1.023353 -5.614918 -4.528516 -0.9981706 -5.560926 -4.571281 -1.008712 -5.520146 -4.607406 -1.052152 -5.503502 -4.62721 -1.11685 -5.515456 -4.625388 -1.185471 -5.552805 -4.602427 -1.239627 -5.813416 -4.817972 -1.146888 -5.861838 -4.768416 -1.139506 -5.887402 -4.713734 -1.104699 -5.883258 -4.668581 -1.051793 -5.850515 -4.645053 -0.9949647 -5.797949 -4.649457 -0.9494403 -5.739645 -4.680612 -0.9274189 -5.691223 -4.730169 -0.9348003 -5.665659 -4.784851 -0.9696073 -5.669804 -4.830004 -1.022513 -5.702545 -4.85353 -1.079341 -5.755111 -4.849126 -1.124866 -5.913156 -4.90047 -0.8638449 -5.957333 -4.846588 -0.8635633 -5.971296 -4.780086 -0.8481511 -5.951306 -4.718785 -0.8217387 -5.902719 -4.67911 -0.7914041 -5.838552 -4.671692 -0.7652743 -5.776001 -4.69852 -0.750352 -5.731825 -4.752404 -0.7506334 -5.717861 -4.818906 -0.7660456 -5.737852 -4.880208 -0.7924584 -5.78644 -4.919881 -0.8227931 -5.850605 -4.927299 -0.8489227 -5.959673 -4.922078 -0.6079849 -6.002065 -4.867492 -0.6168383 -6.011154 -4.799072 -0.6263866 -5.984506 -4.735151 -0.6340705 -5.92926 -4.692857 -0.6378324 -5.860219 -4.683522 -0.6366627 -5.795884 -4.709647 -0.6308755 -5.753492 -4.764234 -0.6220231 -5.744404 -4.832653 -0.612474 -5.771051 -4.896574 -0.6047899 -5.826297 -4.938867 -0.6010289 -5.895338 -4.948204 -0.6021984 -5.975256 -4.884951 -0.3004586 -6.018804 -4.833476 -0.3180375 -6.03105 -4.773556 -0.3514236 -6.008715 -4.721245 -0.3916702 -5.957783 -4.690561 -0.4279947 -5.8919 -4.689726 -0.4506631 -5.828721 -4.718962 -0.453602 -5.785173 -4.770438 -0.4360231 -5.772926 -4.830358 -0.402637 -5.795261 -4.882668 -0.3623895 -5.846194 -4.913352 -0.3260654 -5.912076 -4.914187 -0.3033965 -5.833961 -4.657654 -0.07741463 -5.881294 -4.61227 -0.1009702 -5.903885 -4.568988 -0.1506837 -5.895679 -4.539409 -0.2132356 -5.858876 -4.531454 -0.2718644 -5.803338 -4.547258 -0.3108611 -5.743945 -4.582585 -0.3197767 -5.69661 -4.627969 -0.2962207 -5.67402 -4.67125 -0.2465074 -5.682225 -4.700831 -0.1839554 -5.719027 -4.708785 -0.1253263 -5.774567 -4.692981 -0.08632969 -5.122791 -3.694674 0.1403906 -5.175526 -3.656727 0.1152086 -5.212874 -3.633767 0.06105196 -5.224829 -3.631943 -0.007569015 -5.208185 -3.651748 -0.07226741 -5.167404 -3.687873 -0.1157067 -5.113413 -3.730637 -0.1262475 -5.060677 -3.768584 -0.1010664 -5.023329 -3.791545 -0.04690951 -5.011374 -3.793367 0.02171188 -5.028018 -3.773563 0.08640974 -5.068799 -3.737439 0.129849 -4.914914 -3.441181 0.02246904 -4.973219 -3.410027 4.46404e-4 -5.025785 -3.405624 -0.0450778 -5.058527 -3.42915 -0.1019061 -5.062672 -3.474304 -0.1548121 -5.037108 -3.528985 -0.1896191 -4.988687 -3.578542 -0.1970006 -4.930381 -3.609696 -0.1749793 -4.877815 -3.614101 -0.1294549 -4.845074 -3.590574 -0.07262623 -4.840929 -3.54542 -0.01971995 -4.866493 -3.490739 0.01508706 -4.914914 -3.441181 0.02246904 -5.481618 -4.457203 -0.5266851 -5.477074 -4.452445 -0.5960514 -5.505036 -4.462003 -0.6591534 -5.558013 -4.483319 -0.6990807 -5.621807 -4.510679 -0.7051364 -5.679328 -4.536753 -0.6756985 -5.715159 -4.554553 -0.618652 -5.719703 -4.559313 -0.5492857 -5.69174 -4.549755 -0.4861844 -5.638765 -4.528439 -0.446256 -5.57497 -4.501079 -0.4402006 -5.517449 -4.475005 -0.4696391 -5.439429 -4.712167 -0.5628676 -5.436366 -4.698265 -0.6310759 -5.46838 -4.682842 -0.691012 -5.526888 -4.670033 -0.726617 -5.596215 -4.663269 -0.7283495 -5.657785 -4.664362 -0.6957466 -5.695101 -4.673022 -0.6375427 -5.698161 -4.686923 -0.5693343 -5.666148 -4.702345 -0.5093972 -5.60764 -4.715155 -0.4737926 -5.538312 -4.721918 -0.4720597 -5.476743 -4.720825 -0.5046627 -5.46169 -5.015638 -0.622892 -5.455523 -4.993294 -0.6886028 -5.479047 -4.954812 -0.7417122 -5.525963 -4.910501 -0.7679921 -5.583695 -4.872236 -0.7603996 -5.636778 -4.850267 -0.72097 -5.670986 -4.850483 -0.6602665 -5.677155 -4.872828 -0.5945578 -5.653629 -4.911311 -0.541447 -5.606716 -4.955621 -0.5151679 -5.548982 -4.993888 -0.52276 -5.495899 -5.015855 -0.5621896 -5.717835 -5.220026 -0.7411819 -5.704803 -5.192207 -0.803722 -5.709578 -5.13876 -0.8481726 -5.730878 -5.07401 -0.8626233 -5.762997 -5.015306 -0.8432021 -5.797328 -4.978377 -0.7951126 -5.824673 -4.973116 -0.7312404 -5.837704 -5.000937 -0.6687003 -5.832931 -5.054382 -0.6242495 -5.81163 -5.119132 -0.6097985 -5.77951 -5.177837 -0.6292202 -5.74518 -5.214767 -0.6773097 -6.85852 -5.359236 -1.141169 -6.836708 -5.330372 -1.200718 -6.817493 -5.274073 -1.236998 -6.806021 -5.205425 -1.240285 -6.805368 -5.142821 -1.209701 -6.81571 -5.103037 -1.15344 -6.834273 -5.096732 -1.086576 -6.856086 -5.125597 -1.027027 -6.875302 -5.181897 -0.9907489 -6.886773 -5.250545 -0.9874608 -6.887425 -5.313149 -1.018045 -6.877085 -5.352933 -1.074307 -7.169989 -5.222382 -1.216229 -7.139831 -5.197184 -1.273766 -7.097815 -5.150904 -1.304551 -7.055196 -5.09594 -1.300333 -7.023397 -5.047022 -1.262243 -7.010938 -5.017257 -1.200487 -7.021156 -5.014619 -1.131613 -7.051314 -5.039817 -1.074074 -7.093331 -5.086098 -1.04329 -7.13595 -5.141062 -1.047509 -7.167748 -5.18998 -1.085598 -7.180208 -5.219746 -1.147354 -7.288078 -4.934803 -1.201378 -7.252248 -4.917003 -1.258424 -7.194728 -4.890929 -1.287863 -7.130933 -4.863568 -1.281807 -7.077957 -4.842253 -1.241879 -7.049994 -4.832695 -1.178777 -7.054538 -4.837454 -1.109411 -7.090371 -4.855255 -1.052365 -7.147891 -4.881329 -1.022926 -7.211685 -4.908689 -1.028982 -7.264661 -4.930004 -1.06891 -7.292623 -4.939563 -1.132011 -7.33027 -4.679841 -1.165196 -7.292954 -4.671183 -1.2234 -7.231385 -4.670089 -1.256004 -7.162057 -4.676853 -1.254271 -7.103549 -4.689662 -1.218666 -7.071535 -4.705084 -1.158729 -7.074597 -4.718986 -1.09052 -7.111913 -4.727644 -1.032317 -7.173482 -4.728737 -0.9997137 -7.242809 -4.721974 -1.001446 -7.301317 -4.709165 -1.037051 -7.333332 -4.693743 -1.096988 -7.308007 -4.376369 -1.105171 -7.273797 -4.376152 -1.165873 -7.220716 -4.39812 -1.205303 -7.162982 -4.436386 -1.212896 -7.116067 -4.480697 -1.186616 -7.092543 -4.519179 -1.133506 -7.09871 -4.541523 -1.067796 -7.132919 -4.54174 -1.007094 -7.186002 -4.519772 -0.9676633 -7.243735 -4.481507 -0.960071 -7.29065 -4.437196 -0.9863509 -7.314174 -4.398713 -1.039461 -7.051863 -4.171981 -0.9868814 -7.024518 -4.177241 -1.050754 -6.990186 -4.21417 -1.098843 -6.958068 -4.272875 -1.118264 -6.936767 -4.337625 -1.103813 -6.931994 -4.39107 -1.059363 -6.945024 -4.41889 -0.9968236 -6.97237 -4.413631 -0.9329501 -7.0067 -4.376701 -0.8848615 -7.038819 -4.317996 -0.8654396 -7.06012 -4.253247 -0.8798907 -7.064894 -4.199801 -0.9243414 -5.911178 -4.032769 -0.5868938 -5.892614 -4.039074 -0.653757 -5.882273 -4.078858 -0.7100179 -5.882924 -4.141462 -0.7406023 -5.894396 -4.210111 -0.7373146 -5.913611 -4.26641 -0.701036 -5.935424 -4.295274 -0.6414867 -5.953987 -4.288971 -0.5746235 -5.96433 -4.249187 -0.5183622 -5.963677 -4.186582 -0.4877778 -5.952206 -4.117934 -0.4910661 -5.932991 -4.061635 -0.5273451 -5.599708 -4.169625 -0.5118341 -5.58949 -4.172263 -0.5807087 -5.601949 -4.202028 -0.6424648 -5.633749 -4.250946 -0.6805549 -5.676367 -4.30591 -0.6847732 -5.718384 -4.35219 -0.6539891 -5.748542 -4.377388 -0.5964513 -5.75876 -4.374751 -0.5275769 -5.746301 -4.344985 -0.4658207 -5.714502 -4.296068 -0.4277309 -5.671884 -4.241105 -0.4235121 -5.629867 -4.194823 -0.4542964 -5.599708 -4.169625 -0.5118341 -0.2415542 -0.811539 1.138471 -0.2575919 -0.8466233 1.196496 -0.2899755 -0.8997308 1.227896 -0.3300265 -0.9566314 1.224257 -0.3670148 -1.002079 1.186555 -0.3910283 -1.023895 1.124891 -0.3956324 -1.016235 1.055788 -0.3795952 -0.9811511 0.9977629 -0.3472117 -0.9280431 0.966363 -0.3071605 -0.8711427 0.9700015 -0.2701722 -0.8256952 1.007704 -0.2461587 -0.803879 1.069368 -0.4862472 -0.7217122 1.150798 -0.4935478 -0.7600686 1.208509 -0.5020601 -0.8221155 1.23905 -0.509504 -0.8912277 1.234238 -0.513884 -0.9488859 1.195363 -0.5140268 -0.9796422 1.13284 -0.5098946 -0.9752541 1.063423 -0.5025939 -0.9368972 1.005712 -0.4940809 -0.8748505 0.9751707 -0.486638 -0.8057389 0.9799824 -0.482257 -0.7480798 1.018859 -0.4821142 -0.7173241 1.081381 -0.7933514 -0.6811039 1.135594 -0.7914903 -0.718181 1.194559 -0.7749731 -0.7767341 1.228526 -0.7482247 -0.8410735 1.228394 -0.7184133 -0.8939599 1.194198 -0.6935262 -0.921222 1.135101 -0.6802318 -0.9155551 1.066938 -0.6820931 -0.8784776 1.007973 -0.6986105 -0.8199243 0.9740062 -0.7253589 -0.7555848 0.9741383 -0.7551701 -0.7026989 1.008334 -0.7800571 -0.6754368 1.067432 -1.059495 -0.8858829 1.042806 -1.050502 -0.9174734 1.104257 -1.014501 -0.9610353 1.145017 -0.9611394 -1.004897 1.154163 -0.9047136 -1.037305 1.129246 -0.8603434 -1.049576 1.076941 -0.8399178 -1.038422 1.011265 -0.8489098 -1.006832 0.9498136 -0.8849108 -0.9632697 0.909054 -0.9382729 -0.9194083 0.8999075 -0.994699 -0.8869997 0.9248249 -1.039069 -0.8747289 0.9771291 -1.480675 -1.959439 0.6547096 -1.468493 -1.982805 0.7192132 -1.423777 -2.003896 0.7683118 -1.358509 -2.017061 0.7888505 -1.290177 -2.018773 0.7753249 -1.237092 -2.008573 0.7313598 -1.213476 -1.989194 0.6687352 -1.225659 -1.965829 0.6042318 -1.270375 -1.944738 0.5551331 -1.335642 -1.931572 0.5345948 -1.403974 -1.92986 0.54812 -1.457059 -1.94006 0.5920853 -1.42074 -2.286332 0.5501878 -1.410164 -2.300939 0.6174918 -1.369835 -2.298099 0.6742425 -1.310561 -2.278576 0.705233 -1.248223 -2.247599 0.7021597 -1.199525 -2.213468 0.665846 -1.177515 -2.18533 0.6060221 -1.188092 -2.170724 0.5387183 -1.22842 -2.173563 0.4819678 -1.287695 -2.193087 0.4509773 -1.350033 -2.224064 0.4540506 -1.398731 -2.258194 0.4903644 -1.163062 -2.457232 0.5146619 -1.158457 -2.464893 0.5837644 -1.134444 -2.443076 0.6454284 -1.097456 -2.397629 0.6831308 -1.057404 -2.340728 0.6867694 -1.025021 -2.287621 0.6553692 -1.008983 -2.252536 0.5973442 -1.013588 -2.244877 0.5282415 -1.037601 -2.266693 0.4665776 -1.074589 -2.31214 0.428875 -1.114641 -2.36904 0.4252367 -1.147024 -2.422148 0.4566366 -0.9183692 -2.547059 0.5023339 -0.9225018 -2.551447 0.5717511 -0.9223585 -2.520692 0.6342738 -0.9179782 -2.463032 0.6731498 -0.9105346 -2.393921 0.6779617 -0.9020218 -2.331874 0.6474205 -0.894721 -2.293517 0.5897097 -0.8905889 -2.289129 0.5202926 -0.8907318 -2.319885 0.4577699 -0.8951122 -2.377544 0.4188941 -0.9025557 -2.446656 0.4140821 -0.9110684 -2.508703 0.4446232 -0.6112639 -2.587667 0.517538 -0.6245586 -2.593335 0.5857009 -0.6494457 -2.566073 0.6447981 -0.6792569 -2.513186 0.6789939 -0.7060053 -2.448847 0.6791261 -0.7225229 -2.390294 0.6451591 -0.724384 -2.353216 0.5861943 -0.7110896 -2.34755 0.5180314 -0.6862025 -2.374811 0.4589345 -0.6563909 -2.427697 0.4247385 -0.6296427 -2.492037 0.4246063 -0.613125 -2.55059 0.458573 -0.3451208 -2.382889 0.6103264 -0.3655468 -2.394043 0.6760032 -0.4099168 -2.381771 0.7283078 -0.4663426 -2.349364 0.7532249 -0.5197052 -2.305502 0.7440783 -0.555706 -2.261939 0.7033188 -0.5646982 -2.230349 0.6418676 -0.5442728 -2.219195 0.5761908 -0.4999024 -2.231466 0.5238862 -0.4434763 -2.263874 0.4989695 -0.3901135 -2.307736 0.5081158 -0.3541132 -2.351298 0.5488755 0.07605892 -1.309333 0.9984225 0.05244332 -1.328712 1.061047 -6.42472e-4 -1.338912 1.105012 -0.06897348 -1.3372 1.118538 -0.1342415 -1.324034 1.097999 -0.1789574 -1.302943 1.0489 -0.1911394 -1.279577 0.984397 -0.1675242 -1.260198 0.9217724 -0.1144382 -1.249999 0.8778076 -0.04610717 -1.251711 0.864282 0.01916056 -1.264877 0.8848201 0.06387645 -1.285968 0.933919 0.01612454 -0.9824395 1.102944 -0.005885004 -1.010577 1.162768 -0.05458343 -1.044708 1.199082 -0.1169211 -1.075685 1.202155 -0.1761958 -1.095209 1.171165 -0.2165238 -1.098047 1.114414 -0.2271003 -1.083441 1.04711 -0.2050909 -1.055303 0.9872865 -0.1563929 -1.021173 0.9509727 -0.09405463 -0.990196 0.9478994 -0.03478038 -0.9706721 0.9788899 0.005548059 -0.9678331 1.03564 0.01612454 -0.9824395 1.102944 0.0916813 -0.5350033 0.8104063 0.05631333 -0.5034626 0.8303192 0.02636128 -0.4893163 0.869625 0.009850084 -0.4963551 0.9177917 0.01120382 -0.5226923 0.9619129 0.03006011 -0.5612716 0.9901667 0.06136661 -0.6017552 0.9949826 0.09673386 -0.6332958 0.9750697 0.1266866 -0.6474419 0.9357641 0.143198 -0.6404033 0.8875974 0.1418438 -0.6140658 0.8434761 0.1229876 -0.5754867 0.8152221 -0.3770477 -0.8455445 0.6701185 -0.4152612 -0.8164016 0.6883569 -0.4370149 -0.7907261 0.7272125 -0.4364811 -0.7753983 0.7762733 -0.413802 -0.7745246 0.8223938 -0.3750552 -0.7883398 0.8532159 -0.3306223 -0.8131417 0.8604811 -0.2924093 -0.8422846 0.8422424 -0.270655 -0.86796 0.8033871 -0.2711893 -0.8832879 0.7543263 -0.2938682 -0.8841613 0.7082059 -0.332615 -0.8703464 0.6773837 -0.4862884 -1.039146 0.7991131 -0.5215747 -1.004816 0.8138951 -0.5353317 -0.964968 0.8433075 -0.5238735 -0.9302797 0.8794687 -0.4902707 -0.9100462 0.9126898 -0.4435266 -0.9096887 0.9340689 -0.3961667 -0.9293029 0.9378777 -0.3608807 -0.9636335 0.9230956 -0.3471238 -1.003481 0.8936834 -0.3585817 -1.038169 0.857522 -0.3921846 -1.058403 0.8243011 -0.4389285 -1.058761 0.8029219 -0.5351591 -1.159167 1.021063 -0.5691356 -1.121621 1.029898 -0.5793149 -1.072987 1.043062 -0.5629701 -1.026296 1.057028 -0.5244801 -0.9940605 1.068054 -0.4741582 -0.9849169 1.073186 -0.4254888 -1.001316 1.071047 -0.3915128 -1.038861 1.062212 -0.381333 -1.087496 1.049048 -0.397678 -1.134186 1.035082 -0.4361678 -1.166422 1.024056 -0.4864894 -1.175565 1.018924 -0.5105645 -1.173447 1.276495 -0.5452001 -1.135518 1.278486 -0.5571801 -1.085839 1.272952 -0.5432944 -1.03772 1.261375 -0.5072636 -1.004057 1.246857 -0.4587425 -0.9938674 1.23329 -0.4107324 -1.009883 1.224307 -0.3760969 -1.047812 1.222316 -0.364117 -1.097491 1.227851 -0.3780023 -1.14561 1.239428 -0.4140331 -1.179273 1.253945 -0.4625539 -1.189463 1.267513 -0.4190949 -1.07816 1.496969 -0.4561814 -1.042784 1.493052 -0.4748575 -1.00008 1.471378 -0.4701184 -0.9614906 1.437754 -0.443235 -0.9373553 1.401189 -0.4014102 -0.9341418 1.371481 -0.3558506 -0.9527106 1.356591 -0.3187639 -0.9880867 1.360508 -0.3000881 -1.030791 1.382182 -0.3048266 -1.06938 1.415807 -0.3317102 -1.093515 1.452371 -0.3735353 -1.096729 1.482079 -0.04562371 -0.8373448 1.646412 -0.07692998 -0.7968615 1.641596 -0.09578627 -0.7582821 1.613342 -0.09714049 -0.7319447 1.569221 -0.08062928 -0.7249062 1.521054 -0.05067694 -0.7390525 1.481748 -0.01530897 -0.7705926 1.461835 0.01599723 -0.8110765 1.466651 0.03485345 -0.8496556 1.494905 0.03620767 -0.875993 1.539027 0.01969623 -0.8830316 1.587193 -0.01025623 -0.8688855 1.626499 0.3005391 -0.6844013 0.3428972 0.2453469 -0.5192261 0.3511275 0.1814799 -0.362083 0.3914259 0.1113935 -0.2190116 0.4622437 0.03778034 -0.09550952 0.5608597 -0.03653013 0.00367707 0.683484 -0.1086823 0.07473677 0.8254044 -0.1759039 0.114938 0.9811666 -0.2356113 0.1227364 1.144785 -0.2855095 0.09783262 1.309972 -0.323682 0.04118269 1.470379 -0.3486608 -0.04503583 1.619842 -0.3594869 -0.1575091 1.752618 -0.3557433 -0.2919155 1.863603 0.009829103 -0.7313454 1.182169 -0.3375746 -0.4430898 1.948533 -0.3056787 -0.6052224 2.004143 -0.2612814 -0.7720823 2.028297 -0.2060889 -0.9372576 2.020067 -0.1422221 -1.094401 1.979768 -0.07213562 -1.237473 1.908951 0.001477241 -1.360975 1.810334 0.07578808 -1.460161 1.68771 0.1479404 -1.53122 1.545789 0.215162 -1.571422 1.390027 0.2748695 -1.57922 1.226409 0.3247677 -1.554316 1.061222 0.3629401 -1.497666 0.9008144 0.3879188 -1.411447 0.7513512 0.3987447 -1.298974 0.6185759 0.395001 -1.164567 0.507591 0.3768323 -1.013392 0.4226615 0.3449362 -0.8512599 0.3670513 0.9164692 -0.5063353 0.4580706 0.8565212 -0.3269275 0.4670099 0.7871512 -0.156244 0.5107807 0.7110258 -8.44527e-4 0.5877006 0.6310697 0.1332995 0.6948142 0.550356 0.2410326 0.8280046 0.4719866 0.3182151 0.9821537 0.3989726 0.3618805 1.151337 0.3341206 0.3703505 1.329054 0.2799228 0.343301 1.508474 0.2384613 0.2817704 1.682703 0.2113297 0.1881225 1.845045 0.1995714 0.06595772 1.989261 0.2036371 -0.0800302 2.10981 0.214195 -0.2442134 2.198491 0.2580155 -0.4203337 2.26246 0.3062387 -0.6015713 2.288695 0.3661869 -0.7809791 2.279756 0.4355567 -0.9516624 2.235985 0.5116823 -1.107062 2.159065 0.5916384 -1.241206 2.051951 0.6723524 -1.348939 1.918761 0.7507222 -1.426121 1.764612 0.8237355 -1.469787 1.595428 0.888588 -1.478257 1.417711 0.9427849 -1.451207 1.23829 0.9842468 -1.389676 1.064061 1.011378 -1.296028 0.9017198 1.023136 -1.173863 0.7575036 1.019071 -1.027875 0.6369555 0.9993363 -0.8636742 0.5447079 0.9555155 -0.6875543 0.4807391</float_array>
          <technique_common>
            <accessor source="#Torus_001-mesh-positions-array" count="1164" stride="3">
              <param name="X" type="float"/>
              <param name="Y" type="float"/>
              <param name="Z" type="float"/>
            </accessor>
          </technique_common>
        </source>
        <source id="Torus_001-mesh-normals">
          <float_array id="Torus_001-mesh-normals-array" count="3492">0.7628085 0.5957438 0.251421 0.6441161 0.3073018 0.7004857 0.8817339 0.3897013 0.2658538 0.5450482 0.4787904 0.6882458 0.2331686 0.1447232 0.9616069 0.1837545 0.2325848 0.9550595 -0.2453148 -0.07944196 0.966183 -0.62927 -0.3350979 0.7012336 -0.6478653 -0.3110535 0.6953535 -0.8377767 -0.4863505 0.2481803 -0.8529005 -0.4632874 0.2406775 -0.8227406 -0.5073842 -0.2562404 -0.8330478 -0.4865956 -0.2631657 -0.5925564 -0.407703 -0.694734 -0.6055584 -0.3764826 -0.7011134 -0.1939515 -0.1995061 -0.9605104 -0.2086921 -0.1619668 -0.9644763 0.2632879 0.08444619 -0.9610143 0.2660393 0.08804899 -0.9599326 0.6703794 0.2838568 -0.6855778 0.6227428 0.3639406 -0.6926316 0.892377 0.3849062 -0.235607 0.7954123 0.5530622 -0.2478739 0.1991091 0.7740352 0.6010202 -0.00238043 0.43807 0.8989377 -0.2222729 -0.009003221 0.9749429 -0.2464402 -0.07043761 0.9665949 -0.424003 -0.4555903 0.7827254 -0.5283486 -0.7722276 0.3528631 -0.4692633 -0.862137 -0.1910807 -0.2484289 -0.697188 -0.6724671 0.04702979 -0.3289951 -0.9431599 0.3004006 0.1318125 -0.9446613 0.434166 0.5559986 -0.7087776 0.445488 0.8407414 -0.3077245 -0.2623116 0.9649833 1.52595e-4 0.3575313 0.919327 0.1643453 -0.3560392 0.4528161 0.8174312 -0.2663374 -0.02887076 0.9634475 -0.1032164 -0.5126945 0.8523443 0.2623112 -0.9649819 -0.001678526 0.3480705 -0.3878674 -0.853467 0.07782238 0.5714303 -0.8169524 -0.1060834 0.8789724 -0.4649236 -0.6921488 0.7093312 -0.1333391 -0.3534176 0.8115177 0.4653332 -0.7300818 0.5881062 0.3480111 -0.2863622 -0.03744709 0.9573894 0.09522151 -0.390744 0.9155611 0.4573561 -0.6414461 0.6159322 0.09174031 -0.8614925 0.4994142 0.6914795 -0.7097301 0.1346824 0.724312 -0.5712888 -0.3860067 0.3565881 -0.7878876 -0.5020739 0.5495018 -0.2706155 -0.7904525 0.2441207 0.1113635 -0.9633293 0.2264185 0.09915536 -0.9689701 -0.1500005 0.4351695 -0.8877654 -0.482516 0.6547995 -0.5817354 -0.9595749 0.1317195 -0.2487289 -0.9693686 0.07379442 0.2342623 -0.5849382 0.3185634 0.7458986 -0.7468969 -0.01022392 0.6648613 -0.3310108 -0.07849526 0.9403565 0.1934895 -0.09094613 0.9768781 0.9654368 -0.004333674 0.2606014 0.9557955 0.02588015 -0.2928913 0.1878139 0.06894242 -0.9797821 -0.312947 0.1122508 -0.9431141 -0.7242741 0.1426757 -0.6745893 -0.8817268 -0.3896982 -0.2658822 -0.892377 -0.3849062 0.235607 -0.6703794 -0.2838568 0.6855778 -0.2660393 -0.08804899 0.9599326 0.2086921 0.1619668 0.9644763 0.6784694 -0.05359148 0.7326713 0.6055584 0.3764826 0.7011134 0.8529005 0.4632874 -0.2406775 0.6478653 0.3110535 -0.6953535 0.6605494 0.04260426 -0.7495728 0.2453148 0.07944196 -0.966183 -0.2331975 -0.1447222 -0.9616 -0.6441161 -0.3073018 -0.7004857 -0.795401 -0.5530757 0.2478799 -0.6227428 -0.3639406 0.6926316 -0.2632879 -0.08444619 0.9610143 0.1939515 0.1995061 0.9605104 0.5925564 0.407703 0.694734 0.8330261 0.4866313 0.2631685 0.8227406 0.5073842 0.2562404 0.8377767 0.4863505 -0.2481803 0.62927 0.3350979 -0.7012336 -0.1837545 -0.2325848 -0.9550595 -0.5450482 -0.4787904 -0.6882458 -0.7628085 -0.5957438 -0.251421 -0.445488 -0.8407414 0.3077245 -0.434166 -0.5559986 0.7087776 -0.3004006 -0.1318125 0.9446613 -0.04702979 0.3289951 0.9431599 0.2484289 0.697188 0.6724671 0.4692633 0.862137 0.1910807 0.5283763 0.7722235 -0.3528307 0.424003 0.4555903 -0.7827254 0.2464402 0.07043761 -0.9665949 0.2222729 0.009003221 -0.9749429 0.00238043 -0.43807 -0.8989377 -0.1991091 -0.7740352 -0.6010202 -0.3575313 -0.919327 -0.1643453 0.1060834 -0.8789724 0.4649236 -0.07782435 -0.5714445 0.8169422 -0.3480705 0.3878674 0.853467 -0.2623112 0.9649819 0.001678526 -0.09174031 0.8614925 -0.4994142 0.2663374 0.02887076 -0.9634475 0.3534176 -0.8115177 -0.4653332 0.2623116 -0.9649833 -1.52595e-4 0.482516 -0.6547995 0.5817354 0.1500005 -0.4351695 0.8877654 -0.2264185 -0.09915536 0.9689701 -0.2441207 -0.1113635 0.9633293 -0.5495018 0.2706155 0.7904525 -0.3565881 0.7878876 0.5020739 -0.7243206 0.5712955 0.3859808 -0.6914954 0.7097151 -0.1346795 -0.4573561 0.6414461 -0.6159322 0.1032164 0.5126945 -0.8523443 -0.09522151 0.390744 -0.9155611 0.2863622 0.03744709 -0.9573894 0.3560392 -0.4528161 -0.8174312 0.7300818 -0.5881062 -0.3480111 0.6921488 -0.7093312 0.1333391 0.8436529 -0.5020472 0.1902591 0.7242741 -0.1426757 0.6745893 -0.1878139 -0.06894242 0.9797821 -0.6605494 -0.04260426 0.7495728 -0.9557955 -0.02588015 0.2928913 -0.6784694 0.05359148 -0.7326713 0.3310108 0.07849526 -0.9403565 0.5849382 -0.3185634 -0.7458986 0.7468969 0.01022392 -0.6648613 0.923116 0.2749175 0.2688441 0.312947 -0.1122508 0.9431141 -0.9654369 0.004303157 -0.2606014 -0.1934895 0.09094613 -0.9768781 0.9693686 -0.07379442 -0.2342623 0.6405764 -0.5378473 0.5480714 0.5574375 -0.8252761 0.09045958 0.7924025 -0.482876 0.3727319 0.4309905 -0.8708316 0.2364313 0.1715493 -0.9603221 -0.2198919 0.1080983 -0.9835364 -0.1448127 -0.2614592 -0.8296989 -0.4931926 -0.5866512 -0.4493732 -0.6737241 -0.6088858 -0.4514684 -0.6522533 -0.7504089 0.04513806 -0.6594308 -0.7689946 0.04455816 -0.6377006 -0.7145254 0.5138894 -0.4747327 -0.7279723 0.5132093 -0.4546126 -0.489719 0.8538799 -0.1762512 -0.5076252 0.8488904 -0.1473159 -0.1235716 0.9767016 0.175454 -0.1443859 0.9672122 0.2089339 0.278126 0.8212239 0.498234 0.2802002 0.8185654 0.5014366 0.6353556 0.450865 0.6269322 0.5750061 0.4309265 0.6954641 0.8210772 -0.02270597 0.5703654 0.6972692 -0.06714195 0.7136579 0.04294043 -0.87117 0.4891003 -0.1083726 -0.9934208 0.03701943 -0.2511134 -0.8673913 -0.4296213 -0.2641437 -0.8334489 -0.4853774 -0.3667812 -0.4976786 -0.7859947 -0.4005033 0.02951204 -0.91582 -0.3080932 0.5568262 -0.7713775 -0.1021475 0.9116675 -0.3980305 0.135262 0.9870889 0.08578997 0.3060116 0.7841491 0.5398769 0.3570437 0.3898823 0.8488296 0.3056495 -0.08920753 0.947956 0.1892191 -0.5434252 0.8178541 -0.5028279 -0.7063579 0.4982196 -0.2907245 -0.8447367 -0.4493319 -0.04355132 -0.5712334 -0.8196316 0.4232792 0.3503674 -0.8355103 0.5032042 0.7305128 -0.4616672 0.4386141 0.897798 0.03970474 0.0072636 0.5185248 0.8550319 -0.2385679 0.09488391 0.9664794 -0.423246 -0.3489612 0.8361154 -0.7981631 -0.08444601 0.5964936 -0.8314853 -0.4745066 0.2889217 -0.4563182 -0.8892285 0.03235 -0.3087624 -0.8338752 -0.4575128 0.1288223 -0.6962995 -0.7060963 0.5386312 -0.3605219 -0.7615121 0.2202879 -0.1318432 -0.9664837 0.7975324 0.08343994 -0.5974779 0.8242377 0.5033566 -0.2593539 0.6147501 0.774427 0.1494835 0.2547428 0.8147986 0.5207778 0.2396047 0.8264852 0.5094233 -0.1912929 0.6590573 0.7273587 -0.5668684 0.3265277 0.7563332 -0.9587598 0.2723225 0.08136409 -0.9752494 -0.1466155 -0.165507 -0.6562789 -0.7487207 -0.09335738 -0.3451095 -0.7978597 -0.4942867 0.6518212 -0.7179555 -0.2442727 0.9423519 -0.3332734 0.0300312 0.6691377 0.6041924 0.4326735 -0.2946614 0.8514814 0.4337672 -0.7141798 0.6346772 0.2951816 -0.7924025 0.482876 -0.3727319 -0.8210772 0.02270597 -0.5703654 -0.7567533 -0.5305758 -0.3818558 -0.6353556 -0.450865 -0.6269322 -0.2802002 -0.8185654 -0.5014366 0.1722196 -0.8787686 -0.4450914 0.1443859 -0.9672122 -0.2089339 0.5076274 -0.8488942 0.1472861 0.7689946 -0.04455816 0.6377006 0.9468768 0.1629399 0.2772634 0.6088858 0.4514684 0.6522533 0.2614592 0.8296989 0.4931926 0.2071317 0.8519654 0.4808862 -0.1715493 0.9603221 0.2198919 -0.5574375 0.8252761 -0.09045958 -0.6972692 0.06714195 -0.7136579 -0.5750061 -0.4309265 -0.6954641 -0.278126 -0.8212239 -0.498234 0.1235716 -0.9767016 -0.175454 0.489719 -0.8538799 0.1762512 0.7279723 -0.5132093 0.4546126 0.7145143 -0.5139119 0.4747253 0.7504089 -0.04513806 0.6594308 0.5866512 0.4493732 0.6737241 -0.1080983 0.9835364 0.1448127 -0.4309905 0.8708316 -0.2364313 -0.6405764 0.5378473 -0.5480714 -0.3056495 0.08920753 -0.947956 -0.3570437 -0.3898823 -0.8488296 -0.3060116 -0.7841491 -0.5398769 -0.135262 -0.9870889 -0.08578997 0.1021475 -0.9116675 0.3980305 0.3080932 -0.5568262 0.7713775 0.4005033 -0.02951204 0.91582 0.3667812 0.4976786 0.7859947 0.2641437 0.8334489 0.4853774 0.2511134 0.8673913 0.4296213 0.1083728 0.993422 -0.03698891 -0.04294043 0.87117 -0.4891003 -0.1892191 0.5434252 -0.8178541 0.2385679 -0.09488391 -0.9664794 -0.0072636 -0.5185248 -0.8550319 -0.2547428 -0.8147986 -0.5207778 -0.5032042 -0.7305128 0.4616672 -0.2202879 0.1318432 0.9664837 0.2907245 0.8447367 0.4493319 0.4563182 0.8892285 -0.03235 0.423246 0.3489612 -0.8361154 0.5668684 -0.3265277 -0.7563332 0.1912929 -0.6590573 -0.7273587 -0.2396047 -0.8264852 -0.5094233 -0.6147501 -0.774427 -0.1494835 -0.4386141 -0.897798 -0.03970474 -0.8242377 -0.5033566 0.2593539 -0.4232684 -0.3503584 0.8355195 -0.7975324 -0.08343994 0.5974779 -0.5386312 0.3605219 0.7615121 0.04355132 0.5712334 0.8196316 -0.1288223 0.6962995 0.7060963 0.3087624 0.8338752 0.4575128 0.8314759 0.4745187 -0.288929 0.5028279 0.7063579 -0.4982196 0.7981631 0.08444601 -0.5964936 0.9099301 -0.06329679 -0.4099034 0.7141798 -0.6346772 -0.2951816 -0.2071317 -0.8519654 -0.4808862 -0.6691377 -0.6041924 -0.4326735 -0.9423519 0.3332734 -0.0300312 -0.1722196 0.8787686 0.4450914 0.3451364 0.7978514 0.4942815 0.6562789 0.7487207 0.09335738 0.9752494 0.1466155 0.165507 0.8526606 -0.4451305 0.2735484 0.2946575 -0.8514702 -0.433792 -0.9468768 -0.1629399 -0.2772634 -0.6518212 0.7179555 0.2442727 0.7567533 0.5305758 0.3818558 0.9545761 0.0654329 0.2906943 0.690431 -0.1831444 0.6998308 0.9477637 -0.1717602 0.2687798 0.6960237 0.01434403 0.7178756 0.2482435 -0.1453937 0.9577244 0.2522386 -0.04486274 0.9666246 -0.2767764 -0.08536148 0.9571355 -0.730376 -0.06021356 0.6803861 -0.7334988 -0.02945101 0.6790525 -0.9748003 -0.01016271 0.2228481 -0.9754297 0.01822006 0.2195563 -0.9593021 0.04071223 -0.2794315 -0.957023 0.06457871 -0.2827305 -0.6991574 0.07107847 -0.711426 -0.6937318 0.1050471 -0.7125316 -0.2434836 0.07877045 -0.9667011 -0.2363115 0.1185983 -0.9644124 0.2945715 0.07944148 -0.9523217 0.298784 0.08084565 -0.9508901 0.7381913 -0.006592035 -0.6745594 0.7396605 0.08655208 -0.6673913 0.9679397 -0.105382 -0.2280072 0.9735867 0.08823043 -0.2105811 0.5580443 0.4557438 0.6934581 0.2026143 0.2331941 0.9510878 -0.2205627 -0.0395224 0.9745717 -0.2730571 -0.07727509 0.9588892 -0.6207244 -0.2806215 0.732088 -0.8635269 -0.4272771 0.2678722 -0.8454247 -0.4512024 -0.285786 -0.5579584 -0.3546677 -0.7502621 -0.1063292 -0.1580898 -0.9816831 0.3504856 0.09744864 -0.9314846 0.6798778 0.3485301 -0.6452079 0.8275288 0.5211463 -0.2088125 0.2810505 0.9474049 0.1530839 0.7808582 0.5614879 0.2738466 -0.0887497 0.4420397 0.8925942 -0.2681735 -0.03152644 0.9628548 -0.385829 -0.8473163 0.3649536 -0.2810496 -0.9471575 -0.1546093 -0.09451723 -0.7716416 -0.628996 0.1168897 -0.3778619 -0.9184538 0.2923765 0.1124032 -0.9496744 0.3818511 0.8642312 -0.3275582 -0.2151573 0.9765399 0.00878936 0.1106036 0.7954066 0.5958988 -0.3239356 0.8215282 0.4692092 -0.2895632 -0.0273754 0.9567674 -0.1480204 -0.5165759 0.8433501 -0.3791731 -0.5061644 0.7746132 0.03750735 -0.8703609 0.4909838 0.2143353 -0.9767316 -0.007477164 0.3288471 -0.798633 -0.5040287 0.3481059 -0.3937326 -0.8507627 0.2710677 0.112187 -0.9560003 0.3872866 0.5633814 -0.7298018 0.1238458 0.5782118 -0.8064324 -0.05288946 0.8895078 -0.4538486 -0.7418922 0.6478624 -0.1728304 -0.793641 0.531149 0.2966731 -0.3520368 0.4592196 0.8155903 -0.3486199 -0.03604304 0.936571 0.09076434 -0.3251219 0.9413063 0.8131853 -0.5456535 0.2024646 0.8357982 -0.4314191 -0.3395869 0.2226687 0.1085265 -0.9688347 -0.182319 0.4000703 -0.8981668 -0.5241138 0.5991006 -0.605296 -0.9477587 0.1717898 -0.2687783 -0.9679397 0.105382 0.2280072 -0.6597262 0.2794917 0.6976001 -0.7381913 0.006592035 0.6745594 -0.298784 -0.08084565 0.9508901 0.2363115 -0.1185983 0.9644124 0.5301086 -0.5091729 0.6780324 0.6937318 -0.1050471 0.7125316 0.9754297 -0.01822006 -0.2195563 0.7334988 0.02945101 -0.6790525 0.6053981 -0.1945257 -0.7717856 0.2767764 0.08536148 -0.9571355 -0.2482435 0.1453937 -0.9577244 -0.6904457 0.1831483 -0.6998153 -0.9735867 -0.08823043 0.2105811 -0.7396755 -0.08655387 0.6673744 -0.2945715 -0.07944148 0.9523217 0.2434836 -0.07877045 0.9667011 0.6991726 -0.07108002 0.7114109 0.957023 -0.06457871 0.2827305 0.9593021 -0.04071223 0.2794315 0.9748069 0.01016277 -0.2228191 0.730376 0.06021356 -0.6803861 -0.2522386 0.04486274 -0.9666246 -0.6960237 -0.01434403 -0.7178756 -0.9545761 -0.0654329 -0.2906943 -0.8275288 -0.5211463 0.2088125 -0.6798778 -0.3485301 0.6452079 -0.3504856 -0.09744864 0.9314846 0.1063286 0.1581196 0.9816784 0.5579584 0.3546677 0.7502621 0.8454247 0.4512024 0.285786 0.8635269 0.4272771 -0.2678722 0.6207244 0.2806215 -0.732088 0.2730571 0.07727509 -0.9588892 0.2205627 0.0395224 -0.9745717 -0.2026143 -0.2331941 -0.9510878 -0.5580443 -0.4557438 -0.6934581 -0.7808582 -0.5614879 -0.2738466 -0.3818511 -0.8642312 0.3275582 -0.3872866 -0.5633814 0.7298018 -0.2923775 -0.1123731 0.9496777 0.09451723 0.7716416 0.628996 0.2810496 0.9471575 0.1546093 0.385829 0.8473163 -0.3649536 0.2681735 0.03152644 -0.9628548 0.0887497 -0.4420397 -0.8925942 -0.1106017 -0.795392 -0.5959184 -0.2810505 -0.9474049 -0.1530839 0.05288946 -0.8895078 0.4538486 -0.1238458 -0.5782118 0.8064324 -0.2710677 -0.112187 0.9560003 -0.3481059 0.3937326 0.8507627 -0.1168897 0.3778619 0.9184538 -0.3288391 0.7986441 0.5040165 -0.2143644 0.9767252 0.007477104 -0.03750735 0.8703609 -0.4909838 0.3791731 0.5061644 -0.7746132 0.1480204 0.5165759 -0.8433501 0.2895632 0.0273754 -0.9567674 0.3239356 -0.8215282 -0.4692092 0.2151573 -0.9765399 -0.00878936 0.4510737 -0.8898482 0.06857663 0.5241138 -0.5991006 0.605296 0.182319 -0.4000703 0.8981668 -0.6054016 0.1944963 0.7717902 -0.8357982 0.4314191 0.3395869 -0.5301086 0.5091729 -0.6780324 -0.09076434 0.3251219 -0.9413063 0.6597262 -0.2794917 -0.6976001 0.3520368 -0.4592196 -0.8155903 0.793641 -0.531149 -0.2966731 0.922923 -0.2902045 0.2529714 -0.2226687 -0.1085265 0.9688347 -0.8131853 0.5456535 -0.2024646 0.3486196 0.03607356 -0.9365699 0.2702789 0.8334822 0.4819303 0.6991996 0.6936756 0.1730145 0.2642693 0.9278572 0.2631401 0.7040154 0.6150217 0.3551207 0.9611349 0.2735113 0.03756886 0.9632743 0.2345392 0.1307438 0.9650346 -0.227609 -0.13001 0.6945586 -0.6456056 -0.3174619 0.6912581 -0.6614104 -0.2910304 0.2387194 -0.8820901 -0.4061161 0.2335642 -0.8946123 -0.3809419 -0.2660036 -0.8827925 -0.3871945 -0.2709189 -0.8907638 -0.3648875 -0.7032002 -0.6540638 -0.2787653 -0.7066394 -0.6634854 -0.2458619 -0.965741 -0.240947 -0.09637874 -0.9662206 -0.2512906 -0.0571919 -0.9601192 0.2461946 0.1325123 -0.9588584 0.249374 0.1356587 -0.6844629 0.6808311 0.2607289 -0.6835057 0.6427016 0.346056 -0.2360923 0.9247763 0.2984114 -0.2316434 0.8478335 0.4769902 0.6525854 0.303785 0.6941521 0.930127 0.07223838 0.360063 0.978483 -0.1962704 -0.06363296 0.9661885 -0.2276759 -0.1210101 0.7590212 -0.4537647 -0.4668881 0.3095611 -0.6055715 -0.7331132 -0.2415276 -0.5715909 -0.7841864 -0.7159755 -0.3456275 -0.6065649 -0.9671761 -0.01632761 -0.253582 -0.9414238 0.2889857 0.1738064 -0.6778025 0.4775045 0.5590825 -0.2562717 0.5324727 0.8067204 0.2233678 0.4666339 0.8557803 0.5399457 -0.2439094 0.8055848 0.9670249 -0.2426565 -0.07733511 0.8125118 -0.1401135 -0.5658559 0.4265719 0.003479182 -0.9044471 -0.5748015 0.2488853 -0.7795252 -0.8931175 0.27797 -0.3536579 -0.7717376 0.1226869 0.6239944 -0.3903045 -0.01474052 0.9205679 -0.05255347 -0.6077836 0.7923618 0.08533161 -0.1477128 0.9853423 0.4188184 -0.6470428 0.6371239 0.8626074 -0.2792548 0.4218121 0.9610216 -0.2637171 -0.0830124 0.8780406 0.07278853 -0.4730188 0.5469948 0.3951925 -0.7379836 0.05386579 0.6071118 -0.7927886 -0.08685779 0.1476216 -0.9852227 -0.4551361 0.6422812 -0.6167059 -0.8282599 0.493312 -0.265761 -0.9596346 0.2302342 0.1615362 -0.9655863 0.2110989 0.1519229 -0.8449237 -0.1212527 0.5209625 -0.5109874 -0.4177199 0.751267 -0.2034411 -0.9437762 0.260573 0.2735463 -0.9476613 0.1646527 0.7889009 -0.5240519 0.320944 0.9424055 -0.3132807 -0.1171636 0.9592226 0.2069821 -0.1924854 0.2250762 0.9647912 -0.1360834 -0.7668503 0.6412037 0.02826052 -0.9773694 0.1689529 0.1272946 -0.9196867 -0.3221879 0.2244359 -0.2642693 -0.9278572 -0.2631401 0.236099 -0.9247719 -0.2984198 0.6880633 -0.7253582 0.02060067 0.6844629 -0.6808311 -0.2607289 0.9588584 -0.249374 -0.1356587 0.9662206 0.2512906 0.0571919 0.7016993 0.6864396 -0.190837 0.7066394 0.6634854 0.2458619 -0.2335642 0.8946123 0.3809419 -0.3236576 0.9442989 -0.05954319 -0.6912519 0.6614045 0.2910583 -0.9650346 0.227609 0.13001 -0.9611349 -0.2735113 -0.03756886 -0.6991996 -0.6936756 -0.1730145 -0.6352033 -0.7199866 0.2795285 0.2316434 -0.8478335 -0.4769902 0.6835057 -0.6427016 -0.346056 0.9601192 -0.2461946 -0.1325123 0.965741 0.240947 0.09637874 0.7032002 0.6540638 0.2787653 0.2709189 0.8907638 0.3648875 0.2660036 0.8827925 0.3871945 -0.2387194 0.8820901 0.4061161 -0.694588 0.6455741 0.3174614 -0.9632743 -0.2345392 -0.1307438 -0.7040154 -0.6150217 -0.3551207 -0.2702789 -0.8334822 -0.4819303 0.2562717 -0.5324727 -0.8067204 0.6778025 -0.4775045 -0.5590825 0.9414238 -0.2889857 -0.1738064 0.9671761 0.01632761 0.253582 0.7159755 0.3456275 0.6065649 0.2415333 0.5716046 0.7841746 -0.3095611 0.6055715 0.7331132 -0.7590212 0.4537647 0.4668881 -0.9661885 0.2276759 0.1210101 -0.978483 0.1962704 0.06363296 -0.930127 -0.07223838 -0.360063 -0.6525854 -0.303785 -0.6941521 -0.2233678 -0.4666339 -0.8557803 0.3903045 0.01474052 -0.9205679 0.7717376 -0.1226869 -0.6239944 0.9596392 -0.2302353 -0.1615065 0.5748015 -0.2488853 0.7795252 0.08685737 -0.1476514 0.9852182 -0.4265719 -0.003479182 0.9044471 -0.8125118 0.1401135 0.5658559 -0.8626074 0.2792548 -0.4218121 -0.5399457 0.2439094 -0.8055848 -0.08533161 0.1477128 -0.9853423 0.5109874 0.4177199 -0.751267 0.8449237 0.1212527 -0.5209625 0.9655863 -0.2110989 -0.1519229 0.8282599 -0.493312 0.265761 0.8931175 -0.27797 0.3536579 0.4551361 -0.6422812 0.6167059 -0.05386579 -0.6071118 0.7927886 -0.5469948 -0.3951925 0.7379836 -0.8780406 -0.07278853 0.4730188 -0.9670249 0.2426565 0.07733511 -0.9610216 0.2637171 0.0830124 -0.4188184 0.6470428 -0.6371239 0.05255347 0.6077836 -0.7923618 0.1201846 0.7838853 -0.609163 0.919682 0.3221969 -0.2244422 0.9773694 -0.1689529 -0.1272946 0.7668503 -0.6412037 -0.02826052 0.3236576 -0.9442989 0.05954319 -0.7016993 -0.6864396 0.190837 -0.9424055 0.3132807 0.1171636 -0.7889009 0.5240519 -0.320944 -0.2735463 0.9476613 -0.1646527 0.6351893 0.7200013 -0.2795224 0.2567554 0.9556075 0.1445375 -0.2250762 -0.9647912 0.1360834 -0.9592226 -0.2069821 0.1924854 -0.6880633 0.7253582 -0.02060067 0.5962803 0.8008798 0.05514782 0.09818011 0.97524 0.198161 0.5526481 0.7818194 0.2886844 0.1345593 0.9908984 0.00375384 -0.3907908 0.9189764 0.05258351 -0.3712008 0.9274069 -0.04611396 -0.7904132 0.6054372 -0.09323573 -0.9813733 0.1128597 -0.1554644 -0.9764457 0.1095926 -0.1858589 -0.8977867 -0.4008101 -0.1825665 -0.8902905 -0.4041115 -0.209945 -0.5837069 -0.7958141 -0.1611405 -0.5748823 -0.7973643 -0.1836315 -0.1224125 -0.9885171 -0.08859723 -0.1102032 -0.9865491 -0.1207321 0.3854007 -0.922636 0.01446622 0.3982698 -0.9169666 -0.02352994 0.800343 -0.5909183 0.1013247 0.8031221 -0.5872878 0.1004398 0.969785 -0.1028199 0.2212352 0.9868036 -0.09717267 0.1295229 0.8705632 0.3938211 0.2949996 0.9065043 0.409076 0.1044358 0.1350188 0.8843367 -0.4468989 -0.3414819 0.8823472 -0.3238111 -0.7464454 0.6524149 -0.1310506 -0.7867589 0.6089836 -0.1007444 -0.9724408 0.2220899 0.07095766 -0.9259828 -0.2938083 0.2371341 -0.5961584 -0.7277564 0.3390662 -0.08032643 -0.9310483 0.3559451 0.4510391 -0.8504707 0.2706723 0.8361048 -0.5411059 0.09018433 0.9832202 -0.1178021 -0.1392872 0.8836348 0.318808 -0.3428575 0.3358349 0.279893 -0.8993747 0.5759935 0.6785389 -0.455869 -0.4918767 0.6596709 -0.5682356 -0.775399 0.6145634 -0.1451489 -0.855583 0.4024603 0.3255817 -0.3348925 -0.2810863 0.8993539 0.5427553 -0.6644051 0.5137924 0.848307 -0.3622304 -0.3862183 0.03546351 -0.1316608 -0.9906603 -0.08731538 0.5359778 -0.8397047 -0.3500269 0.1753033 -0.9201901 -0.7877854 0.59692 -0.1519232 -0.7158887 0.5953379 0.3647959 -0.4418634 0.4264509 0.7892379 -0.6968235 0.07300287 0.7135177 -0.03689765 0.1322396 0.9905308 0.3789585 -0.2006341 0.9034028 0.124243 -0.5532795 0.8236781 0.6819497 -0.4722528 0.5584999 0.8041453 -0.5904817 0.06842356 0.7910265 -0.6082167 0.06595194 0.6887236 -0.5807471 -0.434042 0.6756574 -0.04550361 -0.7358102 0.4123841 -0.4059749 -0.8155512 -0.3440721 -0.5874312 -0.7324884 -0.8628088 0.1650174 -0.4778394 -0.650608 0.4409412 -0.6182882 -0.8243833 0.5456519 -0.1505204 -0.5437017 0.8140724 0.2041437 0.4049341 0.6525397 0.6404845 0.7612491 0.2291102 0.6066371 0.7596097 -0.647301 0.06320416 0.4628193 -0.8346922 -0.2984749 -0.5526481 -0.7818194 -0.2886844 -0.6818239 -0.2396043 -0.6911628 -0.8705527 -0.3938469 -0.294996 -0.969785 0.1028199 -0.2212352 -0.8031221 0.5872878 -0.1004398 -0.3982698 0.9169666 0.02352994 -0.08526951 0.8659098 0.4928786 0.1102036 0.9865527 0.1207021 0.8902905 0.4041115 0.209945 0.9764457 -0.1095926 0.1858589 0.8813177 -0.2578826 0.395949 0.7904018 -0.6054518 0.09323793 0.390765 -0.9189873 -0.05258417 -0.09821039 -0.9752371 -0.1981604 0.06717228 -0.8048776 -0.5896271 -0.9065043 -0.409076 -0.1044358 -0.9868036 0.09717267 -0.1295229 -0.800343 0.5909183 -0.1013247 -0.3854007 0.922636 -0.01446622 0.1224125 0.9885171 0.08859723 0.5748823 0.7973643 0.1836315 0.5837069 0.7958141 0.1611405 0.8977867 0.4008101 0.1825665 0.9813733 -0.1128597 0.1554644 0.3712008 -0.9274069 0.04611396 -0.1345593 -0.9908984 -0.00375384 -0.5962803 -0.8008798 -0.05514782 -0.8836348 -0.318808 0.3428575 -0.9832202 0.1178021 0.1392872 -0.8361048 0.5411059 -0.09018433 -0.4510391 0.8504707 -0.2706723 0.08032554 0.9310382 -0.3559717 0.5961584 0.7277564 -0.3390662 0.9259828 0.2938083 -0.2371341 0.9724408 -0.2220899 -0.07095766 0.7867589 -0.6089836 0.1007444 0.7464454 -0.6524149 0.1310506 0.3414819 -0.8823472 0.3238111 -0.1350188 -0.8843367 0.4468989 -0.5759935 -0.6785389 0.455869 -0.6756574 0.04550361 0.7358102 -0.8041453 0.5904817 -0.06842356 -0.124243 0.5532795 -0.8236781 0.3348925 0.2810863 -0.8993539 0.855583 -0.4024603 -0.3255817 0.775399 -0.6145634 0.1451489 0.4918767 -0.6596709 0.5682356 -0.3358349 -0.279893 0.8993747 -0.4124042 0.4059953 0.8155308 -0.6887236 0.5807471 0.434042 -0.8482975 0.3622568 0.386214 -0.7910281 0.6082178 -0.06592154 -0.6819497 0.4722528 -0.5584999 -0.5427638 0.6644156 -0.51377 -0.3789585 0.2006341 -0.9034028 0.03689765 -0.1322396 -0.9905308 0.6968377 -0.07303166 -0.713501 0.4418634 -0.4264509 -0.7892379 0.7158887 -0.5953379 -0.3647959 0.7877818 -0.5969173 0.1519531 0.3500269 -0.1753033 0.9201901 0.08731538 -0.5359778 0.8397047 -0.03546351 0.1316608 0.9906603 0.1237859 0.3332392 0.9346812 -0.4628193 0.8346922 0.2984749 -0.8813177 0.2578826 -0.395949 -0.7612491 -0.2291102 -0.6066371 -0.4049341 -0.6525397 -0.6404845 0.5437017 -0.8140724 -0.2041437 0.8243833 -0.5456519 0.1505204 0.8628088 -0.1650174 0.4778394 0.650608 -0.4409412 0.6182882 0.6818289 0.2395755 0.6911678 -0.06717228 0.8048776 0.5896271 0.5168445 0.7556275 0.4023665 -0.7596247 0.6472832 -0.06320536 0.08526951 -0.8659098 -0.4928786 0.9533495 -0.006378412 0.3018014 0.9462423 0.2782725 -0.1648942 0.9150604 0.2266974 0.333576 0.9779263 0.0842024 -0.1912332 0.7320894 0.2568783 -0.6309189 0.749018 0.1580622 -0.6434193 0.3058931 0.1825348 -0.9344038 -0.2205311 0.1144161 -0.9686461 -0.2212029 0.08359199 -0.9716387 -0.6752399 0.007477223 -0.7375603 -0.6751667 -0.02108842 -0.7373639 -0.9417811 -0.09796547 -0.3216381 -0.9397202 -0.1219857 -0.3194456 -0.9695434 -0.1684676 0.177776 -0.9628058 -0.2021867 0.1792367 -0.7389659 -0.1915397 0.6459428 -0.7283777 -0.2306661 0.6451816 -0.2890768 -0.1756373 0.9410558 -0.2847096 -0.1767647 0.9421755 0.2244957 -0.04715138 0.9733338 0.2377426 -0.1388917 0.9613468 0.6568003 0.1065725 0.7464957 0.6878584 -0.08371245 0.7210015 0.8886867 -0.3608277 -0.2829124 0.7233098 -0.1212841 -0.6797891 0.3658286 0.1404779 -0.9200192 0.3106533 0.174813 -0.9343099 -0.1201838 0.3421486 -0.9319283 -0.5941736 0.4299511 -0.6797794 -0.8940012 0.3932409 -0.2147641 -0.9120219 0.2541685 0.3218919 -0.6551201 0.04599207 0.7541236 -0.2298673 -0.1896436 0.9545661 0.2236129 -0.3983954 0.8895382 0.6060156 -0.5177242 0.6039097 0.3983086 -0.9165585 -0.03564661 0.8437075 -0.5059193 0.1794537 0.4689591 -0.3433113 -0.8137658 0.3207896 0.1299211 -0.9381976 0.08276814 0.5776376 -0.8120864 -0.399129 0.9161534 0.03686708 -0.4549847 0.2775138 0.8461531 -0.04590117 -0.6293407 0.7757728 -0.08801758 -0.9752436 -0.2028616 0.4953838 -0.7215293 -0.4837256 0.06934076 -0.7735528 -0.6299269 0.3001838 0.124517 -0.9457194 0.3104113 0.6019923 -0.7356971 0.2335027 0.9198499 -0.3152027 -0.1832065 0.871261 -0.4553459 0.08807909 0.975554 0.2013368 -0.08304291 0.7471116 0.6594908 -0.4988429 0.6947177 0.5181923 -0.2283103 0.3071706 0.9238618 -0.2865768 -0.208142 0.9351742 -0.3076639 -0.209209 0.9282104 -0.3041549 -0.6598569 0.68708 0.2024941 -0.8840768 0.4211938 -0.2235193 -0.9352165 0.2746077 -0.651125 -0.6833838 -0.3301861 -0.4384686 -0.5171471 -0.7350538 0.2108597 -0.3762148 -0.9022198 0.2395451 0.1292793 -0.9622396 0.578164 0.4292282 -0.6938945 0.7743987 0.5953416 -0.214185 0.4573891 0.4145098 0.7867509 -0.3549422 -0.2083569 0.9113745 -0.6225421 -0.5015007 0.6007815 -0.9150604 -0.2266974 -0.333576 -0.6568003 -0.1065725 -0.7464957 -0.1237245 -0.2192494 -0.9677923 -0.2244957 0.04715138 -0.9733338 0.2847096 0.1767647 -0.9421755 0.7283777 0.2306661 -0.6451816 0.9628058 0.2021867 -0.1792367 0.7351217 0.5871024 0.3389794 0.6751667 0.02108842 0.7373639 0.2212029 -0.08359199 0.9716387 0.04452764 0.1250985 0.9911446 -0.3059208 -0.1825331 0.9343951 -0.7320894 -0.2568783 0.6309189 -0.9462342 -0.2783006 0.1648929 -0.7207198 -0.6764969 0.1513771 -0.6878423 0.08371418 -0.7210167 -0.2377713 0.1388907 -0.9613398 0.2890783 0.1756077 -0.9410609 0.7389659 0.1915397 -0.6459428 0.9695434 0.1684676 -0.177776 0.9397202 0.1219857 0.3194456 0.9417685 0.09796732 0.3216747 0.6752399 -0.007477223 0.7375603 0.2205311 -0.1144161 0.9686461 -0.7490143 -0.158092 0.6434162 -0.9779263 -0.0842024 0.1912332 -0.9533407 0.006378352 -0.3018292 -0.6059963 0.5177337 -0.6039209 -0.2236419 0.3983927 -0.8895322 0.2298673 0.1896436 -0.9545661 0.6551201 -0.04599207 -0.7541236 0.9120271 -0.2541615 -0.321883 0.8940012 -0.3932409 0.2147641 0.5941736 -0.4299511 0.6797794 0.1201838 -0.3421486 0.9319283 -0.3106533 -0.174813 0.9343099 -0.3658302 -0.140448 0.9200232 -0.7233098 0.1212841 0.6797891 -0.8886867 0.3608277 0.2829124 -0.3983086 0.9165585 0.03564661 -0.8437075 0.5059193 -0.1794537 0.04590117 0.6293407 -0.7757728 0.2865785 0.2081128 -0.9351801 0.4988429 -0.6947177 -0.5181923 0.183209 -0.8712731 0.4553216 -0.3207896 -0.1299211 0.9381976 -0.4689945 0.3433149 0.8137438 0.2235237 0.9352048 -0.2746437 -0.2024941 0.8840768 -0.4211938 0.3041549 0.6598569 -0.68708 0.3076639 0.209209 -0.9282104 0.2283167 -0.3071793 -0.9238573 0.4549847 -0.2775138 -0.8461531 0.08301258 -0.7471135 -0.6594925 0.3991286 -0.9161523 -0.03689754 -0.08807909 -0.975554 -0.2013368 -0.2335049 -0.9198587 0.3151752 -0.08276814 -0.5776376 0.8120864 -0.3104056 -0.6020117 0.7356836 -0.3001561 -0.1245182 0.9457281 -0.06936979 0.7735363 0.6299441 -0.4953838 0.7215293 0.4837256 0.08801758 0.9752436 0.2028616 0.3327813 0.9042226 0.2676533 0.7207164 0.6764938 -0.1514069 0.6225421 0.5015007 -0.6007815 -0.04449719 -0.1250987 -0.991146 -0.7351217 -0.5871024 -0.3389794 -0.578164 -0.4292282 0.6938945 -0.2395451 -0.1292793 0.9622396 -0.2108539 0.3762045 0.9022255 0.4384686 0.5171471 0.7350538 0.8756008 0.341939 0.341176 0.3549422 0.2083569 -0.9113745 -0.4573891 -0.4145098 -0.7867509 -0.7743987 -0.5953416 0.214185 0.1237254 0.2192204 0.9677988 0.2266067 0.9163761 0.3300065 0.3508525 0.5752931 0.7388778 0.4499751 0.8337541 0.3199633 0.164896 0.6439889 0.7470527 0.1568395 0.1623941 0.9741815 0.06256389 0.1984955 0.978103 -0.06854563 -0.3147423 0.946699 -0.2206537 -0.7283404 0.6487158 -0.2506579 -0.7213015 0.6456739 -0.317673 -0.9312286 0.1785976 -0.3445329 -0.9225387 0.1738381 -0.3291504 -0.8867986 -0.3244199 -0.3507822 -0.8768334 -0.3288087 -0.2470526 -0.6194781 -0.7451255 -0.2773268 -0.6033315 -0.7477172 -0.0918017 -0.1792391 -0.9795131 -0.127266 -0.1596166 -0.9789412 0.07956326 0.3295451 -0.9407815 0.07947266 0.333944 -0.9392367 0.285969 0.713946 -0.6391423 0.1979469 0.7453069 -0.6366589 0.4250059 0.887489 -0.1781387 0.2427787 0.9550009 -0.1703876 -0.2949412 0.6569034 0.6938931 -0.2151292 0.2418944 0.9461535 -0.0949136 -0.2472026 0.964304 -0.07510757 -0.3086705 0.948199 0.0195629 -0.697277 0.7165347 0.1093193 -0.9620833 0.2498902 0.1726175 -0.9380433 -0.3004632 0.203045 -0.6226245 -0.7557193 0.1770394 -0.1257068 -0.976143 0.07919633 0.3877112 -0.9183725 -0.0701949 0.7729069 -0.6306249 -0.213329 0.9568369 -0.1973674 -0.2968329 0.9129611 0.2799862 -0.7535229 0.3461199 0.5589314 -0.5024073 0.03537172 0.8639073 -0.1170119 -0.2893558 0.950043 0.3076048 -0.5428787 0.7814487 0.8143507 -0.5681198 -0.1186291 0.7383243 -0.322376 -0.5924112 0.047549 0.3380316 -0.9399329 -0.3618955 0.567869 -0.7392947 -0.6732221 0.6494171 -0.353595 -0.9923923 0.1121274 -0.0508449 -0.8144649 0.5682668 0.1171325 -0.9098793 -0.05307346 0.4114645 -0.1274172 -0.3080597 0.9427959 0.387408 -0.3294524 0.8610321 0.8035073 -0.2590463 0.5359767 0.6535962 -0.6487131 0.3898504 0.9922305 -0.112981 0.05209577 0.8920223 0.06604403 -0.4471403 0.5374712 0.2244067 -0.8128753 0.4524438 0.01263481 -0.8917034 0.04129219 0.3180082 -0.9471884 -0.4557472 0.3255206 -0.8284509 -0.8288633 0.2497058 -0.5006324 -0.8396793 -0.4875773 -0.2391802 -0.5200515 -0.5520665 0.6517431 -0.5983883 -0.206004 0.7742699 0.2770553 -0.04422259 0.9598358 0.6087636 0.318741 0.7265061 0.6976184 0.6599877 -0.2788277 0.4269633 0.5301182 -0.7325825 -0.3800298 -0.01925784 -0.9247738 -0.4499751 -0.8337541 -0.3199633 -0.7756001 -0.586713 0.2328357 -0.4250059 -0.887489 0.1781387 -0.285969 -0.713946 0.6391423 -0.1369405 -0.3662022 0.9204038 -0.07947266 -0.333944 0.9392367 0.127266 0.1596166 0.9789412 0.2773268 0.6033315 0.7477172 0.7641624 0.587275 0.2667656 0.3445329 0.9225387 -0.1738381 0.2506579 0.7213015 -0.6456739 0.06854563 0.3147423 -0.946699 0.03000062 0.2713793 -0.9620048 -0.1568395 -0.1623941 -0.9741815 -0.3508525 -0.5752931 -0.7388778 -0.6963606 -0.285936 -0.6582724 -0.2427787 -0.9550009 0.1703876 -0.1979469 -0.7453069 0.6366589 -0.07956326 -0.3295451 0.9407815 0.0918017 0.1792391 0.9795131 0.2470526 0.6194781 0.7451255 0.3507822 0.8768334 0.3288087 0.3291504 0.8867986 0.3244199 0.317673 0.9312286 -0.1785976 0.2206537 0.7283404 -0.6487158 -0.06256425 -0.1984661 -0.9781088 -0.164896 -0.6439889 -0.7470527 -0.2266067 -0.9163761 -0.3300065 0.213329 -0.9568369 0.1973674 0.0701949 -0.7729069 0.6306249 -0.07919633 -0.3877112 0.9183725 -0.1770394 0.1257068 0.976143 -0.203045 0.6226245 0.7557193 -0.1726175 0.9380433 0.3004632 -0.1093193 0.9620833 -0.2498902 -0.0195629 0.697277 -0.7165347 0.07510757 0.3086705 -0.948199 0.0949136 0.2472026 -0.964304 0.2151292 -0.2418944 -0.9461535 0.2949412 -0.6569034 -0.6938931 0.2968329 -0.9129611 -0.2799862 0.6732221 -0.6494171 0.353595 0.3618955 -0.567869 0.7392947 -0.4524438 -0.01263481 0.8917034 -0.7383243 0.322376 0.5924112 -0.8143507 0.5681198 0.1186291 -0.6535962 0.6487131 -0.3898504 -0.3076048 0.5428787 -0.7814487 0.5024073 -0.03537172 -0.8639073 0.7535229 -0.3461199 -0.5589314 0.8144649 -0.5682668 -0.1171325 0.8288633 -0.2497058 0.5006324 0.4557472 -0.3255206 0.8284509 -0.04129219 -0.3180082 0.9471884 -0.04754853 -0.3380586 0.9399232 -0.5374712 -0.2244067 0.8128753 -0.892024 -0.06601363 0.4471412 -0.9922305 0.112981 -0.05209577 -0.8035073 0.2590463 -0.5359767 -0.387408 0.3294524 -0.8610321 0.1170119 0.2893558 -0.950043 0.1274172 0.3080597 -0.9427959 0.9098793 0.05307346 -0.4114645 0.9923923 -0.1121274 0.0508449 0.9814273 0.1369689 0.1343137 0.3800298 0.01925784 0.9247738 -0.03000062 -0.2713793 0.9620048 -0.4269633 -0.5301182 0.7325825 -0.7641624 -0.587275 -0.2667656 -0.2770553 0.04422259 -0.9598358 0.1369405 0.3662022 -0.9204038 0.5200515 0.5520665 -0.6517431 0.5983883 0.206004 -0.7742699 0.7756001 0.586713 -0.2328357 0.6963667 0.285908 0.6582781 0.5548716 0.7723827 0.3090996 -0.6976184 -0.6599877 0.2788277 -0.6087445 -0.3187469 -0.7265197 -0.1729822 -0.02111917 -0.9846985 0.3270146 0.8789566 -0.3471268 0.5807625 0.6270612 -0.5191429 -0.4979189 0.2934104 -0.8160803 0.1327893 0.9905335 -0.03479194 -0.7104595 0.7037147 -0.005737602 0.03854554 0.9411766 0.3357094 -0.5661236 0.6758081 0.4720036 0.05395799 0.7475384 0.6620234 -0.2806833 0.4254351 0.8603615 0.1725842 0.451771 0.8752815 0.1019636 0.02789425 0.9943971 0.3764273 0.1228104 0.9182702 0.4514167 -0.362635 0.815303 0.622525 -0.1463077 0.7688022 0.6608305 -0.6358965 0.3986713 0.8446576 -0.2817866 0.4551373 0.9690497 -0.2353956 0.07437556 0.6847667 -0.7184907 -0.1219255 0.9606146 -0.01986783 -0.2771731 0.5213217 -0.5919726 -0.6146481 0.8160887 0.2979914 -0.4951772 0.2027701 -0.3315004 -0.9214075 -0.4537654 -0.5530762 -0.6987158 -0.9462085 0.1667248 -0.2772949 -0.6888473 0.555204 -0.4660881 -0.8510484 0.5189118 0.08029502 -0.5246055 0.7384884 0.4235848 -0.04455757 0.7547936 0.6544474 0.4537654 0.5530762 0.6987158 0.9478566 -0.222605 0.2280679 0.8119603 -0.5665563 -0.1404793 0.003936946 -0.7465257 -0.6653451 -0.8851751 -0.4341948 -0.1671529 -0.7989419 -0.2224573 -0.5587527 -0.8552781 0.5085157 0.09955453 -0.4786964 0.8512159 0.2151311 0.03952252 0.961359 0.2724461 0.5522146 0.7948117 0.2516614 0.8200811 0.1904092 0.5396403 0.9937532 -0.1098676 0.01959306 0.8077223 -0.5769662 -0.1212224 0.4643747 -0.7539986 -0.4645884 -0.0822798 -0.958273 -0.2737574 -0.5522146 -0.7948117 -0.2516614 -0.8417738 -0.4594018 0.2834905 -0.9984639 0.03839302 -0.03994953 -0.8531496 0.5072691 0.1217128 -0.5017928 0.8646328 -0.02478134 0.5026844 0.8235651 -0.2627717 0.8618584 0.4215599 -0.2819352 0.9041919 0.396963 0.1576621 0.9706534 -0.09647017 -0.2202853 0.8098647 -0.5781913 -0.09906619 0.4121276 -0.8823328 -0.2272439 -0.0388807 -0.9834631 0.176886 -0.5026844 -0.8235651 0.2627717 -0.6231411 -0.1977644 0.7566931 -0.9721691 0.02310323 0.2331386 -0.7792164 0.2284973 0.5836188 -0.7407792 0.611619 0.2777922 -0.1599811 0.8621645 -0.4807063 -0.002777218 0.9859319 -0.1671246 0.2531562 0.6120002 -0.7492448 0.593754 0.1718239 -0.786087 0.7538771 -0.3095529 -0.5795228 0.4535117 -0.8665249 0.208475 0.4384106 -0.8976051 0.04584008 0.08572846 -0.8205396 0.5651243 -0.3081527 -0.5766304 0.7566633 0.1498178 0.4471033 0.8818465 0.03454762 0.7393562 0.6724277 0.0388813 0.9370581 0.347002 -0.5172449 0.8501518 -0.09848648 0.152504 0.9882394 -0.01120048 0.3525256 0.8779722 -0.3238682 0.5958223 0.6246017 -0.5048452 0.819863 0.2940813 -0.4912647 0.9694784 -0.2360368 0.06631857 0.6976466 -0.6833025 -0.2153765 0.8460071 -0.2773023 0.455385 0.6227219 -0.1427707 0.7693075 0.3662575 0.1241815 0.92219 0.9598616 -0.0280472 -0.2790682 -0.4486355 -0.1752425 -0.8763654 -0.9043674 -0.2864201 -0.3163592 -0.4888228 -0.04834204 -0.8710427 -0.5360433 0.07339924 -0.8409935 -0.5880812 0.1850705 -0.7873433 -0.6429523 0.2823655 -0.7119566 -0.6986092 0.3614053 -0.6175203 -0.7529121 0.419 -0.5075061 -0.803753 0.4527214 -0.386037 -0.8491016 0.4610516 -0.2577946 -0.8871193 0.4434986 -0.1277821 -0.9162696 0.4005608 -0.00112915 -0.9353308 0.3338527 0.1170422 -0.9435023 0.2459545 0.2220579 -0.9406534 0.1404479 0.3089427 -0.9266085 0.02044749 0.3754714 -0.9015589 -0.1072739 0.4191466 -0.8672226 -0.2383214 0.437182 -0.8248226 -0.3681884 0.429075 -0.775986 -0.4913011 0.3955618 -0.7227299 -0.6027886 0.3380939 -0.6671271 -0.6984402 0.2590805 -0.6113913 -0.774608 0.1618128 -0.5576445 -0.8285622 0.05017334 -0.5079608 -0.8584122 -0.07144534 -0.4641324 -0.8632596 -0.1984038 -0.4277901 -0.8430979 -0.3258554 -0.4002279 -0.7988689 -0.449028 -0.3824074 -0.7323423 -0.5634176 -0.3749611 -0.6460648 -0.6648342 -0.3780976 -0.5432654 -0.7496032 -0.3919636 -0.4280073 -0.8143552 -0.4161926 -0.3039119 -0.8569839 0.8506358 0.07147634 -0.5208741 0.6315057 -0.4460093 0.6342525 0.7484859 -0.5453494 0.3773101 0.2686026 0.6730784 0.6890706 0.2793429 0.7685667 0.575563 0.7963446 -0.5572856 0.2350915 0.4727143 0.8746543 -0.1073365 0.537474 0.8117503 -0.2284364 0.4484786 -0.1287297 0.8844749 0.2754339 0.5599015 0.7814388 0.8415914 -0.532251 0.09183156 0.420799 0.9066954 0.02884066 0.5083881 -0.2514778 0.82359 0.7939646 0.3596112 -0.4902041 0.8783982 0.2248335 -0.4217422 0.8749352 -0.4820567 -0.04593193 0.06247341 0.417446 0.9065517 0.3683985 0.9141752 0.1690159 0.5675329 -0.3606745 0.7401489 0.897597 -0.4050799 -0.1738672 0.7289585 0.4954842 -0.4723505 0.3305524 0.8910357 0.3111118 0.9098707 -0.3024153 -0.2840427 0.6652982 0.6195797 -0.4165324 0.3167593 0.2906348 0.9028815 0.2969508 0.8431205 0.4482949 0.6897336 -0.5115931 0.5123866 0.9272523 -0.001281738 -0.374435 0.9145216 -0.17359 -0.3653997 0.6011894 0.7264079 -0.3330209 0.3502701 0.1485374 0.924796 0.3976656 0.007507681 0.9174997</float_array>
          <technique_common>
            <accessor source="#Torus_001-mesh-normals-array" count="1164" stride="3">
              <param name="X" type="float"/>
              <param name="Y" type="float"/>
              <param name="Z" type="float"/>
            </accessor>
          </technique_common>
        </source>
        <source id="Torus_001-mesh-map-0">
          <float_array id="Torus_001-mesh-map-0-array" count="13836">0.1578814 0.8634832 0.165918 0.8937312 0.1576877 0.8938229 0.1661219 0.8644773 0.1719816 0.8936682 0.165918 0.8937312 0.57839 0.6677185 0.6037572 0.6601663 0.6059609 0.6679278 0.6037572 0.6601663 0.5827054 0.652094 0.6017867 0.6522501 0.6017867 0.6522501 0.5846038 0.6461636 0.6005776 0.6463001 0.3536022 0.9347744 0.3614313 0.920721 0.361783 0.9348677 0.361783 0.9348677 0.3696812 0.9197407 0.3700234 0.9349743 0.3700234 0.9349743 0.3757997 0.9168627 0.3761156 0.9350658 0.4466645 0.42422 0.4682424 0.4311325 0.4450072 0.4320913 0.4682424 0.4311325 0.44307 0.4400334 0.4450072 0.4320913 0.4705439 0.4389083 0.4413721 0.4459182 0.44307 0.4400334 0.1576877 0.8938229 0.1496997 0.8646647 0.1578814 0.8634832 0.1578814 0.8634832 0.1657584 0.8325645 0.1661219 0.8644773 0.1661219 0.8644773 0.1718558 0.837638 0.1722131 0.8673807 0.57839 0.6677185 0.551119 0.6550641 0.580431 0.6599836 0.580431 0.6599836 0.5570601 0.6492943 0.5827054 0.652094 0.3473573 0.9165165 0.3535786 0.8978692 0.3532601 0.9195409 0.3532601 0.9195409 0.3617507 0.8998469 0.3614313 0.920721 0.3617507 0.8998469 0.3696812 0.9197407 0.3614313 0.920721 0.3699998 0.8980692 0.3757997 0.9168627 0.3696812 0.9197407 0.4911897 0.4197865 0.4682424 0.4311325 0.4656611 0.4234277 0.4973556 0.425251 0.4705439 0.4389083 0.4682424 0.4311325 0.5032416 0.4307864 0.471949 0.4446713 0.4705439 0.4389083 0.1493363 0.8327518 0.1578814 0.8634832 0.1496997 0.8646647 0.8720526 0.6922382 0.8650819 0.6536923 0.8731237 0.6524866 0.5414665 0.6646346 0.5264573 0.6278723 0.5454114 0.660679 0.5264573 0.6278723 0.551119 0.6550641 0.5454114 0.660679 0.534271 0.6259025 0.5570601 0.6492943 0.551119 0.6550641 0.542318 0.6237779 0.5616426 0.6449156 0.5570601 0.6492943 1 2.86808e-4 0.9909327 0.02504408 0.9918937 0.001389503 0.9909327 0.02504408 0.9836099 0 0.9918937 0.001389503 0.4863962 0.415857 0.5049789 0.3937879 0.4911897 0.4197865 0.5049789 0.3937879 0.4973556 0.425251 0.4911897 0.4197865 0.4973556 0.425251 0.5209706 0.3973596 0.5032416 0.4307864 0.8878424 0.6569824 0.8804122 0.6923772 0.8814545 0.6536908 0.8804122 0.6923772 0.8731237 0.6524866 0.8814545 0.6536908 0.8730826 0.8360643 0.8640394 0.6923787 0.8720526 0.6922382 0.5209705 0.4838616 0.5264573 0.6278723 0.5209706 0.6291595 0.5264573 0.6278723 0.5342382 0.4878686 0.534271 0.6259025 0.534271 0.6259025 0.5422663 0.4899376 0.542318 0.6237779 0.542318 0.6237779 0.5483766 0.4912976 0.5484422 0.6220679 0.9989961 0.02499771 0.9912497 0.1529523 0.9909327 0.02504408 0.9909327 0.02504408 0.9829154 0.1537262 0.982606 0.02471089 0.982606 0.02471089 0.9765356 0.1561278 0.9762471 0.0240873 0.4999793 0.2599398 0.5131146 0.3955383 0.5049789 0.3937879 0.5079424 0.2574977 0.5209706 0.3973596 0.5131146 0.3955383 0.8878423 0.8324699 0.8804122 0.6923772 0.8868783 0.6927587 0.8814246 0.8351007 0.8720526 0.6922382 0.8804122 0.6923772 0.8752995 0.8675863 0.8650518 0.8351023 0.8730826 0.8360643 0.5417854 0.4486458 0.5264433 0.4856445 0.5209705 0.4838616 0.5456925 0.4530777 0.5342382 0.4878686 0.5264433 0.4856445 0.5513485 0.4589201 0.5422663 0.4899376 0.5342382 0.4878686 0.5572378 0.4646078 0.5483766 0.4912976 0.5422663 0.4899376 0.9993055 0.1540131 0.9919146 0.1722413 0.9912497 0.1529523 0.9912497 0.1529523 0.9836099 0.1738767 0.9829154 0.1537262 0.4796491 0.2395615 0.4999793 0.2599398 0.49387 0.2617985 0.4999793 0.2599398 0.4897917 0.2291158 0.5079424 0.2574977 0.5079424 0.2574977 0.4952062 0.2231969 0.5156258 0.2551264 0.5156258 0.2551264 0.4988902 0.2189347 0.5209706 0.2534613 0.8814246 0.8351007 0.8752995 0.8675863 0.8730826 0.8360643 0.06599599 0.8670388 0.05810993 0.83055 0.0663082 0.8295572 0.05781525 0.8669464 0.05213314 0.8334604 0.05810993 0.83055 0.5788838 0.4464532 0.5513485 0.4589201 0.5456925 0.4530777 0.5808542 0.4543694 0.5572378 0.4646078 0.5513485 0.4589201 0.4857081 0.9200558 0.4795865 0.8977658 0.4856107 0.8947396 0.4796444 0.920114 0.4713705 0.8989374 0.4795865 0.8977658 0.4713705 0.8989374 0.4632221 0.9202886 0.4631642 0.8979404 0.4631642 0.8979404 0.4572637 0.9203581 0.4571664 0.895042 0.4840974 0.2351058 0.4601715 0.2255396 0.4897917 0.2291158 0.4897917 0.2291158 0.4618288 0.2176683 0.4952062 0.2231969 0.08057546 0.8338038 0.07423645 0.8671447 0.07453113 0.8307482 0.07453113 0.8307482 0.06599599 0.8670388 0.0663082 0.8295572 0.06599599 0.8670388 0.0580362 0.8962321 0.05781525 0.8669464 0.5776748 0.4405032 0.6064547 0.4466624 0.5788838 0.4464532 0.5788838 0.4464532 0.6041803 0.4545521 0.5808542 0.4543694 0.6041803 0.4545521 0.583058 0.462131 0.5808542 0.4543694 0.4853865 0.9382387 0.4796444 0.920114 0.4857081 0.9200558 0.4792976 0.9353305 0.471414 0.9201992 0.4796444 0.920114 0.4710579 0.9343299 0.4632221 0.9202886 0.471414 0.9201992 0.4406429 0.2400371 0.4582343 0.2334816 0.4565364 0.2393664 0.4392378 0.234274 0.4601715 0.2255396 0.4582343 0.2334816 0.4601715 0.2255396 0.434355 0.2187933 0.4618288 0.2176683 0.08032858 0.8672356 0.07445734 0.8964303 0.07423645 0.8671447 0.07423645 0.8671447 0.0662074 0.8974114 0.06599599 0.8670388 0.0662074 0.8974114 0.05773341 0.9282138 0.0580362 0.8962321 0.6083531 0.440732 0.6394333 0.453702 0.6064547 0.4466624 0.6064547 0.4466624 0.6334924 0.4594718 0.6041803 0.4545521 0.6041803 0.4545521 0.6277847 0.4650867 0.6021394 0.462287 0.4853865 0.9382387 0.4796147 0.9569748 0.4792976 0.9353305 0.4792976 0.9353305 0.4713734 0.9551799 0.4710579 0.9343299 0.4713734 0.9551799 0.4628753 0.935505 0.4710579 0.9343299 0.4631924 0.9571493 0.4569422 0.938541 0.4628753 0.935505 0.4137092 0.2379152 0.4369363 0.2264983 0.4392378 0.234274 0.4078232 0.2323799 0.434355 0.2187933 0.4369363 0.2264983 0.4016572 0.2269152 0.4321855 0.2132238 0.434355 0.2187933 0.07415455 0.9284121 0.0662074 0.8974114 0.07445734 0.8964303 0.1317328 0.9066656 0.1414558 0.8672088 0.1398407 0.9055745 0.6440159 0.4493235 0.6583875 0.4865087 0.6394333 0.453702 0.6583875 0.4865087 0.6334924 0.4594718 0.6394333 0.453702 0.6334924 0.4594718 0.6425268 0.490603 0.6277847 0.4650867 0.6425268 0.490603 0.6238397 0.4690424 0.6277847 0.4650867 0.9949264 0.6515088 0.986025 0.676491 0.9868745 0.6526464 0.986025 0.676491 0.9785543 0.6513719 0.9868745 0.6526464 0.9776669 0.6762813 0.9721953 0.6480265 0.9785543 0.6513719 0.4137092 0.2379152 0.3920641 0.2620926 0.4078232 0.2323799 0.3920641 0.2620926 0.4016572 0.2269152 0.4078232 0.2323799 0.4016572 0.2269152 0.3776927 0.2591314 0.3968637 0.2229859 0.123451 0.9052641 0.1333923 0.8672437 0.1317328 0.9066656 0.1333923 0.8672437 0.1414558 0.7238788 0.1414558 0.8672088 0.6645117 0.4847986 0.6584014 0.6287364 0.6583875 0.4865087 0.6583875 0.4865087 0.6503732 0.6266673 0.6503405 0.4886332 0.6503405 0.4886332 0.6425784 0.6244434 0.6425268 0.490603 0.6425784 0.6244434 0.6370401 0.4918902 0.6425268 0.490603 0.9937083 0.804889 0.986025 0.676491 0.994039 0.6764183 0.9856861 0.8038591 0.9776669 0.6762813 0.986025 0.676491 0.9773361 0.8047521 0.9712042 0.6758452 0.9776669 0.6762813 0.4049196 0.3977619 0.3920641 0.2620926 0.39992 0.2639138 0.3972363 0.4001331 0.3839283 0.2603421 0.3920641 0.2620926 0.118708 0.8662658 0.1250661 0.7235685 0.1250661 0.8668985 0.1250661 0.8668985 0.1334016 0.7228065 0.1333923 0.8672437 0.1323408 0.6906566 0.1414558 0.7238788 0.1334016 0.7228065 0.643697 0.6653123 0.6584014 0.6287364 0.6645117 0.6300964 0.6584014 0.6287364 0.6332629 0.6556157 0.6503732 0.6266673 0.6503732 0.6266673 0.6276069 0.6497731 0.6425784 0.6244434 0.6276069 0.6497731 0.6371057 0.6226605 0.6425784 0.6244434 0.9949264 0.8246578 0.9856861 0.8038591 0.9937083 0.804889 0.9856861 0.8038591 0.9785543 0.8245209 0.9773361 0.8047521 0.4244855 0.4183337 0.4049196 0.3977619 0.4102644 0.3960967 0.4049196 0.3977619 0.415387 0.4285149 0.3972363 0.4001331 0.415387 0.4285149 0.3892732 0.4025753 0.3972363 0.4001331 0.4096927 0.4345049 0.3831639 0.4044339 0.3892732 0.4025753 0.1250661 0.7235685 0.1323408 0.6906566 0.1334016 0.7228065 0.1576877 0.8938229 0.1661913 0.9301236 0.1579762 0.9313016 0.165918 0.8937312 0.1722131 0.9270927 0.1661913 0.9301236 0.6059609 0.6679278 0.6332629 0.6556157 0.6391523 0.6613035 0.6037572 0.6601663 0.6276069 0.6497731 0.6332629 0.6556157 0.3476733 0.9347196 0.3535315 0.9571419 0.3475545 0.9600518 0.3536022 0.9347744 0.3617299 0.9561501 0.3535315 0.9571419 0.3617299 0.9561501 0.3700234 0.9349743 0.3699527 0.9573418 0.3699527 0.9573418 0.3761156 0.9350658 0.3759968 0.960398 0.4208015 0.4225959 0.4450072 0.4320913 0.415387 0.4285149 0.415387 0.4285149 0.44307 0.4400334 0.4096927 0.4345049 0.143769 0.9274172 0.1494958 0.8939186 0.1497691 0.930311 0.1497691 0.930311 0.1576877 0.8938229 0.1579762 0.9313016 0.7025133 0.6628178 0.6888775 0.6912215 0.6825852 0.6873046 0.7081038 0.6676186 0.6964133 0.6951056 0.6888775 0.6912215 0.7137218 0.6739179 0.7031732 0.6979161 0.6964133 0.6951056 0.8160337 0.4736031 0.8319856 0.4647545 0.8214218 0.4779554 0.8214218 0.4779554 0.8374838 0.471141 0.8286985 0.4822022 0.8286985 0.4822022 0.8440485 0.4749275 0.8359143 0.4852055 0.0373156 0.7813288 0.04287993 0.7974221 0.03166532 0.7863118 0.03166532 0.7863118 0.03786402 0.8041781 0.0245167 0.7908476 0.0245167 0.7908476 0.03404599 0.8100839 0.01778531 0.7937207 0.1889865 0.4032692 0.1724814 0.3891759 0.1783871 0.3855753 0.1850759 0.4100874 0.1646948 0.3924126 0.1724814 0.3891759 0.1571137 0.3944181 0.1787499 0.4156795 0.1717035 0.4185472 0.7025133 0.6628178 0.7344992 0.6435964 0.7081038 0.6676186 0.7081038 0.6676186 0.737641 0.6512914 0.7137218 0.6739179 0.7137218 0.6739179 0.7383987 0.659308 0.717862 0.6800276 0.8290272 0.4574791 0.8476271 0.4488942 0.8319856 0.4647545 0.8319856 0.4647545 0.8510932 0.4560975 0.8374838 0.471141 0.8374838 0.471141 0.8569142 0.460183 0.8440485 0.4749275 0.06305468 0.8071979 0.04287993 0.7974221 0.04774969 0.7916264 0.05915993 0.8134695 0.03786402 0.8041781 0.04287993 0.7974221 0.05680775 0.8215257 0.03404599 0.8100839 0.03786402 0.8041781 0.2048102 0.4225227 0.1850759 0.4100874 0.1889865 0.4032692 0.2034787 0.430812 0.1787499 0.4156795 0.1850759 0.4100874 0.1990407 0.4374811 0.1717035 0.4185472 0.1787499 0.4156795 0.8997077 0.4405032 0.8878424 0.4809821 0.8923402 0.4410063 0.7660201 0.6435623 0.737641 0.6512914 0.7344992 0.6435964 0.737641 0.6512914 0.7643097 0.65928 0.7383987 0.659308 0.8856534 0.3602775 0.8950312 0.3880826 0.8906459 0.3924233 0.8906629 0.359955 0.9023392 0.3846917 0.8950312 0.3880826 0.9023392 0.3846917 0.9068671 0.35905 0.9106115 0.3831593 0.9106115 0.3831593 0.91372 0.35871 0.9176315 0.383896 0.08040386 0.8137433 0.05680775 0.8215257 0.05915993 0.8134695 0.0805329 0.8218315 0.05662858 0.8292078 0.05680775 0.8215257 0.2048102 0.4225227 0.2257249 0.4247866 0.2034787 0.430812 0.9152053 0.4448935 0.9035791 0.4819019 0.9080769 0.4419261 0.9080769 0.4419261 0.8950861 0.4815797 0.8997077 0.4405032 0.899408 0.620342 0.8878424 0.4809821 0.8950861 0.4815797 0.1513987 0.554334 0.206515 0.6471679 0.1992051 0.6508846 0.206515 0.6471679 0.1665351 0.5490361 0.2119215 0.6407266 0.3089272 0.8273428 0.2453278 0.7571327 0.3143079 0.8214117 0.8906629 0.359955 0.9023392 0.2322892 0.8984276 0.3595057 0.8984276 0.3595057 0.9107333 0.2329257 0.9068671 0.35905 0.9068671 0.35905 0.9176315 0.2314934 0.91372 0.35871 0.6630362 0.6785902 0.6088182 0.7617404 0.6558724 0.6745801 0.6088182 0.7617404 0.6507403 0.6679279 0.6558724 0.6745801 0.7638921 0.05748045 0.8364695 0 0.8415799 0.005595743 0.9152053 0.6166547 0.9035791 0.4819019 0.9110459 0.4818623 0.9078575 0.6196004 0.8950861 0.4815797 0.9035791 0.4819019 0.1435375 0.5144402 0.1513987 0.554334 0.1437697 0.5535784 0.1511728 0.5162444 0.1597315 0.5526713 0.1513987 0.554334 0.1597315 0.5526713 0.1663494 0.5177255 0.1665351 0.5490361 0.2342312 0.7344738 0.2453278 0.7571327 0.2378204 0.7610537 0.2453278 0.7571327 0.2505012 0.7353912 0.2533134 0.7562163 0.908088 0.2132238 0.9107333 0.2329257 0.9023392 0.2322892 0.6237012 0.7867625 0.6170758 0.7637366 0.6247522 0.7632929 0.6170758 0.7637366 0.6075922 0.7891217 0.6088182 0.7617404 0.6075922 0.7891217 0.6021918 0.7578393 0.6088182 0.7617404 0.7638921 0.05748045 0.7505944 0.08006536 0.7564538 0.05345439 0.7564538 0.05345439 0.7423123 0.08158367 0.7486484 0.05280822 0.9078575 0.6196004 0.9068447 0.6480266 0.899408 0.620342 0.1610488 0.4826892 0.1511728 0.5162444 0.1435375 0.5144402 0.1683205 0.485558 0.1595225 0.5174469 0.1511728 0.5162444 0.1756768 0.4896689 0.1663494 0.5177255 0.1595225 0.5174469 0.2512611 0.7103021 0.2421872 0.7338753 0.2342312 0.7344738 0.2578675 0.7134482 0.2505012 0.7353912 0.2421872 0.7338753 0.2651935 0.7177054 0.2569455 0.7386154 0.2505012 0.7353912 0.6237012 0.7867625 0.627659 0.805652 0.615978 0.7882543 0.615978 0.7882543 0.620145 0.8094651 0.6075922 0.7891217 0.6075922 0.7891217 0.6145344 0.8134996 0.6007906 0.7891322 0.7586837 0.08113461 0.7682027 0.1074977 0.7505944 0.08006536 0.7505944 0.08006536 0.7607994 0.1116159 0.7423123 0.08158367 0.7423123 0.08158367 0.7548654 0.1162666 0.7360568 0.08528262 0.1610488 0.4826892 0.1851155 0.4640557 0.1683205 0.485558 0.1683205 0.485558 0.1907343 0.470339 0.1756768 0.4896689 0.1756768 0.4896689 0.1938307 0.4775581 0.1811468 0.4939205 0.2668519 0.6931738 0.2578675 0.7134482 0.2512611 0.7103021 0.2706721 0.6994834 0.2651935 0.7177054 0.2578675 0.7134482 0.2759585 0.7060564 0.2712762 0.721933 0.2651935 0.7177054 0.6425221 0.8138108 0.627659 0.805652 0.6350633 0.8030819 0.6357175 0.8172002 0.620145 0.8094651 0.627659 0.805652 0.6298416 0.823252 0.6145344 0.8134996 0.620145 0.8094651 0.7750917 0.1050154 0.7862032 0.1279603 0.7682027 0.1074977 0.7682027 0.1074977 0.7807983 0.1344172 0.7607994 0.1116159 0.7607994 0.1116159 0.7755957 0.1399239 0.7548654 0.1162666 0.1784797 0.4603917 0.2079764 0.4447196 0.1851155 0.4640557 0.1851155 0.4640557 0.2115792 0.4518572 0.1907343 0.470339 0.1907343 0.470339 0.2119215 0.4602433 0.1938307 0.4775581 0.2668519 0.6931738 0.2887729 0.6815557 0.2706721 0.6994834 0.2706721 0.6994834 0.2915145 0.6893985 0.2759585 0.7060564 0.2759585 0.7060564 0.2959191 0.6949385 0.2812945 0.7111316 0.6544158 0.8292722 0.6357175 0.8172002 0.6425221 0.8138108 0.6483308 0.8330027 0.6298416 0.823252 0.6357175 0.8172002 0.6444205 0.8399862 0.6264687 0.8303446 0.6298416 0.823252 0.8117817 0.1426697 0.7862032 0.1279603 0.7903622 0.1222833 0.8111507 0.1503286 0.7807983 0.1344172 0.7862032 0.1279603 0.8083286 0.1582363 0.7755957 0.1399239 0.7807983 0.1344172 0.8654937 0.4260478 0.8685642 0.3854649 0.8737969 0.4246888 0.8737969 0.4246888 0.8763368 0.3851781 0.8811759 0.4214515 0.8763368 0.3851781 0.8856535 0.4172034 0.8811759 0.4214515 0.3143079 0.6747837 0.2887729 0.6815557 0.288429 0.6735115 0.2887729 0.6815557 0.3117904 0.6903953 0.2915145 0.6893985 0.9915385 0.2429634 0.9872058 0.2176966 0.994576 0.2172328 0.9872058 0.2176966 0.975807 0.2419598 0.9788445 0.2162291 0.975807 0.2419598 0.9717324 0.2132238 0.9788445 0.2162291 0.6444205 0.8399862 0.6630362 0.8415236 0.6437327 0.8483517 0.8117817 0.1426697 0.8415799 0.1524701 0.8111507 0.1503286 0.8415799 0.1524701 0.8083286 0.1582363 0.8111507 0.1503286 0.8584909 0.4251645 0.8601168 0.385744 0.8654937 0.4260478 0.8601168 0.385744 0.8760941 0.2442544 0.8685642 0.3854649 0.8685642 0.3854649 0.8836789 0.2469481 0.8763368 0.3851781 0.7617225 0.8181051 0.692363 0.7492765 0.7667909 0.8119118 0.8440065 0.6209547 0.8072465 0.5249295 0.8495347 0.614615 0.8072465 0.5249295 0.8569142 0.6110345 0.8495347 0.614615 0.994576 0.3669278 0.9842981 0.2423273 0.9915385 0.2429634 0.987298 0.3652276 0.975807 0.2419598 0.9842981 0.2423273 0.9788445 0.3659241 0.96834 0.2419596 0.975807 0.2419598 0.01147049 0.7505009 0.07831209 0.6906566 0.08374297 0.6959499 0.170377 0.3291483 0.2211213 0.2361317 0.2257249 0.2431507 0.2211213 0.2361317 0.1559917 0.3221484 0.2142879 0.2315943 0.8532581 0.3859406 0.8677155 0.2434425 0.8601168 0.385744 0.8775381 0.2132238 0.8760941 0.2442544 0.8677155 0.2434425 0.6711136 0.7228114 0.6850672 0.7535691 0.6771391 0.754885 0.6850672 0.7535691 0.6874099 0.7229111 0.692363 0.7492765 0.8007856 0.4971292 0.8072465 0.5249295 0.8003749 0.5284377 0.8076059 0.4975345 0.8156094 0.5234218 0.8072465 0.5249295 0.8156094 0.5234218 0.8235308 0.5008375 0.8232228 0.5243188 0.9916691 0.3818619 0.9788445 0.3659241 0.987298 0.3652276 0.01930075 0.7506985 0.008138537 0.7714247 0.01147049 0.7505009 0.01147049 0.7505009 0 0.770821 0.003807902 0.7469081 0.1665644 0.3602448 0.1640712 0.32476 0.170377 0.3291483 0.1640712 0.32476 0.1513535 0.3599775 0.1559917 0.3221484 0.1513535 0.3599775 0.1483034 0.3220133 0.1559917 0.3221484 0.6825852 0.6873046 0.6711136 0.7228114 0.6645117 0.7199147 0.6888775 0.6912215 0.6794949 0.7239081 0.6711136 0.7228114 0.6964133 0.6951056 0.6874099 0.7229111 0.6794949 0.7239081 0.8160337 0.4736031 0.8076059 0.4975345 0.8007856 0.4971292 0.8214218 0.4779554 0.8159312 0.4988917 0.8076059 0.4975345 0.8286985 0.4822022 0.8235308 0.5008375 0.8159312 0.4988917 0.0223447 0.7653825 0.03166532 0.7863118 0.01631724 0.769434 0.01631724 0.769434 0.0245167 0.7908476 0.008138537 0.7714247 0.008138537 0.7714247 0.01778531 0.7937207 0 0.770821 0.1665644 0.3602448 0.1724814 0.3891759 0.1597819 0.3597435 0.1597819 0.3597435 0.1646948 0.3924126 0.1513535 0.3599775 0.1513535 0.3599775 0.1571137 0.3944181 0.1435375 0.3608839 0.01435387 0.8978922 0.02182716 0.9266848 0.01364338 0.9278393 0.2903515 0.4460825 0.3191107 0.440356 0.3210166 0.4462376 0.2915511 0.4402099 0.3168866 0.4324679 0.3191107 0.440356 0.3168866 0.4324679 0.2958653 0.4245659 0.3149403 0.424687 0.6299455 0.9080131 0.635681 0.8898288 0.6360488 0.9048475 0.6360488 0.9048475 0.6439182 0.8898034 0.6442936 0.9037529 0.6442936 0.9037529 0.6521029 0.8900032 0.6524707 0.905022 0.07968133 0.2587047 0.06191509 0.2531124 0.08095473 0.253096 0.08095473 0.253096 0.05969214 0.2453245 0.08297801 0.245314 0.05969214 0.2453245 0.08520859 0.2374438 0.08297801 0.245314 0.05767673 0.2374482 0.08704912 0.2315944 0.08520859 0.2374438 0.01364338 0.9278393 0.006107568 0.8977671 0.01435387 0.8978922 0.01435387 0.8978922 0.02252632 0.8616365 0.0225293 0.8978086 0.0225293 0.8978086 0.02844321 0.8643689 0.02844321 0.8975389 0.2915511 0.4402099 0.2642765 0.4275191 0.2935693 0.4323344 0.2935693 0.4323344 0.2702368 0.4218591 0.2958653 0.4245659 0.6295986 0.8900722 0.6359942 0.867888 0.635681 0.8898288 0.635681 0.8898288 0.6442167 0.8689625 0.6439182 0.8898034 0.6442167 0.8689625 0.6521029 0.8900032 0.6439182 0.8898034 0.6524161 0.8680624 0.6580422 0.8903744 0.6521029 0.8900032 0.03623449 0.2557134 0.05969214 0.2453245 0.06191509 0.2531124 0.03033322 0.2500181 0.05767673 0.2374482 0.05969214 0.2453245 0 0.8642969 0.006107568 0.8977671 0 0.897467 0.006104648 0.8615951 0.01435387 0.8978922 0.006107568 0.8977671 0.01396584 0.8295572 0.02252632 0.8616365 0.01434981 0.8606212 0.2547119 0.4376153 0.2396539 0.400532 0.258594 0.4332864 0.2396539 0.400532 0.2642765 0.4275191 0.258594 0.4332864 0.2474409 0.3984041 0.2702368 0.4218591 0.2642765 0.4275191 0.2702368 0.4218591 0.2616873 0.3950114 0.274878 0.4178227 0.6359942 0.867888 0.6446144 0.8502613 0.6442167 0.8689625 0.6442167 0.8689625 0.6528316 0.8485262 0.6524161 0.8680624 0.02744358 0.2825503 0.03623449 0.2557134 0.040762 0.2597949 0.02136057 0.2811268 0.03033322 0.2500181 0.03623449 0.2557134 0.01333451 0.2790617 0.0246396 0.2442344 0.03033322 0.2500181 0.0246396 0.2442344 0 0.2752442 0.02067911 0.2399123 0.005730867 0.8313633 0.01434981 0.8606212 0.006104648 0.8615951 0.9277188 0.7841593 0.9210957 0.6495346 0.929126 0.6480265 0.2342314 0.2567769 0.2396539 0.400532 0.2342312 0.4021967 0.2396539 0.400532 0.2474075 0.2602506 0.2474409 0.3984041 0.2474409 0.3984041 0.255453 0.262425 0.2555056 0.3963834 0.2555056 0.3963834 0.2616205 0.264124 0.2616873 0.3950114 0.05188626 0.8295572 0.04322355 0.9505469 0.04383957 0.8310021 0.04383957 0.8310021 0.03487402 0.9503787 0.03550559 0.8297958 0.02744358 0.2825503 0.02076262 0.4150413 0.02136057 0.2811268 0.02076262 0.4150413 0.01333451 0.2790617 0.02136057 0.2811268 0.01273453 0.4171718 0.005515992 0.2769085 0.01333451 0.2790617 0.9424981 0.7847013 0.9374735 0.6491017 0.9439016 0.6524717 0.9360673 0.7841886 0.929126 0.6480265 0.9374735 0.6491017 0.9292783 0.8256477 0.9196895 0.7846214 0.9277188 0.7841593 0.9212072 0.8249983 0.9141309 0.7854512 0.9196895 0.7846214 0.2396399 0.2581831 0.2645103 0.2312356 0.2474075 0.2602506 0.2645103 0.2312356 0.255453 0.262425 0.2474075 0.2602506 0.2704179 0.237037 0.2616205 0.264124 0.255453 0.262425 0.05125468 0.9501401 0.04382818 0.9755138 0.04322355 0.9505469 0.04382818 0.9755138 0.03487402 0.9503787 0.04322355 0.9505469 0.03550565 0.9764606 0.02844321 0.9496806 0.03487402 0.9503787 0.02076262 0.4150413 0.02970451 0.446264 0.01273453 0.4171718 0.01273453 0.4171718 0.02400523 0.451943 0.004913926 0.4192143 0.9424981 0.7847013 0.937585 0.8245654 0.9360673 0.7841886 0.9360673 0.7841886 0.9292783 0.8256477 0.9277188 0.7841593 0.2733905 0.9256862 0.2817443 0.9556936 0.2735062 0.9575647 0.2909074 0.2132238 0.2588804 0.2255413 0.255037 0.2214799 0.2920542 0.2188128 0.2645103 0.2312356 0.2588804 0.2255413 0.2940006 0.2265937 0.2704179 0.237037 0.2645103 0.2312356 0.6295785 0.8718429 0.6236986 0.8536996 0.6295986 0.8483517 0.6236901 0.8751251 0.6155287 0.8557298 0.6236986 0.8536996 0.6155287 0.8557298 0.6072697 0.8753239 0.6072781 0.8538984 0.6072781 0.8538984 0.6011373 0.8721874 0.6011575 0.848696 0.03561139 0.4404971 0.05918133 0.4510417 0.02970451 0.446264 0.02970451 0.446264 0.05715811 0.4588237 0.02400523 0.451943 0.02400523 0.451943 0.05588471 0.4644324 0.02004051 0.4560121 0.2653219 0.9555661 0.2733905 0.9256862 0.2735062 0.9575647 0.2733905 0.9256862 0.2812789 0.8957229 0.2816321 0.924568 0.2816321 0.924568 0.2873605 0.895462 0.2877262 0.9213851 0.2920542 0.2188128 0.3173177 0.2267273 0.2940006 0.2265937 0.3173177 0.2267273 0.2962247 0.2344818 0.2940006 0.2265937 0.3152996 0.2346028 0.2981307 0.2403635 0.2962247 0.2344818 0.6233226 0.8901636 0.6155246 0.876399 0.6236901 0.8751251 0.6151494 0.8903668 0.6072697 0.8753239 0.6155246 0.876399 0.07918393 0.4373012 0.06141209 0.4431716 0.06325262 0.4373221 0.08045178 0.443155 0.05918133 0.4510417 0.06141209 0.4431716 0.05918133 0.4510417 0.08469009 0.4588193 0.05715811 0.4588237 0.05715811 0.4588237 0.08652502 0.4644325 0.05588471 0.4644324 0.2652097 0.9244405 0.2730419 0.8957717 0.2733905 0.9256862 0.2730419 0.8957717 0.2816758 0.859564 0.2812789 0.8957229 0.2812789 0.8957229 0.2877262 0.8623077 0.2873605 0.895462 0.3196138 0.2189588 0.3466106 0.2315425 0.3173177 0.2267273 0.3173177 0.2267273 0.3409281 0.2373098 0.3152996 0.2346028 0.6292318 0.8898072 0.6236414 0.9121274 0.6233226 0.8901636 0.6233226 0.8901636 0.6154506 0.9112319 0.6151494 0.8903668 0.6154506 0.9112319 0.6069021 0.8903623 0.6151494 0.8903668 0.6072209 0.9123262 0.6007906 0.8901516 0.6069021 0.8903623 0.1061324 0.4405539 0.08246737 0.4510313 0.08045178 0.443155 0.1118261 0.4463376 0.08469009 0.4588193 0.08246737 0.4510313 0.2592818 0.8620868 0.2648565 0.8955954 0.2589162 0.8952411 0.2652535 0.8594365 0.2730419 0.8957717 0.2648565 0.8955954 0.2734503 0.8585131 0.282232 0.8292288 0.2816758 0.859564 0.3776927 0.2572648 0.3525709 0.2258824 0.3572121 0.2218461 0.3715111 0.2586369 0.3466106 0.2315425 0.3525709 0.2258824 0.3634463 0.2606576 0.3409281 0.2373098 0.3466106 0.2315425 0.3409281 0.2373098 0.3502368 0.2644501 0.3370461 0.2416387 0.6236414 0.9121274 0.6159608 0.9298648 0.6154506 0.9112319 0.6159608 0.9298648 0.6072209 0.9123262 0.6154506 0.9112319 0.1154903 0.4134765 0.1061324 0.4405539 0.102172 0.4362319 0.1061324 0.4405539 0.1288248 0.4172938 0.1118261 0.4463376 0.1118261 0.4463376 0.1368509 0.419359 0.1177273 0.4520331 0.1368509 0.419359 0.1222548 0.4561144 0.1177273 0.4520331 0.2658097 0.8291013 0.2734503 0.8585131 0.2652535 0.8594365 0.9602593 0.8192346 0.9481019 0.9544325 0.9521799 0.8204892 0.3776927 0.2572648 0.3715251 0.4009856 0.3715111 0.2586369 0.3715111 0.2586369 0.3634796 0.3988112 0.3634463 0.2606576 0.3634463 0.2606576 0.3557118 0.3967438 0.3556594 0.2627854 0.3557118 0.3967438 0.3502368 0.2644501 0.3556594 0.2627854 0.7225193 0.9432656 0.7200977 0.8230528 0.7281761 0.82182 0.7144787 0.943453 0.7117929 0.821693 0.7200977 0.8230528 0.7061362 0.9431384 0.7054868 0.8181051 0.7117929 0.821693 0.1216042 0.2812263 0.1288248 0.4172938 0.1210063 0.4151408 0.1294248 0.2791838 0.1368509 0.419359 0.1288248 0.4172938 0.1368509 0.419359 0.1435375 0.2754056 0.1429339 0.4207826 0.9685615 0.820637 0.9561405 0.9542152 0.9602593 0.8192346 0.9561405 0.9958385 0.9481019 0.9544325 0.9561405 0.9542152 0.356887 0.4379815 0.3715251 0.4009856 0.3776927 0.4026846 0.3522844 0.4336274 0.3634796 0.3988112 0.3715251 0.4009856 0.3634796 0.3988112 0.3407469 0.4221318 0.3557118 0.3967438 0.7281761 0.9716883 0.7225193 0.9432656 0.7281038 0.9426264 0.7225841 0.9692881 0.7144787 0.943453 0.7225193 0.9432656 0.7144787 0.943453 0.706201 0.969161 0.7061362 0.9431384 0.7061362 0.9431384 0.6997996 0.9714678 0.6997272 0.942406 0.1067554 0.2557707 0.1294248 0.2791838 0.1216042 0.2812263 0.1294248 0.2791838 0.1183616 0.2443245 0.137453 0.2770533 0.9708957 0.9554302 0.9644836 0.9950883 0.9644836 0.9545803 0.9644836 0.9950883 0.9561405 0.9542152 0.9644836 0.9545803 0.01364338 0.9278393 0.02129453 0.9578815 0.01309508 0.959792 0.3210166 0.4462376 0.3522844 0.4336274 0.356887 0.4379815 0.3191107 0.440356 0.3463769 0.4278261 0.3522844 0.4336274 0.3168866 0.4324679 0.3407469 0.4221318 0.3463769 0.4278261 0.6299455 0.9080131 0.6360514 0.9262409 0.629952 0.9314632 0.6360488 0.9048475 0.6442948 0.9243933 0.6360514 0.9262409 0.6442948 0.9243933 0.6524707 0.905022 0.6524733 0.9264153 0.6524733 0.9264153 0.658389 0.9083153 0.6583955 0.9317652 0.1067554 0.2557707 0.08297801 0.245314 0.1124548 0.2500916 0.1124548 0.2500916 0.08520859 0.2374438 0.1183616 0.2443245 0.1183616 0.2443245 0.08704912 0.2315944 0.1228933 0.2400147 0.004872858 0.9578401 0.01364338 0.9278393 0.01309508 0.959792 0.747783 0.217423 0.7155836 0.2195793 0.7167674 0.2132238 0.7454859 0.2236393 0.7158211 0.2277971 0.7155836 0.2195793 0.7426818 0.2314767 0.7174162 0.235675 0.7158211 0.2277971 0.8439733 0.1418246 0.8534781 0.1253415 0.8505077 0.1427127 0.8505077 0.1427127 0.8613113 0.1285862 0.8588837 0.1431171 0.8588837 0.1431171 0.8690859 0.1294382 0.8668572 0.1429296 0.7391533 0.4670729 0.7224408 0.4630078 0.7379336 0.460693 0.7379336 0.460693 0.7196127 0.4551715 0.7381439 0.4524661 0.7381439 0.4524661 0.7170459 0.4478358 0.7397279 0.4445968 0.4027082 0.9163019 0.3941026 0.8975294 0.4003263 0.8961642 0.3969868 0.9213532 0.3858183 0.8978593 0.3941026 0.8975294 0.3776927 0.8970658 0.38907 0.9243816 0.3810792 0.9245757 0.747783 0.217423 0.7804483 0.2347612 0.7454859 0.2236393 0.7454859 0.2236393 0.7750137 0.2410154 0.7426818 0.2314767 0.7426818 0.2314767 0.7688606 0.2462109 0.7401223 0.2388353 0.8476855 0.1205735 0.8595482 0.1028684 0.8534781 0.1253415 0.8534781 0.1253415 0.8660545 0.107994 0.8613113 0.1285862 0.8613113 0.1285862 0.8733437 0.1095345 0.8690859 0.1294382 0.7032418 0.4723658 0.7224408 0.4630078 0.7247728 0.4692448 0.6999478 0.4667099 0.7196127 0.4551715 0.7224408 0.4630078 0.6944915 0.4604613 0.7170459 0.4478358 0.7196127 0.4551715 0.4087844 0.939661 0.3969868 0.9213532 0.4027082 0.9163019 0.4045988 0.9469552 0.38907 0.9243816 0.3969868 0.9213532 0.3978063 0.9516255 0.3810792 0.9245757 0.38907 0.9243816 0.4713218 0.6785602 0.4573519 0.7175456 0.4641345 0.6794182 0.8005887 0.2661634 0.7750137 0.2410154 0.7804483 0.2347612 0.7750137 0.2410154 0.7854165 0.2720243 0.7688606 0.2462109 0.7854165 0.2720243 0.7636379 0.2489559 0.7688606 0.2462109 0.9236295 0.1503511 0.9359052 0.1752201 0.9285122 0.1786059 0.9315332 0.1499202 0.9441065 0.1735959 0.9359052 0.1752201 0.9441065 0.1735959 0.9465462 0.1488687 0.9509183 0.1741686 0.6869881 0.4869107 0.6944915 0.4604613 0.6999478 0.4667099 0.6800181 0.4830215 0.6883345 0.4552943 0.6944915 0.4604613 0.6883345 0.4552943 0.6645184 0.4815994 0.683127 0.4525934 0.4804366 0.7192687 0.4795846 0.6802406 0.4867091 0.6840094 0.472802 0.7183679 0.4713218 0.6785602 0.4795846 0.6802406 0.4639502 0.8622575 0.4573519 0.7175456 0.4643524 0.7177372 0.8005887 0.385654 0.7936391 0.2700554 0.8005887 0.2661634 0.7936391 0.2700554 0.7854323 0.385581 0.7854165 0.2720243 0.7854165 0.2720243 0.7781491 0.3816734 0.7781242 0.2715427 0.9236295 0.1503511 0.9359053 0.02342456 0.9315332 0.1499202 0.9315332 0.1499202 0.944244 0.02396792 0.9399214 0.1493776 0.9399214 0.1493776 0.9509183 0.02237296 0.9465462 0.1488687 0.6869881 0.4869107 0.6799936 0.5927594 0.6800181 0.4830215 0.6799936 0.5927594 0.6717936 0.4810774 0.6800181 0.4830215 0.671778 0.5942288 0.6645184 0.4815994 0.6717936 0.4810774 0.4800068 0.8596518 0.472802 0.7183679 0.4804366 0.7192687 0.4723923 0.8617796 0.4643524 0.7177372 0.472802 0.7183679 0.6645117 0.9144427 0.6886846 0.9451795 0.6813125 0.9474185 0.672334 0.9130873 0.6954248 0.9400746 0.6886846 0.9451795 0.6954248 0.9400746 0.6862866 0.9070912 0.6997272 0.9334718 0.7854323 0.385581 0.7635522 0.4006237 0.7781491 0.3816734 0.9352509 0 0.9359053 0.02342456 0.9281364 0.0208882 0.9359053 0.02342456 0.9503424 0.006063699 0.944244 0.02396792 0.1938343 0.8595749 0.1951615 0.8357284 0.2027886 0.8382247 0.1951615 0.8357284 0.1778935 0.8556846 0.1883401 0.8307761 0.6799936 0.5927594 0.6884429 0.6157433 0.671778 0.5942288 0.6884429 0.6157433 0.6645117 0.5981642 0.671778 0.5942288 0.486709 0.8888857 0.4723923 0.8617796 0.4800068 0.8596518 0.4723923 0.8617796 0.4713972 0.8947396 0.4639502 0.8622575 0.6655794 0.8774142 0.672334 0.9130873 0.6645117 0.9144427 0.6735513 0.87717 0.6803042 0.9103964 0.672334 0.9130873 0.68193 0.8775148 0.6862866 0.9070912 0.6803042 0.9103964 0.7399185 0.4074163 0.7635522 0.4006237 0.7687501 0.4072387 0.7383232 0.3995382 0.7606774 0.3933307 0.7635522 0.4006237 0.7380857 0.3913205 0.7608959 0.3873135 0.7606774 0.3933307 0.1938343 0.8595749 0.1887932 0.8784623 0.1858075 0.858032 0.1858075 0.858032 0.1805326 0.8791657 0.1778935 0.8556846 0.1778935 0.8556846 0.1743786 0.8808102 0.1722131 0.8531619 0.6884429 0.6157433 0.7156619 0.6236777 0.6832597 0.622368 0.6832597 0.622368 0.7154515 0.6319047 0.6804147 0.6296838 0.6804147 0.6296838 0.7166714 0.6382846 0.68067 0.6357302 0.6655794 0.8774142 0.6783437 0.849164 0.6735513 0.87717 0.6735513 0.87717 0.6862003 0.8523529 0.68193 0.8775148 0.68193 0.8775148 0.6920276 0.8570796 0.6884706 0.8783565 0.7172124 0.404256 0.7383232 0.3995382 0.7399185 0.4074163 0.7197719 0.3968975 0.7380857 0.3913205 0.7383232 0.3995382 0.7225759 0.3890601 0.7392696 0.384965 0.7380857 0.3913205 0.1989136 0.8915787 0.1887932 0.8784623 0.1969469 0.8788886 0.19094 0.8921329 0.1805326 0.8791657 0.1887932 0.8784623 0.1831717 0.8955154 0.1743786 0.8808102 0.1805326 0.8791657 0.7172459 0.6158085 0.7424946 0.6199052 0.7156619 0.6236777 0.7156619 0.6236777 0.7453228 0.6277415 0.7154515 0.6319047 0.7154515 0.6319047 0.7476547 0.6339785 0.7166714 0.6382846 0.6705629 0.8483673 0.6891502 0.8195938 0.6783437 0.849164 0.6783437 0.849164 0.6956936 0.8246729 0.6862003 0.8523529 0.6862003 0.8523529 0.6997272 0.8319818 0.6920276 0.8570796 0.7172124 0.404256 0.6946272 0.3916845 0.7197719 0.3968975 0.7197719 0.3968975 0.7000618 0.3854305 0.7225759 0.3890601 0.7225759 0.3890601 0.7033219 0.3797937 0.724873 0.3828437 0.2027886 0.9102966 0.19094 0.8921329 0.1989136 0.8915787 0.1952539 0.9114328 0.1831717 0.8955154 0.19094 0.8921329 0.1886847 0.9164046 0.17769 0.9008195 0.1831717 0.8955154 0.7686393 0.6051109 0.7424946 0.6199052 0.7399278 0.6125693 0.7747962 0.6102779 0.7453228 0.6277415 0.7424946 0.6199052 0.7802526 0.6165265 0.7476547 0.6339785 0.7453228 0.6277415 0.8724524 0.6524866 0.8722874 0.6115566 0.8805851 0.6505555 0.8805851 0.6505555 0.8801689 0.610829 0.8878424 0.6468945 0.664626 0.3705851 0.6884741 0.3968802 0.6832513 0.3996252 0.6719182 0.3710668 0.6946272 0.3916845 0.6884741 0.3968802 0.6946272 0.3916845 0.6870905 0.3652058 0.7000618 0.3854305 0.96834 0.2171151 0.9577491 0.2418189 0.9611834 0.2181948 0.9577491 0.2418189 0.9528713 0.2167705 0.9611834 0.2181948 0.9492837 0.2414495 0.9456309 0.2132238 0.9528713 0.2167705 0.7779051 0.5798497 0.7686393 0.6051109 0.7634317 0.60241 0.7686393 0.6051109 0.7934048 0.5812719 0.7747962 0.6102779 0.7934048 0.5812719 0.7802526 0.6165265 0.7747962 0.6102779 0.8573258 0.6131714 0.8724524 0.6524866 0.8656236 0.6521704 0.8639264 0.612414 0.8718757 0.4709337 0.8722874 0.6115566 0.8722874 0.6115566 0.8797369 0.4731763 0.8801689 0.610829 0.664626 0.3705851 0.6719025 0.2575101 0.6719182 0.3710668 0.6719182 0.3710668 0.6801159 0.2589671 0.6801407 0.3690979 0.6801159 0.2589671 0.6870905 0.3652058 0.6801407 0.3690979 0.96834 0.3708263 0.9577491 0.2418189 0.9647523 0.2417941 0.9612943 0.3697433 0.9492837 0.2414495 0.9577491 0.2418189 0.9528713 0.3704817 0.9416242 0.2407851 0.9492837 0.2414495 0.7779296 0.4701119 0.7851803 0.5793278 0.7779051 0.5798497 0.7851958 0.4661765 0.7934048 0.5812719 0.7851803 0.5793278 0.7934048 0.5812719 0.8003749 0.4660977 0.8003749 0.5851612 0.8573258 0.6131714 0.863522 0.470704 0.8639264 0.612414 0.8725281 0.4405032 0.8718757 0.4709337 0.863522 0.470704 0.8718757 0.4709337 0.8878424 0.4459956 0.8797369 0.4731763 0.6646193 0.2536025 0.6885846 0.2358526 0.6719025 0.2575101 0.8548278 0.1970185 0.8475863 0.1672804 0.8591782 0.1904464 0.8475863 0.1672804 0.8659554 0.1853897 0.8591782 0.1904464 0.8555758 0.1646463 0.8733437 0.1832031 0.8659554 0.1853897 0.9612943 0.3697433 0.9581824 0.3906872 0.9528713 0.3704817 0.9581824 0.3906872 0.9453282 0.3728439 0.9528713 0.3704817 0.7779296 0.4701119 0.7685309 0.444662 0.7851958 0.4661765 0.7685309 0.444662 0.7934114 0.4647072 0.7851958 0.4661765 0.4087844 0.8342847 0.3860878 0.8629688 0.4021992 0.8290299 0.3860878 0.8629688 0.3946958 0.8261921 0.4021992 0.8290299 0.7167674 0.2132238 0.6805118 0.2219446 0.6807304 0.2159275 0.7155836 0.2195793 0.6833867 0.2292377 0.6805118 0.2219446 0.7158211 0.2277971 0.6885846 0.2358526 0.6833867 0.2292377 0.8439733 0.1418246 0.8475863 0.1672804 0.8415799 0.170543 0.8505077 0.1427127 0.8555758 0.1646463 0.8475863 0.1672804 0.8588837 0.1431171 0.8634079 0.1633465 0.8555758 0.1646463 0.7607581 0.4646489 0.7379336 0.460693 0.7605026 0.4586024 0.7605026 0.4586024 0.7381439 0.4524661 0.7633478 0.4512866 0.7633478 0.4512866 0.7397279 0.4445968 0.7685309 0.444662 0.3994426 0.8684471 0.3941026 0.8975294 0.3938848 0.8656706 0.3938848 0.8656706 0.3858183 0.8978593 0.3860878 0.8629688 0.3860878 0.8629688 0.3776927 0.8970658 0.3781407 0.8610655 0.6818217 0.002667903 0.6498136 0.006312966 0.6503124 0 0.6801933 0.00889635 0.6505656 0.01448148 0.6498136 0.006312966 0.6778594 0.01683413 0.6523671 0.02231669 0.6505656 0.01448148 0.5209705 0.8834375 0.5291149 0.8636459 0.5276964 0.8823482 0.5276964 0.8823482 0.5372366 0.8660029 0.5361056 0.8816563 0.5361056 0.8816563 0.5449707 0.8670094 0.5439448 0.881547 0.527778 0.0219078 0.5126252 0.01590615 0.5286023 0.0157569 0.5286023 0.0157569 0.5112126 0.007858037 0.5302995 0.007738113 0.5302995 0.007738113 0.5090798 8.01237e-5 0.532415 0 0.754158 0.9034775 0.7444339 0.8799227 0.7512289 0.8807134 0.7479591 0.9068297 0.7359961 0.8796252 0.7444339 0.8799227 0.7281761 0.8799003 0.7399575 0.9095649 0.7322972 0.9109501 0.6818217 0.002667903 0.715648 0.01837372 0.6801933 0.00889635 0.6801933 0.00889635 0.7106462 0.02484405 0.6778594 0.01683413 0.6778594 0.01683413 0.7045876 0.03035986 0.6754454 0.02435415 0.5227818 0.8605703 0.5332134 0.8387845 0.5291149 0.8636459 0.5291149 0.8636459 0.5401472 0.8435974 0.5372366 0.8660029 0.5372366 0.8660029 0.5474463 0.8455029 0.5449707 0.8670094 0.4909436 0.0222361 0.5126252 0.01590615 0.512939 0.02206796 0.4896497 0.01653766 0.5112126 0.007858037 0.5126252 0.01590615 0.4855603 0.009755015 0.5090798 8.01237e-5 0.5112126 0.007858037 0.7612702 0.9314152 0.7479591 0.9068297 0.754158 0.9034775 0.7568641 0.9380497 0.7399575 0.9095649 0.7479591 0.9068297 0.750175 0.9431876 0.7322972 0.9109501 0.7399575 0.9095649 0.3593344 0.7104462 0.3532466 0.6751401 0.3611737 0.6735115 0.715648 0.01837372 0.7295196 0.05325055 0.7106462 0.02484405 0.7295196 0.05325055 0.7045876 0.03035986 0.7106462 0.02484405 0.721364 0.05561 0.6990959 0.03344285 0.7045876 0.03035986 0.9436438 0.4672009 0.9373959 0.4442481 0.9435419 0.4405032 0.9373959 0.4442481 0.929224 0.4684607 0.9291365 0.4455769 0.929224 0.4684607 0.9209769 0.4441338 0.9291365 0.4455769 0.4896497 0.01653766 0.4709615 0.03099501 0.4855603 0.009755015 0.4709615 0.03099501 0.4797708 0.003705978 0.4855603 0.009755015 0.4797708 0.003705978 0.4550626 0.02731901 0.4738324 1.09129e-5 0.3744602 0.7120749 0.3695444 0.6748633 0.3761156 0.6788339 0.3695444 0.6748633 0.3593344 0.7104462 0.3611737 0.6735115 0.3610768 0.8569574 0.3514566 0.711085 0.3593344 0.7104462 0.7360568 0.1698171 0.7295196 0.05325055 0.7360568 0.04909062 0.7295196 0.05325055 0.7213855 0.1703392 0.721364 0.05561 0.721364 0.05561 0.713809 0.1668034 0.7137752 0.05553674 0.9436438 0.4672009 0.9375159 0.5985394 0.9374872 0.4681538 0.9374872 0.4681538 0.9292631 0.5977267 0.929224 0.4684607 0.929224 0.4684607 0.9210969 0.5984247 0.9210683 0.4680393 0.9210683 0.4680393 0.9152054 0.6004468 0.9152054 0.4670028 0.4717497 0.1442389 0.4630864 0.02797996 0.4709615 0.03099501 0.4639192 0.1447507 0.4550626 0.02731901 0.4630864 0.02797996 0.3761155 0.8543922 0.3677542 0.7108085 0.3744602 0.7120749 0.3694734 0.8561961 0.3593344 0.7104462 0.3677542 0.7108085 0.3644255 0.8926661 0.3531757 0.8564725 0.3610768 0.8569574 0.9406552 0.9530468 0.9300218 0.9244869 0.9471417 0.9479833 0.7295288 0.1714425 0.7044386 0.1930677 0.7213855 0.1703392 0.7213855 0.1703392 0.6989805 0.1866907 0.713809 0.1668034 0.6989805 0.1866907 0.7088292 0.1617824 0.713809 0.1668034 0.9375159 0.5985394 0.9287684 0.618263 0.9292631 0.5977267 0.9287684 0.618263 0.9210969 0.5984247 0.9292631 0.5977267 0.2165734 0.8518489 0.2230965 0.8307761 0.2293293 0.8361226 0.4717497 0.1442389 0.4812202 0.1693443 0.4639192 0.1447507 0.4639192 0.1447507 0.4754035 0.1752843 0.45594 0.1476166 0.4754035 0.1752843 0.44995 0.1520688 0.45594 0.1476166 0.3694734 0.8561961 0.3644255 0.8926661 0.3610768 0.8569574 0.9141309 0.8911564 0.9221426 0.9276393 0.9145098 0.9284272 0.9219664 0.8914133 0.9300218 0.9244869 0.9221426 0.9276393 0.9303994 0.8911148 0.9360359 0.9198145 0.9300218 0.9244869 0.6751703 0.1947057 0.6989805 0.1866907 0.7044386 0.1930677 0.6733689 0.1868705 0.6955514 0.1795898 0.6989805 0.1866907 0.6726168 0.1787019 0.6950704 0.1736676 0.6955514 0.1795898 0.2241446 0.8529693 0.2179527 0.8746619 0.2165734 0.8518489 0.2165734 0.8518489 0.2095384 0.8739734 0.2088508 0.8483393 0.2088508 0.8483393 0.2027886 0.8728685 0.2030461 0.8433806 0.4812202 0.1693443 0.50866 0.1812616 0.4754035 0.1752843 0.4754035 0.1752843 0.5069628 0.1892803 0.4709967 0.181987 0.4709967 0.181987 0.5061384 0.1954312 0.4691806 0.1876562 0.9141309 0.8911564 0.9258965 0.8614824 0.9219664 0.8914133 0.9219664 0.8914133 0.9338963 0.864216 0.9303994 0.8911148 0.9303994 0.8911148 0.940075 0.867584 0.9371699 0.8903409 0.6520919 0.1926681 0.6733689 0.1868705 0.6751703 0.1947057 0.654506 0.1851483 0.6726168 0.1787019 0.6733689 0.1868705 0.6568397 0.1772105 0.6731157 0.172389 0.6726168 0.1787019 0.2268237 0.8892927 0.2179527 0.8746619 0.2257773 0.8747497 0.2191058 0.890321 0.2095384 0.8739734 0.2179527 0.8746619 0.210983 0.8926823 0.2027886 0.8728685 0.2095384 0.8739734 0.5107754 0.1735236 0.5362433 0.1812213 0.50866 0.1812616 0.50866 0.1812616 0.5376558 0.1892695 0.5069628 0.1892803 0.5069628 0.1892803 0.5379697 0.1954312 0.5061384 0.1954312 0.9182193 0.8601158 0.9360493 0.8278921 0.9258965 0.8614824 0.9258965 0.8614824 0.9427446 0.8330233 0.9338963 0.864216 0.9338963 0.864216 0.9471417 0.8396666 0.940075 0.867584 0.6520919 0.1926681 0.6290081 0.1811466 0.654506 0.1851483 0.654506 0.1851483 0.63401 0.1746761 0.6568397 0.1772105 0.6568397 0.1772105 0.6366149 0.1689847 0.658468 0.1709818 0.2293293 0.9108057 0.2191058 0.890321 0.2268237 0.8892927 0.2220495 0.9127351 0.210983 0.8926823 0.2191058 0.890321 0.2151232 0.9175572 0.2046315 0.8957433 0.210983 0.8926823 0.5634196 0.1698176 0.5362433 0.1812213 0.5341106 0.1734432 0.5692093 0.175867 0.5376558 0.1892695 0.5362433 0.1812213 0.5732988 0.1826494 0.5379697 0.1954312 0.5376558 0.1892695 0.5008615 0.8969047 0.5089905 0.8584606 0.5091212 0.8955783 0.5089905 0.8584606 0.5152682 0.8918351 0.5091212 0.8955783 0.6174579 0.1897453 0.6061733 0.1614122 0.6229497 0.1866623 0.6061733 0.1614122 0.6290081 0.1811466 0.6229497 0.1866623 0.6290081 0.1811466 0.6208657 0.1548929 0.63401 0.1746761 0.9909571 0.4100583 0.9816086 0.4337275 0.9830089 0.4115831 0.9816086 0.4337275 0.9746572 0.4101219 0.9830089 0.4115831 0.9746572 0.4101219 0.966506 0.4319014 0.9681396 0.4060661 0.5574814 0.1661225 0.5801039 0.1455435 0.5634196 0.1698176 0.5634196 0.1698176 0.587979 0.1485584 0.5692093 0.175867 0.587979 0.1485584 0.5732988 0.1826494 0.5692093 0.175867 0.4927023 0.8954592 0.5007272 0.8587651 0.5008615 0.8969047 0.5007272 0.8587651 0.5091409 0.7136019 0.5089905 0.8584606 0.5089905 0.8584606 0.5152682 0.7157095 0.5151476 0.8575093 0.5985843 0.1613389 0.6061518 0.04668295 0.6061733 0.1614122 0.6061733 0.1614122 0.6142951 0.04778611 0.6143288 0.1590527 0.6142951 0.04778611 0.6208657 0.1548929 0.6143288 0.1590527 0.9891582 0.5640575 0.9816086 0.4337275 0.9894943 0.4331914 0.9812642 0.5634694 0.9731943 0.4332553 0.9816086 0.4337275 0.9728582 0.5641211 0.966506 0.4319014 0.9731943 0.4332553 0.5712919 0.0316388 0.5801039 0.1455435 0.5720801 0.1448826 0.5792712 0.02877271 0.587979 0.1485584 0.5801039 0.1455435 0.4867091 0.8573029 0.492722 0.7134828 0.4925717 0.8583415 0.4925717 0.8583415 0.5008885 0.7127869 0.5007272 0.8587651 0.5017233 0.6785602 0.5091409 0.7136019 0.5008885 0.7127869 0.5935954 0.03812605 0.6176406 0.0175777 0.5985752 0.04314714 0.6176406 0.0175777 0.6061518 0.04668295 0.5985752 0.04314714 0.6061518 0.04668295 0.6291236 0.02789884 0.6142951 0.04778611 0.5412096 0.9256154 0.5347525 0.904466 0.5474463 0.9202547 0.9891582 0.5640575 0.9829863 0.5849189 0.9812642 0.5634694 0.9829863 0.5849189 0.9728582 0.5641211 0.9812642 0.5634694 0.5653019 0.03609091 0.5561534 0.01011943 0.5712919 0.0316388 0.5712919 0.0316388 0.5619701 0.004179298 0.5792712 0.02877271 0.5792712 0.02877271 0.567638 5.9326e-4 0.5871018 0.02826118 0.7612702 0.8231565 0.7361679 0.8434144 0.7547899 0.8181051 0.4935345 0.6801732 0.5008885 0.7127869 0.492722 0.7134828 0.6503124 0 0.6142115 0.01047676 0.6137304 0.00455451 0.6498136 0.006312966 0.6176406 0.0175777 0.6142115 0.01047676 0.6505656 0.01448148 0.6230987 0.02395457 0.6176406 0.0175777 0.5209705 0.8834375 0.5270333 0.907983 0.5212499 0.912931 0.5276964 0.8823482 0.5347525 0.904466 0.5270333 0.907983 0.5361056 0.8816563 0.5423392 0.9033228 0.5347525 0.904466 0.5499306 0.02249127 0.5286023 0.0157569 0.5517467 0.01682204 0.5517467 0.01682204 0.5302995 0.007738113 0.5561534 0.01011943 0.5561534 0.01011943 0.532415 0 0.5619701 0.004179298 0.7500831 0.8512461 0.7444339 0.8799227 0.744049 0.8465622 0.744049 0.8465622 0.7359961 0.8796252 0.7361679 0.8434144 0.7361679 0.8434144 0.7281761 0.8799003 0.7285516 0.8426463 0.441924 0.8609337 0.4499306 0.8916913 0.4416078 0.8920739 0.4502527 0.8616654 0.4562759 0.890861 0.4499306 0.8916913 0.3133311 0.4462842 0.2878672 0.4540268 0.286103 0.4462376 0.2878672 0.4540268 0.3090808 0.4619424 0.2902658 0.4618967 0.2902658 0.4618967 0.3083918 0.4677842 0.2926561 0.4677388 0.3370203 0.896023 0.329261 0.9106419 0.3289374 0.8961412 0.3289374 0.8961412 0.3209357 0.9113411 0.320624 0.8957271 0.320624 0.8957271 0.3145872 0.9135473 0.3143079 0.8948915 0.6020078 0.2348724 0.5807292 0.2272304 0.6040407 0.2271394 0.5807292 0.2272304 0.6061971 0.2192155 0.6040407 0.2271394 0.5786366 0.2193171 0.6078991 0.2132238 0.6061971 0.2192155 0.4416078 0.8920739 0.4338592 0.8618801 0.441924 0.8609337 0.441924 0.8609337 0.4504428 0.8278132 0.4502527 0.8616654 0.4502527 0.8616654 0.456723 0.8324564 0.4566136 0.863879 0.3133311 0.4462842 0.3399717 0.4588105 0.3108888 0.4540729 0.3108888 0.4540729 0.3345269 0.4645819 0.3090808 0.4619424 0.3429864 0.9140598 0.3370131 0.9339718 0.337332 0.911637 0.337332 0.911637 0.3289197 0.9320901 0.329261 0.9106419 0.3289197 0.9320901 0.3209357 0.9113411 0.329261 0.9106419 0.3206167 0.9336759 0.3145872 0.9135473 0.3209357 0.9113411 0.5572609 0.2376561 0.5807292 0.2272304 0.5829456 0.2349527 0.5513728 0.2320395 0.5786366 0.2193171 0.5807292 0.2272304 0.5456081 0.2262315 0.5772282 0.2133332 0.5786366 0.2193171 0.4340493 0.8280277 0.441924 0.8609337 0.4338592 0.8618801 0.9579864 0.5799049 0.9661925 0.6187928 0.9580146 0.6199926 0.3511356 0.4490349 0.3648883 0.4858238 0.3460509 0.4531198 0.3648883 0.4858238 0.3399717 0.4588105 0.3460509 0.4531198 0.356716 0.4878807 0.3345269 0.4645819 0.3399717 0.4588105 0.9512352 0.1529861 0.960029 0.1775082 0.9533913 0.1808996 0.960029 0.1775082 0.9665467 0.1521887 0.9683949 0.1761147 0.9665467 0.1521887 0.976247 0.1770923 0.9683949 0.1761147 0.5616946 0.2415772 0.5424861 0.2631086 0.5572609 0.2376561 0.5424861 0.2631086 0.5513728 0.2320395 0.5572609 0.2376561 0.5513728 0.2320395 0.5266122 0.2589558 0.5456081 0.2262315 0.9436438 0.5796666 0.9497703 0.6188769 0.9436691 0.6157451 0.9497703 0.6188769 0.9579864 0.5799049 0.9580146 0.6199926 0.9580045 0.4368563 0.966165 0.5797795 0.9579864 0.5799049 0.3715056 0.6297838 0.3648883 0.4858238 0.3715055 0.4843989 0.3648883 0.4858238 0.3567367 0.6259985 0.356716 0.4878807 0.356716 0.4878807 0.3492106 0.6239405 0.3491783 0.4900184 0.9512352 0.1529861 0.9577586 0.02438735 0.9580985 0.1525138 0.9580985 0.1525138 0.9661986 0.02516227 0.9665467 0.1521887 0.9665467 0.1521887 0.9739767 0.02397173 0.9743164 0.1520981 0.5484651 0.2643676 0.5424424 0.3968943 0.5424861 0.2631086 0.5424424 0.3968943 0.5344873 0.2611277 0.5424861 0.2631086 0.5344596 0.3991059 0.5266122 0.2589558 0.5344873 0.2611277 0.9436972 0.4407099 0.949743 0.5798635 0.9436438 0.5796666 0.9497706 0.4379113 0.9579864 0.5799049 0.949743 0.5798635 0.9574238 0.4060661 0.9661924 0.4378272 0.9580045 0.4368563 0.3509384 0.6651449 0.3648973 0.6281374 0.3715056 0.6297838 0.3648973 0.6281374 0.3398299 0.655066 0.3567367 0.6259985 0.3398299 0.655066 0.3492106 0.6239405 0.3567367 0.6259985 0.9534538 0 0.9577586 0.02438735 0.9509183 0.02185463 0.960029 0.004818081 0.9661986 0.02516227 0.9577586 0.02438735 0.9661986 0.02516227 0.976247 0.004402339 0.9739767 0.02397173 0.5618134 0.4178084 0.5424424 0.3968943 0.5484097 0.3950845 0.5424424 0.3968943 0.5515672 0.4281094 0.5344596 0.3991059 0.5344596 0.3991059 0.5458465 0.4337551 0.5266004 0.4011266 0.5458465 0.4337551 0.5209705 0.4024149 0.5266004 0.4011266 0.9497706 0.4379113 0.9574238 0.4060661 0.9580045 0.4368563 0.5827011 0.8696494 0.5751361 0.8335576 0.5832552 0.8323541 0.3154158 0.6735115 0.3458772 0.6608386 0.3509384 0.6651449 0.3130257 0.6676695 0.3398299 0.655066 0.3458772 0.6608386 0.310627 0.6597995 0.3344169 0.6493747 0.3398299 0.655066 0.8640394 0.9115526 0.8705414 0.9334766 0.8643236 0.9371809 0.8703801 0.9106902 0.8788172 0.9320119 0.8705414 0.9334766 0.8788172 0.9320119 0.8867722 0.9103927 0.8869334 0.9331791 0.8869334 0.9331791 0.8924312 0.9110375 0.8927155 0.9366658 0.5574115 0.4222722 0.5810882 0.4327704 0.5515672 0.4281094 0.5515672 0.4281094 0.5790554 0.4405032 0.5458465 0.4337551 0.5977532 0.8374159 0.5910167 0.8700193 0.5915337 0.8337662 0.5915337 0.8337662 0.5827011 0.8696494 0.5832552 0.8323541 0.5827011 0.8696494 0.5749408 0.8998178 0.5746189 0.8698106 0.3154158 0.6735115 0.2857977 0.6676231 0.3130257 0.6676695 0.3130257 0.6676695 0.2876054 0.6597532 0.310627 0.6597995 0.2876054 0.6597532 0.3088628 0.6520105 0.310627 0.6597995 0.8643237 0.892885 0.8703801 0.9106902 0.8640394 0.9115526 0.8706962 0.8950664 0.8787008 0.9102658 0.8703801 0.9106902 0.8790285 0.8957558 0.8867722 0.9103927 0.8787008 0.9102658 0.6008983 0.4187824 0.5832445 0.4248465 0.5849467 0.4188549 0.6023069 0.4247661 0.5810882 0.4327704 0.5832445 0.4248465 0.5810882 0.4327704 0.6066157 0.4404016 0.5790554 0.4405032 0.5973371 0.8708214 0.5913385 0.9000267 0.5910167 0.8700193 0.5910167 0.8700193 0.5830172 0.9007702 0.5827011 0.8696494 0.5830172 0.9007702 0.5750927 0.9336122 0.5749408 0.8998178 0.2851086 0.6734647 0.2530777 0.6607873 0.2857977 0.6676231 0.2857977 0.6676231 0.2585226 0.6550157 0.2876054 0.6597532 0.2876054 0.6597532 0.2646018 0.649325 0.2900477 0.6519646 0.8643237 0.892885 0.8703883 0.872713 0.8706962 0.8950664 0.8706962 0.8950664 0.8786956 0.8742921 0.8790285 0.8957558 0.8786956 0.8742921 0.8870882 0.8947689 0.8790285 0.8957558 0.8867803 0.8724156 0.8927155 0.8923698 0.8870882 0.8947689 0.6279916 0.4220628 0.6043995 0.4326794 0.6023069 0.4247661 0.6337561 0.4278706 0.6066157 0.4404016 0.6043995 0.4326794 0.5977532 0.9291595 0.5913385 0.9000267 0.5976749 0.8977866 0.5914905 0.9338208 0.5830172 0.9007702 0.5913385 0.9000267 0.8960068 0.8226971 0.9074971 0.8611673 0.8991328 0.8625704 0.9074971 0.8611673 0.9113175 0.8218826 0.9141309 0.8577685 0.2530777 0.6607873 0.241778 0.6259456 0.2585226 0.6550157 0.241778 0.6259456 0.2646018 0.649325 0.2585226 0.6550157 0.2646018 0.649325 0.2565673 0.6224638 0.2696865 0.64524 0.9937169 0.8528615 0.9855537 0.8289237 0.9937331 0.827735 0.9855537 0.8289237 0.9772948 0.8529241 0.9773111 0.8277975 0.9772948 0.8529241 0.971214 0.8246578 0.9773111 0.8277975 0.6279916 0.4220628 0.6506415 0.3987821 0.6337561 0.4278706 0.6337561 0.4278706 0.6586402 0.400763 0.6396442 0.4334875 0.6586402 0.400763 0.6440781 0.4374084 0.6396442 0.4334875 0.8912795 0.8616012 0.8960068 0.8226971 0.8991328 0.8625704 0.8960068 0.8226971 0.9040599 0.6800171 0.9044548 0.8223627 0.9044548 0.8223627 0.910903 0.6825422 0.9113175 0.8218826 0.2342401 0.6280831 0.2417575 0.4878277 0.241778 0.6259456 0.241778 0.6259456 0.2499181 0.4899667 0.2499504 0.6238884 0.2499181 0.4899667 0.2565673 0.6224638 0.2499504 0.6238884 0.9933951 0.9806379 0.9855382 0.8529762 0.9937169 0.8528615 0.9852083 0.9796562 0.9772948 0.8529241 0.9855382 0.8529762 0.976973 0.9807005 0.9711959 0.8527191 0.9772948 0.8529241 0.6428101 0.2628247 0.6506415 0.3987821 0.6427662 0.3966103 0.6506694 0.260804 0.6586402 0.400763 0.6506415 0.3987821 0.6586402 0.400763 0.6646193 0.2567827 0.6646193 0.4020222 0.8882373 0.8227965 0.8956191 0.6792519 0.8960068 0.8226971 0.8992054 0.6480265 0.9040599 0.6800171 0.8956191 0.6792519 0.9075501 0.6496288 0.910903 0.6825422 0.9040599 0.6800171 0.2532515 0.4530685 0.2417575 0.4878277 0.2342312 0.4857698 0.2417575 0.4878277 0.2647115 0.4645324 0.2499181 0.4899667 0.2647115 0.4645324 0.2565265 0.4916132 0.2499181 0.4899667 0.9933951 0.9806379 0.9855319 0.9981307 0.9852083 0.9796562 0.9855319 0.9981307 0.976973 0.9807005 0.9852083 0.9796562 0.6371802 0.2641128 0.6278409 0.2374468 0.6428101 0.2628247 0.6428101 0.2628247 0.6335615 0.2318009 0.6506694 0.260804 0.6335615 0.2318009 0.658652 0.2585926 0.6506694 0.260804 0.658652 0.2585926 0.6438077 0.2215 0.6646193 0.2567827 0.8913326 0.6500627 0.8956191 0.6792519 0.8878424 0.6804512 0.4416078 0.8920739 0.4504861 0.9279289 0.4422028 0.9293519 0.4499306 0.8916913 0.456723 0.924256 0.4504861 0.9279289 0.286103 0.4462376 0.2586643 0.4587601 0.2532515 0.4530685 0.2878672 0.4540268 0.2647115 0.4645324 0.2586643 0.4587601 0.3427071 0.8954039 0.3371828 0.8732455 0.3429864 0.8697795 0.3370203 0.896023 0.3290571 0.8744058 0.3371828 0.8732455 0.3290571 0.8744058 0.320624 0.8957271 0.3207864 0.8729497 0.3207864 0.8729497 0.3143079 0.8948915 0.3145871 0.8692669 0.6278409 0.2374468 0.6040407 0.2271394 0.6335615 0.2318009 0.6335615 0.2318009 0.6061971 0.2192155 0.6394057 0.2259639 0.6394057 0.2259639 0.6078991 0.2132238 0.6438077 0.2215 0.4340927 0.9281436 0.4416078 0.8920739 0.4422028 0.9293519 0.2205061 0.5980656 0.2281584 0.6184998 0.2197153 0.6181471 0.4582755 0.4468063 0.4286347 0.4522562 0.4285292 0.4459182 0.4553543 0.4530643 0.4301753 0.4603174 0.4286347 0.4522562 0.4301753 0.4603174 0.4511888 0.468532 0.4327383 0.4679421 0.9517711 0.8025213 0.9549231 0.7858352 0.958215 0.7973119 0.958215 0.7973119 0.9633305 0.7845885 0.9664201 0.7952486 0.4287608 0.9676354 0.423178 0.9794114 0.4205406 0.9695816 0.07201313 0.4868475 0.05362707 0.4813334 0.0716024 0.4800655 0.0716024 0.4800655 0.05091029 0.4733812 0.07292288 0.4718611 0.05091029 0.4733812 0.07562094 0.4644325 0.07292288 0.4718611 0.8323225 0.2586197 0.835045 0.2332722 0.8413439 0.238832 0.827166 0.230696 0.8250545 0.2552929 0.8168207 0.253534 0.8168207 0.253534 0.8005887 0.2851825 0.8098272 0.2538142 0.4582755 0.4468063 0.4875332 0.4606937 0.4553543 0.4530643 0.4553543 0.4530643 0.4813628 0.4664645 0.4527603 0.4610165 0.4527603 0.4610165 0.4762148 0.4717987 0.4511888 0.468532 0.9479264 0.7888131 0.9511429 0.7685793 0.9549231 0.7858352 0.9549231 0.7858352 0.9596397 0.7684262 0.9633305 0.7845885 0.9596397 0.7684262 0.9708957 0.7854074 0.9633305 0.7845885 0.03509962 0.4903497 0.05362707 0.4813334 0.05699318 0.4879308 0.02917575 0.4854207 0.05091029 0.4733812 0.05362707 0.4813334 0.02296519 0.4797473 0.04957115 0.4662047 0.05091029 0.4733812 0.8235991 0.2870087 0.8250545 0.2552929 0.8323225 0.2586197 0.815816 0.2866612 0.8168207 0.253534 0.8250545 0.2552929 0.8073936 0.2859928 0.8016113 0.3241005 0.8005887 0.2851825 0.4930725 0.4560325 0.5060739 0.4937161 0.4875332 0.4606937 0.5060739 0.4937161 0.4813628 0.4664645 0.4875332 0.4606937 0.4978435 0.4958178 0.4762148 0.4717987 0.4813628 0.4664645 0.9451372 0.7404291 0.9511429 0.7685793 0.9439016 0.76857 0.9511429 0.7685793 0.9606988 0.7443055 0.9596397 0.7684262 0.9606988 0.7443055 0.9671155 0.7681516 0.9596397 0.7684262 0.02247428 0.513511 0.02917575 0.4854207 0.03509962 0.4903497 0.02917575 0.4854207 0.006851077 0.5093089 0.02296519 0.4797473 0.02296519 0.4797473 3.71264e-6 0.5081066 0.0181322 0.4748498 0.8245447 0.3229992 0.815816 0.2866612 0.8235991 0.2870087 0.8168385 0.3255792 0.8073936 0.2859928 0.815816 0.2866612 0.925549 0.3260475 0.9253028 0.2152492 0.9332697 0.2132238 0.5131213 0.6365262 0.5060739 0.4937161 0.5131213 0.4917411 0.5060739 0.4937161 0.4978578 0.6333737 0.4978435 0.4958178 0.4978435 0.4958178 0.4906579 0.6308649 0.4906354 0.4974828 0.9451372 0.7404291 0.9708957 0.6530888 0.9522493 0.7433814 0.2426335 0.9795091 0.2493764 0.8779274 0.2510513 0.978412 0.2510513 0.978412 0.2572379 0.8794536 0.2589162 0.9808112 0.02247428 0.513511 0.01506209 0.6431091 0.0150758 0.5112871 0.01506209 0.6431091 0.006851077 0.5093089 0.0150758 0.5112871 0.006842315 0.6452522 3.71264e-6 0.5081066 0.006851077 0.5093089 0.8532581 0.4202157 0.8168385 0.3255792 0.8245447 0.3229992 0.9339529 0.3266857 0.9332697 0.2132238 0.9416242 0.21473 0.9261398 0.3674247 0.9176315 0.3272048 0.925549 0.3260475 0.5131213 0.6365262 0.4874099 0.6674864 0.50608 0.635446 0.4874099 0.6674864 0.4978578 0.6333737 0.50608 0.635446 0.4978578 0.6333737 0.4761369 0.6557855 0.4906579 0.6308649 0.2342312 0.880066 0.2426335 0.8522448 0.2409552 0.8781515 0.2426335 0.8522448 0.2493764 0.8779274 0.2409552 0.8781515 0.2493764 0.8779274 0.2589162 0.8535469 0.2572379 0.8794536 0.02245682 0.6423161 0.02922278 0.6672109 0.01506209 0.6431091 0.02922278 0.6672109 0.006842315 0.6452522 0.01506209 0.6431091 0.006842315 0.6452522 0.01820653 0.6791592 0 0.6481712 0.941123 0.3661876 0.9339529 0.3266857 0.9405913 0.3289482 0.9339529 0.3266857 0.9261398 0.3674247 0.925549 0.3260475 0.9296815 0.3974246 0.9182065 0.3674733 0.9261398 0.3674247 0.4580364 0.6785602 0.4874099 0.6674864 0.4929327 0.6711729 0.455138 0.6734152 0.4812622 0.6618543 0.4874099 0.6674864 0.452575 0.6657906 0.4761369 0.6557855 0.4812622 0.6618543 0.4510344 0.6577293 0.4734072 0.650906 0.4761369 0.6557855 0.2458001 0.8371204 0.2509829 0.8531281 0.2426335 0.8522448 0.1186828 0.6999841 0.1036807 0.712954 0.1112244 0.6970958 0.1112244 0.6970958 0.09737199 0.7074052 0.1060776 0.6906566 0.02922278 0.6672109 0.05102235 0.6756704 0.02302592 0.6727972 0.02302592 0.6727972 0.0497018 0.6838747 0.01820653 0.6791592 0.01820653 0.6791592 0.05011254 0.6906566 0.016056 0.6845924 0.9345278 0.3669542 0.9296815 0.3974246 0.9261398 0.3674247 0.3373125 0.8692669 0.3380329 0.8450717 0.3453659 0.8666862 0.3453659 0.8666862 0.3448207 0.841655 0.3514566 0.8610779 0.455138 0.6734152 0.4299899 0.6650914 0.452575 0.6657906 0.4299899 0.6650914 0.4510344 0.6577293 0.452575 0.6657906 0.4325838 0.6571393 0.4509288 0.6513914 0.4510344 0.6577293 0.2483621 0.8273428 0.254022 0.839049 0.2458001 0.8371204 0.1065338 0.7261623 0.1036807 0.712954 0.1115645 0.7155166 0.09829676 0.7244176 0.09737199 0.7074052 0.1036807 0.712954 0.07169568 0.6669738 0.05102235 0.6756704 0.05372035 0.6682418 0.05102235 0.6756704 0.0757516 0.6821026 0.0497018 0.6838747 0.0497018 0.6838747 0.07911783 0.6887 0.05011254 0.6906566 0.9379929 0.3959019 0.93343 0.4173167 0.9296815 0.3974246 0.3297243 0.8468503 0.3310577 0.8140586 0.3380329 0.8450717 0.3380329 0.8450717 0.3382845 0.8136075 0.3448207 0.841655 0.4284183 0.672607 0.4013875 0.6596434 0.4299899 0.6650914 0.4299899 0.6650914 0.4075579 0.6538726 0.4325838 0.6571393 0.4325838 0.6571393 0.4130972 0.6492115 0.435505 0.6508813 0.1135267 0.7258698 0.09995025 0.7423531 0.1065338 0.7261623 0.09995025 0.7423531 0.09829676 0.7244176 0.1065338 0.7261623 0.09152668 0.7416993 0.09102284 0.7211034 0.09829676 0.7244176 0.096147 0.6628866 0.07303494 0.6741504 0.07169568 0.6669738 0.1009801 0.6677841 0.0757516 0.6821026 0.07303494 0.6741504 0.1071906 0.6734576 0.07911783 0.6887 0.0757516 0.6821026 0.3151461 0.815501 0.3297243 0.8468503 0.3221214 0.8465142 0.3225885 0.8147516 0.3302194 0.7749067 0.3310577 0.8140586 0.3302194 0.7749067 0.3382845 0.8136075 0.3310577 0.8140586 0.3776987 0.6319551 0.4013875 0.6596434 0.3962395 0.6649776 0.4013875 0.6596434 0.3931372 0.6281886 0.4075579 0.6538726 0.4075579 0.6538726 0.4001847 0.6262134 0.4130972 0.6492115 0.1067566 0.7431516 0.1006234 0.7663456 0.09995025 0.7423531 0.09995025 0.7423531 0.0922299 0.7667632 0.09152668 0.7416993 0.0922299 0.7667632 0.08374297 0.7413653 0.09152668 0.7416993 0.1102469 0.6370202 0.1009801 0.6677841 0.096147 0.6628866 0.1009801 0.6677841 0.1253191 0.6402007 0.1071906 0.6734576 0.1253191 0.6402007 0.1131144 0.6783865 0.1071906 0.6734576 0.3143079 0.7763491 0.3225885 0.8147516 0.3151461 0.815501 0.3029135 0.9820981 0.3040534 0.8681708 0.311268 0.9806019 0.3302194 0.7749067 0.3514566 0.6781408 0.3375092 0.7774006 0.3776987 0.6319551 0.3848925 0.4927343 0.3849068 0.6302902 0.3849068 0.6302902 0.3931147 0.4948064 0.3931372 0.6281886 0.3931147 0.4948064 0.4001847 0.6262134 0.3931372 0.6281886 0.431805 0.9271484 0.4256874 0.8286227 0.4335372 0.8261921 0.4239588 0.9287095 0.417265 0.8275461 0.4256874 0.8286227 0.1186828 0.8561298 0.0845282 0.7693566 0.0922299 0.7667632 0.1102606 0.5051982 0.1170943 0.6382225 0.1102469 0.6370202 0.1171029 0.5022793 0.1253191 0.6402007 0.1170943 0.6382225 0.1253191 0.6402007 0.1327175 0.4993431 0.1327175 0.6424247 0.2949408 0.9800757 0.2956531 0.8687952 0.3029135 0.9820981 0.2963106 0.8273837 0.3040534 0.8681708 0.2956531 0.8687952 0.3040534 0.8681708 0.311268 0.8286684 0.3106763 0.8659387 0.3776927 0.4902255 0.401488 0.4642537 0.3848925 0.4927343 0.401488 0.4642537 0.3931147 0.4948064 0.3848925 0.4927343 0.4076358 0.469886 0.400156 0.4958867 0.3931147 0.4948064 0.431805 0.9271484 0.425617 0.9534842 0.4239588 0.9287095 0.425617 0.9534842 0.4155327 0.9285025 0.4239588 0.9287095 0.4155327 0.9285025 0.410719 0.9554867 0.4087844 0.9265828 0.1102606 0.5051982 0.1009194 0.4747343 0.1171029 0.5022793 0.1171029 0.5022793 0.1071162 0.4691481 0.1253228 0.5001362 0.1071162 0.4691481 0.1327175 0.4993431 0.1253228 0.5001362 0.288366 0.8273428 0.2956531 0.8687952 0.2877262 0.8676446 0.2197153 0.6181471 0.2289382 0.6475189 0.2205708 0.6482164 0.4285292 0.4459182 0.3963627 0.4581849 0.393633 0.4533055 0.4286347 0.4522562 0.401488 0.4642537 0.3963627 0.4581849 0.4301753 0.4603174 0.4076358 0.469886 0.401488 0.4642537 0.9517711 0.8025213 0.9626322 0.8131478 0.9569011 0.8192346 0.958215 0.7973119 0.9705764 0.8107632 0.9626322 0.8131478 0.425617 0.9534842 0.4205406 0.9695816 0.4172651 0.9543836 0.09394937 0.4865296 0.0716024 0.4800655 0.09609991 0.4810964 0.09609991 0.4810964 0.07292288 0.4718611 0.1009194 0.4747343 0.1009194 0.4747343 0.07562094 0.4644325 0.1071162 0.4691481 0.8532581 0.2196718 0.835045 0.2332722 0.8481227 0.2132238 0.2127012 0.649292 0.2197153 0.6181471 0.2205708 0.6482164 0.55266 0.9014201 0.5575577 0.8323637 0.5627395 0.8323541 0.8537198 0.09553116 0.9213353 0.0899524 0.9227956 0.09553116 0.9213353 0.0899524 0.8558878 0.08464628 0.9208441 0.08382481 0.9208441 0.08382481 0.8599766 0.08011865 0.9214535 0.07879018 0.2125423 0.5957918 0.2158715 0.5380605 0.2178314 0.5963448 0.2178314 0.5963448 0.2212697 0.5412081 0.2240422 0.5971772 0.2240422 0.5971772 0.2266696 0.5425792 0.2295106 0.5980656 0.8564533 0.8196533 0.8007284 0.8139706 0.8578798 0.814456 0.8007284 0.8139706 0.8584056 0.8082877 0.8578798 0.814456 0.7984294 0.8085373 0.8578898 0.8028013 0.8584056 0.8082877 0.5634218 0.8961192 0.5689843 0.8326712 0.5746189 0.8332302 0.5585074 0.8992993 0.5627395 0.8323541 0.5689843 0.8326712 0.878266 0.1725788 0.8970229 0.195091 0.8917139 0.1969311 0.8970229 0.195091 0.8897907 0.1692857 0.9018939 0.1912028 0.9018939 0.1912028 0.8942632 0.1668267 0.9050215 0.1863086 0.8558878 0.08464628 0.8492946 0.06707072 0.8599766 0.08011865 0.2119215 0.5339798 0.2244804 0.5269435 0.2158715 0.5380605 0.2244804 0.5269435 0.2212697 0.5412081 0.2158715 0.5380605 0.1020613 0.8855026 0.1034922 0.8689181 0.1089223 0.8703091 0.1034922 0.8689181 0.09030932 0.883168 0.09831374 0.8654423 0.09030932 0.883168 0.09477466 0.8608132 0.09831374 0.8654423 0.7858335 0.8254271 0.7943825 0.8038563 0.7984294 0.8085373 0.5634218 0.8961192 0.5706152 0.9195886 0.5585074 0.8992993 0.5585074 0.8992993 0.5651012 0.9222681 0.55266 0.9014201 0.878266 0.1725788 0.8791449 0.1416769 0.8839353 0.1713911 0.8791449 0.1416769 0.8897907 0.1692857 0.8839353 0.1713911 0.8897907 0.1692857 0.8903253 0.1424008 0.8942632 0.1668267 0.8436798 0.06973439 0.8474572 0.04798227 0.8492946 0.06707072 0.8474572 0.04798227 0.8552036 0.06623452 0.8492946 0.06707072 0.8535584 0.0491423 0.8598236 0.06744986 0.8552036 0.06623452 0.1006484 0.9039972 0.09632474 0.88479 0.1020613 0.8855026 0.09632474 0.88479 0.08866101 0.9047451 0.09030932 0.883168 0.09030932 0.883168 0.08374297 0.9057306 0.08562672 0.8810711 0.7834141 0.8486317 0.7802121 0.8228573 0.7858335 0.8254271 0.7802121 0.8228573 0.7714057 0.849957 0.774349 0.8217284 0.7714057 0.849957 0.7698152 0.8223428 0.774349 0.8217284 0.8733437 0.1420464 0.8839353 0.1139102 0.8791449 0.1416769 0.8839353 0.1139102 0.8853606 0.1418066 0.8791449 0.1416769 0.8853606 0.1418066 0.8942632 0.1195759 0.8903253 0.1424008 0.8415799 0.04791897 0.8549567 0.02796798 0.8474572 0.04798227 0.8549567 0.02796798 0.8535584 0.0491423 0.8474572 0.04798227 0.8535584 0.0491423 0.8646768 0.03393322 0.8582487 0.05108827 0.1006484 0.9039972 0.09945982 0.9217028 0.09484887 0.9041106 0.09945982 0.9217028 0.08866101 0.9047451 0.09484887 0.9041106 0.09381055 0.9243919 0.08374297 0.9057306 0.08866101 0.9047451 0.7918195 0.8719336 0.7774903 0.8489626 0.7834141 0.8486317 0.7774903 0.8489626 0.7816309 0.8783038 0.7714057 0.849957 0.7816309 0.8783038 0.7667909 0.8513486 0.7714057 0.849957 0.2275167 0.4417342 0.2180613 0.4627017 0.2213677 0.440743 0.8970229 0.09553116 0.8897907 0.1161286 0.8839353 0.1139102 0.9018939 0.09913194 0.8942632 0.1195759 0.8897907 0.1161286 0.8670958 0.007243037 0.8549567 0.02796798 0.8501507 0.02504557 0.8549567 0.02796798 0.8735499 0.01727294 0.8602736 0.03122115 0.8602736 0.03122115 0.8773856 0.02058136 0.8646768 0.03393322 0.8512911 0.7896291 0.8585757 0.8014273 0.8526239 0.8028013 0.1089223 0.9328529 0.09381055 0.9243919 0.09945982 0.9217028 0.1043781 0.9368443 0.0896281 0.9281842 0.09381055 0.9243919 0.7918195 0.8719336 0.8060466 0.8944769 0.7869463 0.8751772 0.7869463 0.8751772 0.8022848 0.8991734 0.7816309 0.8783038 0.8022848 0.8991734 0.7772976 0.8804759 0.7816309 0.8783038 0.2241193 0.4642975 0.2172175 0.5199952 0.2180613 0.4627017 0.2180613 0.4627017 0.2119215 0.5195108 0.2123678 0.4627201 0.9222874 0 0.8670958 0.007243037 0.8662067 0.003208935 0.921678 0.005034565 0.8697836 0.01239079 0.8670958 0.007243037 0.9221692 0.01116216 0.8735499 0.01727294 0.8697836 0.01239079 0.8463396 0.7426206 0.8512911 0.7896291 0.8470399 0.7927456 0.8513773 0.741423 0.8571835 0.7876667 0.8512911 0.7896291 0.857526 0.7402996 0.863138 0.7873846 0.8571835 0.7876667 0.8098005 0.8844533 0.8583343 0.8905545 0.8087975 0.8890889 0.8087975 0.8890889 0.8578085 0.8967228 0.8060466 0.8944769 0.8060466 0.8944769 0.856382 0.9019201 0.8022848 0.8991734 0.2289185 0.4670801 0.2234388 0.520747 0.2241193 0.4642975 0.6832641 0.4103525 0.6782683 0.4304634 0.6646193 0.4162661 0.6890329 0.4108305 0.7047933 0.4272242 0.6940287 0.4306384 0.4258705 0.03864306 0.3421561 0.1066146 0.4108471 0.023795 0.4108471 0.023795 0.3421561 0.1066146 0.3931814 0.01212948 0.3931814 0.01212948 0.3421561 0.1066146 0.3735523 0.004094898 0.3735523 0.004094898 0.3421561 0.1066146 0.3527141 0 0.3527141 0 0.3421561 0.1066146 0.3314676 2.1072e-6 0.3314676 2.1072e-6 0.3421561 0.1066146 0.3106294 0.004101097 0.3106294 0.004101097 0.3421561 0.1066146 0.2910003 0.01213961 0.2910003 0.01213961 0.3421561 0.1066146 0.2733345 0.02380865 0.2733345 0.02380865 0.3421561 0.1066146 0.2583109 0.03865969 0.2583109 0.03865969 0.3421561 0.1066146 0.246507 0.05612218 0.246507 0.05612218 0.3421561 0.1066146 0.2383763 0.07552498 0.2383763 0.07552498 0.3421561 0.1066146 0.2342312 0.09612238 0.2342312 0.09612238 0.3421561 0.1066146 0.2342312 0.1171228 0.2342312 0.1171228 0.3421561 0.1066146 0.2383761 0.1377195 0.2383761 0.1377195 0.3421561 0.1066146 0.2465067 0.1571206 0.2465067 0.1571206 0.3421561 0.1066146 0.2583106 0.1745807 0.2583106 0.1745807 0.3421561 0.1066146 0.273334 0.1894288 0.273334 0.1894288 0.3421561 0.1066146 0.2909998 0.2010943 0.2909998 0.2010943 0.3421561 0.1066146 0.310629 0.2091289 0.310629 0.2091289 0.3421561 0.1066146 0.3314672 0.2132238 0.3314672 0.2132238 0.3421561 0.1066146 0.3527136 0.2132216 0.3527136 0.2132216 0.3421561 0.1066146 0.3735518 0.2091225 0.3735518 0.2091225 0.3421561 0.1066146 0.393181 0.2010841 0.393181 0.2010841 0.3421561 0.1066146 0.4108468 0.189415 0.4108468 0.189415 0.3421561 0.1066146 0.4258703 0.1745639 0.4258703 0.1745639 0.3421561 0.1066146 0.4376742 0.1571014 0.4376742 0.1571014 0.3421561 0.1066146 0.4458049 0.1376987 0.4458049 0.1376987 0.3421561 0.1066146 0.44995 0.1171013 0.44995 0.1171013 0.3421561 0.1066146 0.44995 0.09610074 0.44995 0.09610074 0.3421561 0.1066146 0.445805 0.07550412 0.445805 0.07550412 0.3421561 0.1066146 0.4376743 0.05610305 0.4376743 0.05610305 0.3421561 0.1066146 0.4258705 0.03864306 0.8456537 0.7224726 0.7679879 0.6988725 0.8456987 0.701534 0.1055929 0.2315943 0.0616517 0.2184153 0.01343232 0.06064981 0.6003745 0.8121424 0.522035 0.832354 0.521583 0.8153064 0.3776927 0.7438882 0.4557423 0.7638832 0.3776928 0.7648886 0.6003745 0.6932023 0.5212472 0.7066429 0.521583 0.6861176 0.1438569 0.6919262 0.2220711 0.7070332 0.1436454 0.7113239 0.144555 0.8252502 0.2226345 0.8146382 0.2230592 0.8307761 0.377883 0.7232751 0.4557422 0.7410733 0.3776927 0.7438882 0.6000652 0.7120993 0.5210404 0.7287151 0.5212472 0.7066429 0.144164 0.6744712 0.2223009 0.6859641 0.1438569 0.6919262 0.8456537 0.7224726 0.7668397 0.7439218 0.7667909 0.7212747 0.3782559 0.7038416 0.4559488 0.7186841 0.377883 0.7232751 0.1441641 0.8103925 0.221154 0.7959971 0.2226345 0.8146382 0.5998749 0.7324205 0.5209705 0.7514859 0.5210404 0.7287151 0.144555 0.6596296 0.2226345 0.667005 0.144164 0.6744712 0.3787975 0.6863344 0.456354 0.6975759 0.3782559 0.7038416 0.8456986 0.743323 0.7669844 0.7656024 0.7668397 0.7439218 0.1436454 0.7735185 0.221154 0.7959971 0.1438569 0.7929249 0.5998106 0.7533848 0.5210403 0.7740802 0.5209705 0.7514859 0.3782559 0.8048394 0.4569422 0.8261922 0.3787974 0.8222545 0.8460484 0.6625822 0.767536 0.6382846 0.8463396 0.6460662 0.8458319 0.7632838 0.7672195 0.7854836 0.7669844 0.7656024 0.1435375 0.7529193 0.2220711 0.7745869 0.1436454 0.7735185 0.5998749 0.7741867 0.5212472 0.7956297 0.5210403 0.7740802 0.3778829 0.7854694 0.456354 0.8072764 0.3782559 0.8048394 0.8460484 0.6625822 0.7669845 0.6765668 0.7672196 0.6562238 0.8460483 0.7815878 0.7675358 0.8028013 0.7672195 0.7854836 0.1435375 0.7319187 0.2219539 0.7522127 0.1435375 0.7529193 0.6000653 0.7940267 0.521583 0.8153064 0.5212472 0.7956297 0.3776928 0.7648886 0.4559488 0.7862372 0.3778829 0.7854694 0.8458319 0.6813114 0.7679879 0.6988725 0.7669845 0.6765668 0.6007906 0.6764556 0.521583 0.6861176 0.522035 0.6679279 0.1436454 0.7113239 0.2219539 0.7294026 0.1435375 0.7319187 0.1578814 0.8634832 0.1661219 0.8644773 0.165918 0.8937312 0.1661219 0.8644773 0.1722131 0.8673807 0.1719816 0.8936682 0.57839 0.6677185 0.580431 0.6599836 0.6037572 0.6601663 0.6037572 0.6601663 0.580431 0.6599836 0.5827054 0.652094 0.6017867 0.6522501 0.5827054 0.652094 0.5846038 0.6461636 0.3536022 0.9347744 0.3532601 0.9195409 0.3614313 0.920721 0.361783 0.9348677 0.3614313 0.920721 0.3696812 0.9197407 0.3700234 0.9349743 0.3696812 0.9197407 0.3757997 0.9168627 0.4466645 0.42422 0.4656611 0.4234277 0.4682424 0.4311325 0.4682424 0.4311325 0.4705439 0.4389083 0.44307 0.4400334 0.4705439 0.4389083 0.471949 0.4446713 0.4413721 0.4459182 0.1576877 0.8938229 0.1494958 0.8939186 0.1496997 0.8646647 0.1578814 0.8634832 0.1575157 0.8307761 0.1657584 0.8325645 0.1661219 0.8644773 0.1657584 0.8325645 0.1718558 0.837638 0.57839 0.6677185 0.5454114 0.660679 0.551119 0.6550641 0.580431 0.6599836 0.551119 0.6550641 0.5570601 0.6492943 0.3473573 0.9165165 0.3476733 0.8926661 0.3535786 0.8978692 0.3532601 0.9195409 0.3535786 0.8978692 0.3617507 0.8998469 0.3617507 0.8998469 0.3699998 0.8980692 0.3696812 0.9197407 0.3699998 0.8980692 0.3761156 0.8930123 0.3757997 0.9168627 0.4911897 0.4197865 0.4973556 0.425251 0.4682424 0.4311325 0.4973556 0.425251 0.5032416 0.4307864 0.4705439 0.4389083 0.5032416 0.4307864 0.5072708 0.4349094 0.471949 0.4446713 0.1493363 0.8327518 0.1575157 0.8307761 0.1578814 0.8634832 0.8720526 0.6922382 0.8640394 0.6923787 0.8650819 0.6536923 0.5414665 0.6646346 0.5209706 0.6291595 0.5264573 0.6278723 0.5264573 0.6278723 0.534271 0.6259025 0.551119 0.6550641 0.534271 0.6259025 0.542318 0.6237779 0.5570601 0.6492943 0.542318 0.6237779 0.5484422 0.6220679 0.5616426 0.6449156 1 2.86808e-4 0.9989961 0.02499771 0.9909327 0.02504408 0.9909327 0.02504408 0.982606 0.02471089 0.9836099 0 0.4863962 0.415857 0.4987433 0.3925773 0.5049789 0.3937879 0.5049789 0.3937879 0.5131146 0.3955383 0.4973556 0.425251 0.4973556 0.425251 0.5131146 0.3955383 0.5209706 0.3973596 0.8878424 0.6569824 0.8868783 0.6927587 0.8804122 0.6923772 0.8804122 0.6923772 0.8720526 0.6922382 0.8731237 0.6524866 0.8730826 0.8360643 0.8650518 0.8351023 0.8640394 0.6923787 0.5209705 0.4838616 0.5264433 0.4856445 0.5264573 0.6278723 0.5264573 0.6278723 0.5264433 0.4856445 0.5342382 0.4878686 0.534271 0.6259025 0.5342382 0.4878686 0.5422663 0.4899376 0.542318 0.6237779 0.5422663 0.4899376 0.5483766 0.4912976 0.9989961 0.02499771 0.9993055 0.1540131 0.9912497 0.1529523 0.9909327 0.02504408 0.9912497 0.1529523 0.9829154 0.1537262 0.982606 0.02471089 0.9829154 0.1537262 0.9765356 0.1561278 0.4999793 0.2599398 0.5079424 0.2574977 0.5131146 0.3955383 0.5079424 0.2574977 0.5156258 0.2551264 0.5209706 0.3973596 0.8878423 0.8324699 0.8814246 0.8351007 0.8804122 0.6923772 0.8814246 0.8351007 0.8730826 0.8360643 0.8720526 0.6922382 0.8752995 0.8675863 0.8672093 0.8657797 0.8650518 0.8351023 0.5417854 0.4486458 0.5456925 0.4530777 0.5264433 0.4856445 0.5456925 0.4530777 0.5513485 0.4589201 0.5342382 0.4878686 0.5513485 0.4589201 0.5572378 0.4646078 0.5422663 0.4899376 0.5572378 0.4646078 0.5617824 0.4686166 0.5483766 0.4912976 0.9993055 0.1540131 1 0.1741635 0.9919146 0.1722413 0.9912497 0.1529523 0.9919146 0.1722413 0.9836099 0.1738767 0.4796491 0.2395615 0.4840974 0.2351058 0.4999793 0.2599398 0.4999793 0.2599398 0.4840974 0.2351058 0.4897917 0.2291158 0.5079424 0.2574977 0.4897917 0.2291158 0.4952062 0.2231969 0.5156258 0.2551264 0.4952062 0.2231969 0.4988902 0.2189347 0.8814246 0.8351007 0.883582 0.8657782 0.8752995 0.8675863 0.06599599 0.8670388 0.05781525 0.8669464 0.05810993 0.83055 0.05781525 0.8669464 0.05188626 0.8668921 0.05213314 0.8334604 0.5788838 0.4464532 0.5808542 0.4543694 0.5513485 0.4589201 0.5808542 0.4543694 0.583058 0.462131 0.5572378 0.4646078 0.4857081 0.9200558 0.4796444 0.920114 0.4795865 0.8977658 0.4796444 0.920114 0.471414 0.9201992 0.4713705 0.8989374 0.4713705 0.8989374 0.471414 0.9201992 0.4632221 0.9202886 0.4631642 0.8979404 0.4632221 0.9202886 0.4572637 0.9203581 0.4840974 0.2351058 0.4582343 0.2334816 0.4601715 0.2255396 0.4897917 0.2291158 0.4601715 0.2255396 0.4618288 0.2176683 0.08057546 0.8338038 0.08032858 0.8672356 0.07423645 0.8671447 0.07453113 0.8307482 0.07423645 0.8671447 0.06599599 0.8670388 0.06599599 0.8670388 0.0662074 0.8974114 0.0580362 0.8962321 0.5776748 0.4405032 0.6083531 0.440732 0.6064547 0.4466624 0.5788838 0.4464532 0.6064547 0.4466624 0.6041803 0.4545521 0.6041803 0.4545521 0.6021394 0.462287 0.583058 0.462131 0.4853865 0.9382387 0.4792976 0.9353305 0.4796444 0.920114 0.4792976 0.9353305 0.4710579 0.9343299 0.471414 0.9201992 0.4710579 0.9343299 0.4628753 0.935505 0.4632221 0.9202886 0.4406429 0.2400371 0.4392378 0.234274 0.4582343 0.2334816 0.4392378 0.234274 0.4369363 0.2264983 0.4601715 0.2255396 0.4601715 0.2255396 0.4369363 0.2264983 0.434355 0.2187933 0.08032858 0.8672356 0.08057546 0.8935517 0.07445734 0.8964303 0.07423645 0.8671447 0.07445734 0.8964303 0.0662074 0.8974114 0.0662074 0.8974114 0.06590563 0.9301908 0.05773341 0.9282138 0.6083531 0.440732 0.6440159 0.4493235 0.6394333 0.453702 0.6064547 0.4466624 0.6394333 0.453702 0.6334924 0.4594718 0.6041803 0.4545521 0.6334924 0.4594718 0.6277847 0.4650867 0.4853865 0.9382387 0.4857081 0.962053 0.4796147 0.9569748 0.4792976 0.9353305 0.4796147 0.9569748 0.4713734 0.9551799 0.4713734 0.9551799 0.4631924 0.9571493 0.4628753 0.935505 0.4631924 0.9571493 0.4572637 0.9623554 0.4569422 0.938541 0.4137092 0.2379152 0.4078232 0.2323799 0.4369363 0.2264983 0.4078232 0.2323799 0.4016572 0.2269152 0.434355 0.2187933 0.4016572 0.2269152 0.3968637 0.2229859 0.4321855 0.2132238 0.07415455 0.9284121 0.06590563 0.9301908 0.0662074 0.8974114 0.1317328 0.9066656 0.1333923 0.8672437 0.1414558 0.8672088 0.6440159 0.4493235 0.6645117 0.4847986 0.6583875 0.4865087 0.6583875 0.4865087 0.6503405 0.4886332 0.6334924 0.4594718 0.6334924 0.4594718 0.6503405 0.4886332 0.6425268 0.490603 0.6425268 0.490603 0.6370401 0.4918902 0.6238397 0.4690424 0.9949264 0.6515088 0.994039 0.6764183 0.986025 0.676491 0.986025 0.676491 0.9776669 0.6762813 0.9785543 0.6513719 0.9776669 0.6762813 0.9712042 0.6758452 0.9721953 0.6480265 0.4137092 0.2379152 0.39992 0.2639138 0.3920641 0.2620926 0.3920641 0.2620926 0.3839283 0.2603421 0.4016572 0.2269152 0.4016572 0.2269152 0.3839283 0.2603421 0.3776927 0.2591314 0.123451 0.9052641 0.1250661 0.8668985 0.1333923 0.8672437 0.1333923 0.8672437 0.1334016 0.7228065 0.1414558 0.7238788 0.6645117 0.4847986 0.6645117 0.6300964 0.6584014 0.6287364 0.6583875 0.4865087 0.6584014 0.6287364 0.6503732 0.6266673 0.6503405 0.4886332 0.6503732 0.6266673 0.6425784 0.6244434 0.6425784 0.6244434 0.6371057 0.6226605 0.6370401 0.4918902 0.9937083 0.804889 0.9856861 0.8038591 0.986025 0.676491 0.9856861 0.8038591 0.9773361 0.8047521 0.9776669 0.6762813 0.9773361 0.8047521 0.9708957 0.8073287 0.9712042 0.6758452 0.4049196 0.3977619 0.3972363 0.4001331 0.3920641 0.2620926 0.3972363 0.4001331 0.3892732 0.4025753 0.3839283 0.2603421 0.118708 0.8662658 0.1186828 0.7259609 0.1250661 0.7235685 0.1250661 0.8668985 0.1250661 0.7235685 0.1334016 0.7228065 0.1323408 0.6906566 0.1404234 0.6925904 0.1414558 0.7238788 0.643697 0.6653123 0.6391523 0.6613035 0.6584014 0.6287364 0.6584014 0.6287364 0.6391523 0.6613035 0.6332629 0.6556157 0.6503732 0.6266673 0.6332629 0.6556157 0.6276069 0.6497731 0.6276069 0.6497731 0.6236999 0.6453414 0.6371057 0.6226605 0.9949264 0.8246578 0.9868521 0.8227828 0.9856861 0.8038591 0.9856861 0.8038591 0.9868521 0.8227828 0.9785543 0.8245209 0.4244855 0.4183337 0.4208015 0.4225959 0.4049196 0.3977619 0.4049196 0.3977619 0.4208015 0.4225959 0.415387 0.4285149 0.415387 0.4285149 0.4096927 0.4345049 0.3892732 0.4025753 0.4096927 0.4345049 0.4052443 0.4389606 0.3831639 0.4044339 0.1250661 0.7235685 0.1240337 0.6922801 0.1323408 0.6906566 0.1576877 0.8938229 0.165918 0.8937312 0.1661913 0.9301236 0.165918 0.8937312 0.1719816 0.8936682 0.1722131 0.9270927 0.6059609 0.6679278 0.6037572 0.6601663 0.6332629 0.6556157 0.6037572 0.6601663 0.6017867 0.6522501 0.6276069 0.6497731 0.3476733 0.9347196 0.3536022 0.9347744 0.3535315 0.9571419 0.3536022 0.9347744 0.361783 0.9348677 0.3617299 0.9561501 0.3617299 0.9561501 0.361783 0.9348677 0.3700234 0.9349743 0.3699527 0.9573418 0.3700234 0.9349743 0.3761156 0.9350658 0.4208015 0.4225959 0.4466645 0.42422 0.4450072 0.4320913 0.415387 0.4285149 0.4450072 0.4320913 0.44307 0.4400334 0.143769 0.9274172 0.1435375 0.8939927 0.1494958 0.8939186 0.1497691 0.930311 0.1494958 0.8939186 0.1576877 0.8938229 0.7025133 0.6628178 0.7081038 0.6676186 0.6888775 0.6912215 0.7081038 0.6676186 0.7137218 0.6739179 0.6964133 0.6951056 0.7137218 0.6739179 0.717862 0.6800276 0.7031732 0.6979161 0.8160337 0.4736031 0.8290272 0.4574791 0.8319856 0.4647545 0.8214218 0.4779554 0.8319856 0.4647545 0.8374838 0.471141 0.8286985 0.4822022 0.8374838 0.471141 0.8440485 0.4749275 0.0373156 0.7813288 0.04774969 0.7916264 0.04287993 0.7974221 0.03166532 0.7863118 0.04287993 0.7974221 0.03786402 0.8041781 0.0245167 0.7908476 0.03786402 0.8041781 0.03404599 0.8100839 0.1889865 0.4032692 0.1850759 0.4100874 0.1724814 0.3891759 0.1850759 0.4100874 0.1787499 0.4156795 0.1646948 0.3924126 0.1571137 0.3944181 0.1646948 0.3924126 0.1787499 0.4156795 0.7025133 0.6628178 0.729815 0.6382846 0.7344992 0.6435964 0.7081038 0.6676186 0.7344992 0.6435964 0.737641 0.6512914 0.7137218 0.6739179 0.737641 0.6512914 0.7383987 0.659308 0.8290272 0.4574791 0.8474445 0.4405032 0.8476271 0.4488942 0.8319856 0.4647545 0.8476271 0.4488942 0.8510932 0.4560975 0.8374838 0.471141 0.8510932 0.4560975 0.8569142 0.460183 0.06305468 0.8071979 0.05915993 0.8134695 0.04287993 0.7974221 0.05915993 0.8134695 0.05680775 0.8215257 0.03786402 0.8041781 0.05680775 0.8215257 0.05662858 0.8292078 0.03404599 0.8100839 0.2048102 0.4225227 0.2034787 0.430812 0.1850759 0.4100874 0.2034787 0.430812 0.1990407 0.4374811 0.1787499 0.4156795 0.1990407 0.4374811 0.1926853 0.4407429 0.1717035 0.4185472 0.8997077 0.4405032 0.8950861 0.4815797 0.8878424 0.4809821 0.7660201 0.6435623 0.7667909 0.65126 0.737641 0.6512914 0.737641 0.6512914 0.7667909 0.65126 0.7643097 0.65928 0.8856534 0.3602775 0.8906629 0.359955 0.8950312 0.3880826 0.8906629 0.359955 0.8984276 0.3595057 0.9023392 0.3846917 0.9023392 0.3846917 0.8984276 0.3595057 0.9068671 0.35905 0.9106115 0.3831593 0.9068671 0.35905 0.91372 0.35871 0.08040386 0.8137433 0.0805329 0.8218315 0.05680775 0.8215257 0.0805329 0.8218315 0.08374291 0.8295572 0.05662858 0.8292078 0.2048102 0.4225227 0.2245846 0.4171667 0.2257249 0.4247866 0.9152053 0.4448935 0.9110459 0.4818623 0.9035791 0.4819019 0.9080769 0.4419261 0.9035791 0.4819019 0.8950861 0.4815797 0.899408 0.620342 0.8921207 0.6186806 0.8878424 0.4809821 0.1513987 0.554334 0.1597315 0.5526713 0.206515 0.6471679 0.206515 0.6471679 0.1597315 0.5526713 0.1665351 0.5490361 0.3089272 0.8273428 0.2378204 0.7610537 0.2453278 0.7571327 0.8906629 0.359955 0.8946983 0.2297547 0.9023392 0.2322892 0.8984276 0.3595057 0.9023392 0.2322892 0.9107333 0.2329257 0.9068671 0.35905 0.9107333 0.2329257 0.9176315 0.2314934 0.6630362 0.6785902 0.6170758 0.7637366 0.6088182 0.7617404 0.6088182 0.7617404 0.6021918 0.7578393 0.6507403 0.6679279 0.7638921 0.05748045 0.7564538 0.05345439 0.8364695 0 0.9152053 0.6166547 0.9078575 0.6196004 0.9035791 0.4819019 0.9078575 0.6196004 0.899408 0.620342 0.8950861 0.4815797 0.1435375 0.5144402 0.1511728 0.5162444 0.1513987 0.554334 0.1511728 0.5162444 0.1595225 0.5174469 0.1597315 0.5526713 0.1597315 0.5526713 0.1595225 0.5174469 0.1663494 0.5177255 0.2342312 0.7344738 0.2421872 0.7338753 0.2453278 0.7571327 0.2453278 0.7571327 0.2421872 0.7338753 0.2505012 0.7353912 0.908088 0.2132238 0.9162364 0.2146753 0.9107333 0.2329257 0.6237012 0.7867625 0.615978 0.7882543 0.6170758 0.7637366 0.6170758 0.7637366 0.615978 0.7882543 0.6075922 0.7891217 0.6075922 0.7891217 0.6007906 0.7891322 0.6021918 0.7578393 0.7638921 0.05748045 0.7586837 0.08113461 0.7505944 0.08006536 0.7564538 0.05345439 0.7505944 0.08006536 0.7423123 0.08158367 0.9078575 0.6196004 0.9150949 0.6465433 0.9068447 0.6480266 0.1610488 0.4826892 0.1683205 0.485558 0.1511728 0.5162444 0.1683205 0.485558 0.1756768 0.4896689 0.1595225 0.5174469 0.1756768 0.4896689 0.1811468 0.4939205 0.1663494 0.5177255 0.2512611 0.7103021 0.2578675 0.7134482 0.2421872 0.7338753 0.2578675 0.7134482 0.2651935 0.7177054 0.2505012 0.7353912 0.2651935 0.7177054 0.2712762 0.721933 0.2569455 0.7386154 0.6237012 0.7867625 0.6350633 0.8030819 0.627659 0.805652 0.615978 0.7882543 0.627659 0.805652 0.620145 0.8094651 0.6075922 0.7891217 0.620145 0.8094651 0.6145344 0.8134996 0.7586837 0.08113461 0.7750917 0.1050154 0.7682027 0.1074977 0.7505944 0.08006536 0.7682027 0.1074977 0.7607994 0.1116159 0.7423123 0.08158367 0.7607994 0.1116159 0.7548654 0.1162666 0.1610488 0.4826892 0.1784797 0.4603917 0.1851155 0.4640557 0.1683205 0.485558 0.1851155 0.4640557 0.1907343 0.470339 0.1756768 0.4896689 0.1907343 0.470339 0.1938307 0.4775581 0.2668519 0.6931738 0.2706721 0.6994834 0.2578675 0.7134482 0.2706721 0.6994834 0.2759585 0.7060564 0.2651935 0.7177054 0.2759585 0.7060564 0.2812945 0.7111316 0.2712762 0.721933 0.6425221 0.8138108 0.6357175 0.8172002 0.627659 0.805652 0.6357175 0.8172002 0.6298416 0.823252 0.620145 0.8094651 0.6298416 0.823252 0.6264687 0.8303446 0.6145344 0.8134996 0.7750917 0.1050154 0.7903622 0.1222833 0.7862032 0.1279603 0.7682027 0.1074977 0.7862032 0.1279603 0.7807983 0.1344172 0.7607994 0.1116159 0.7807983 0.1344172 0.7755957 0.1399239 0.1784797 0.4603917 0.2020787 0.440743 0.2079764 0.4447196 0.1851155 0.4640557 0.2079764 0.4447196 0.2115792 0.4518572 0.1907343 0.470339 0.2115792 0.4518572 0.2119215 0.4602433 0.2668519 0.6931738 0.288429 0.6735115 0.2887729 0.6815557 0.2706721 0.6994834 0.2887729 0.6815557 0.2915145 0.6893985 0.2759585 0.7060564 0.2915145 0.6893985 0.2959191 0.6949385 0.6544158 0.8292722 0.6483308 0.8330027 0.6357175 0.8172002 0.6483308 0.8330027 0.6444205 0.8399862 0.6298416 0.823252 0.6444205 0.8399862 0.6437327 0.8483517 0.6264687 0.8303446 0.8117817 0.1426697 0.8111507 0.1503286 0.7862032 0.1279603 0.8111507 0.1503286 0.8083286 0.1582363 0.7807983 0.1344172 0.8083286 0.1582363 0.8040714 0.164274 0.7755957 0.1399239 0.8654937 0.4260478 0.8601168 0.385744 0.8685642 0.3854649 0.8737969 0.4246888 0.8685642 0.3854649 0.8763368 0.3851781 0.8763368 0.3851781 0.881352 0.3849604 0.8856535 0.4172034 0.3143079 0.6747837 0.3114171 0.6826689 0.2887729 0.6815557 0.2887729 0.6815557 0.3114171 0.6826689 0.3117904 0.6903953 0.9915385 0.2429634 0.9842981 0.2423273 0.9872058 0.2176966 0.9872058 0.2176966 0.9842981 0.2423273 0.975807 0.2419598 0.975807 0.2419598 0.96834 0.2419596 0.9717324 0.2132238 0.6444205 0.8399862 0.661311 0.8340117 0.6630362 0.8415236 0.8117817 0.1426697 0.8388297 0.1445732 0.8415799 0.1524701 0.8415799 0.1524701 0.8412328 0.1605519 0.8083286 0.1582363 0.8584909 0.4251645 0.8532581 0.3859406 0.8601168 0.385744 0.8601168 0.385744 0.8677155 0.2434425 0.8760941 0.2442544 0.8685642 0.3854649 0.8760941 0.2442544 0.8836789 0.2469481 0.7617225 0.8181051 0.6850672 0.7535691 0.692363 0.7492765 0.8440065 0.6209547 0.8003749 0.5284377 0.8072465 0.5249295 0.8072465 0.5249295 0.8156094 0.5234218 0.8569142 0.6110345 0.994576 0.3669278 0.987298 0.3652276 0.9842981 0.2423273 0.987298 0.3652276 0.9788445 0.3659241 0.975807 0.2419598 0.9788445 0.3659241 0.9714807 0.3688307 0.96834 0.2419596 0.01147049 0.7505009 0.003807902 0.7469081 0.07831209 0.6906566 0.170377 0.3291483 0.1640712 0.32476 0.2211213 0.2361317 0.2211213 0.2361317 0.1640712 0.32476 0.1559917 0.3221484 0.8532581 0.3859406 0.8607881 0.2447301 0.8677155 0.2434425 0.8775381 0.2132238 0.8856535 0.2148453 0.8760941 0.2442544 0.6711136 0.7228114 0.6794949 0.7239081 0.6850672 0.7535691 0.6850672 0.7535691 0.6794949 0.7239081 0.6874099 0.7229111 0.8007856 0.4971292 0.8076059 0.4975345 0.8072465 0.5249295 0.8076059 0.4975345 0.8159312 0.4988917 0.8156094 0.5234218 0.8156094 0.5234218 0.8159312 0.4988917 0.8235308 0.5008375 0.9916691 0.3818619 0.9834109 0.3833013 0.9788445 0.3659241 0.01930075 0.7506985 0.01631724 0.769434 0.008138537 0.7714247 0.01147049 0.7505009 0.008138537 0.7714247 0 0.770821 0.1665644 0.3602448 0.1597819 0.3597435 0.1640712 0.32476 0.1640712 0.32476 0.1597819 0.3597435 0.1513535 0.3599775 0.1513535 0.3599775 0.1435375 0.3608839 0.1483034 0.3220133 0.6825852 0.6873046 0.6888775 0.6912215 0.6711136 0.7228114 0.6888775 0.6912215 0.6964133 0.6951056 0.6794949 0.7239081 0.6964133 0.6951056 0.7031732 0.6979161 0.6874099 0.7229111 0.8160337 0.4736031 0.8214218 0.4779554 0.8076059 0.4975345 0.8214218 0.4779554 0.8286985 0.4822022 0.8159312 0.4988917 0.8286985 0.4822022 0.8359143 0.4852055 0.8235308 0.5008375 0.0223447 0.7653825 0.0373156 0.7813288 0.03166532 0.7863118 0.01631724 0.769434 0.03166532 0.7863118 0.0245167 0.7908476 0.008138537 0.7714247 0.0245167 0.7908476 0.01778531 0.7937207 0.1665644 0.3602448 0.1783871 0.3855753 0.1724814 0.3891759 0.1597819 0.3597435 0.1724814 0.3891759 0.1646948 0.3924126 0.1513535 0.3599775 0.1646948 0.3924126 0.1571137 0.3944181 0.01435387 0.8978922 0.0225293 0.8978086 0.02182716 0.9266848 0.2903515 0.4460825 0.2915511 0.4402099 0.3191107 0.440356 0.2915511 0.4402099 0.2935693 0.4323344 0.3168866 0.4324679 0.3168866 0.4324679 0.2935693 0.4323344 0.2958653 0.4245659 0.6299455 0.9080131 0.6295986 0.8900722 0.635681 0.8898288 0.6360488 0.9048475 0.635681 0.8898288 0.6439182 0.8898034 0.6442936 0.9037529 0.6439182 0.8898034 0.6521029 0.8900032 0.07968133 0.2587047 0.0637499 0.2587257 0.06191509 0.2531124 0.08095473 0.253096 0.06191509 0.2531124 0.05969214 0.2453245 0.05969214 0.2453245 0.05767673 0.2374482 0.08520859 0.2374438 0.05767673 0.2374482 0.05640888 0.2315943 0.08704912 0.2315944 0.01364338 0.9278393 0.005405485 0.9266434 0.006107568 0.8977671 0.01435387 0.8978922 0.01434981 0.8606212 0.02252632 0.8616365 0.0225293 0.8978086 0.02252632 0.8616365 0.02844321 0.8643689 0.2915511 0.4402099 0.258594 0.4332864 0.2642765 0.4275191 0.2935693 0.4323344 0.2642765 0.4275191 0.2702368 0.4218591 0.6295986 0.8900722 0.629952 0.8651271 0.6359942 0.867888 0.635681 0.8898288 0.6359942 0.867888 0.6442167 0.8689625 0.6442167 0.8689625 0.6524161 0.8680624 0.6521029 0.8900032 0.6524161 0.8680624 0.6583955 0.8654293 0.6580422 0.8903744 0.03623449 0.2557134 0.03033322 0.2500181 0.05969214 0.2453245 0.03033322 0.2500181 0.0246396 0.2442344 0.05767673 0.2374482 0 0.8642969 0.006104648 0.8615951 0.006107568 0.8977671 0.006104648 0.8615951 0.01434981 0.8606212 0.01435387 0.8978922 0.01396584 0.8295572 0.0221526 0.8314047 0.02252632 0.8616365 0.2547119 0.4376153 0.2342312 0.4021967 0.2396539 0.400532 0.2396539 0.400532 0.2474409 0.3984041 0.2642765 0.4275191 0.2474409 0.3984041 0.2555056 0.3963834 0.2702368 0.4218591 0.2702368 0.4218591 0.2555056 0.3963834 0.2616873 0.3950114 0.6359942 0.867888 0.6364097 0.8483517 0.6446144 0.8502613 0.6442167 0.8689625 0.6446144 0.8502613 0.6528316 0.8485262 0.02744358 0.2825503 0.02136057 0.2811268 0.03623449 0.2557134 0.02136057 0.2811268 0.01333451 0.2790617 0.03033322 0.2500181 0.01333451 0.2790617 0.005515992 0.2769085 0.0246396 0.2442344 0.0246396 0.2442344 0.005515992 0.2769085 0 0.2752442 0.005730867 0.8313633 0.01396584 0.8295572 0.01434981 0.8606212 0.9277188 0.7841593 0.9196895 0.7846214 0.9210957 0.6495346 0.2342314 0.2567769 0.2396399 0.2581831 0.2396539 0.400532 0.2396539 0.400532 0.2396399 0.2581831 0.2474075 0.2602506 0.2474409 0.3984041 0.2474075 0.2602506 0.255453 0.262425 0.2555056 0.3963834 0.255453 0.262425 0.2616205 0.264124 0.05188626 0.8295572 0.05125468 0.9501401 0.04322355 0.9505469 0.04383957 0.8310021 0.04322355 0.9505469 0.03487402 0.9503787 0.02744358 0.2825503 0.02684724 0.4133934 0.02076262 0.4150413 0.02076262 0.4150413 0.01273453 0.4171718 0.01333451 0.2790617 0.01273453 0.4171718 0.004913926 0.4192143 0.005515992 0.2769085 0.9424981 0.7847013 0.9360673 0.7841886 0.9374735 0.6491017 0.9360673 0.7841886 0.9277188 0.7841593 0.929126 0.6480265 0.9292783 0.8256477 0.9212072 0.8249983 0.9196895 0.7846214 0.9212072 0.8249983 0.9155344 0.8227908 0.9141309 0.7854512 0.2396399 0.2581831 0.2588804 0.2255413 0.2645103 0.2312356 0.2645103 0.2312356 0.2704179 0.237037 0.255453 0.262425 0.2704179 0.237037 0.2750205 0.2413911 0.2616205 0.264124 0.05125468 0.9501401 0.05188626 0.9762218 0.04382818 0.9755138 0.04382818 0.9755138 0.03550565 0.9764606 0.03487402 0.9503787 0.03550565 0.9764606 0.02914851 0.9788085 0.02844321 0.9496806 0.02076262 0.4150413 0.03561139 0.4404971 0.02970451 0.446264 0.01273453 0.4171718 0.02970451 0.446264 0.02400523 0.451943 0.9424981 0.7847013 0.9439016 0.822041 0.937585 0.8245654 0.9360673 0.7841886 0.937585 0.8245654 0.9292783 0.8256477 0.2733905 0.9256862 0.2816321 0.924568 0.2817443 0.9556936 0.2909074 0.2132238 0.2920542 0.2188128 0.2588804 0.2255413 0.2920542 0.2188128 0.2940006 0.2265937 0.2645103 0.2312356 0.2940006 0.2265937 0.2962247 0.2344818 0.2704179 0.237037 0.6295785 0.8718429 0.6236901 0.8751251 0.6236986 0.8536996 0.6236901 0.8751251 0.6155246 0.876399 0.6155287 0.8557298 0.6155287 0.8557298 0.6155246 0.876399 0.6072697 0.8753239 0.6072781 0.8538984 0.6072697 0.8753239 0.6011373 0.8721874 0.03561139 0.4404971 0.06141209 0.4431716 0.05918133 0.4510417 0.02970451 0.446264 0.05918133 0.4510417 0.05715811 0.4588237 0.02400523 0.451943 0.05715811 0.4588237 0.05588471 0.4644324 0.2653219 0.9555661 0.2652097 0.9244405 0.2733905 0.9256862 0.2733905 0.9256862 0.2730419 0.8957717 0.2812789 0.8957229 0.2816321 0.924568 0.2812789 0.8957229 0.2873605 0.895462 0.2920542 0.2188128 0.3196138 0.2189588 0.3173177 0.2267273 0.3173177 0.2267273 0.3152996 0.2346028 0.2962247 0.2344818 0.3152996 0.2346028 0.3141 0.2404753 0.2981307 0.2403635 0.6233226 0.8901636 0.6151494 0.8903668 0.6155246 0.876399 0.6151494 0.8903668 0.6069021 0.8903623 0.6072697 0.8753239 0.07918393 0.4373012 0.08045178 0.443155 0.06141209 0.4431716 0.08045178 0.443155 0.08246737 0.4510313 0.05918133 0.4510417 0.05918133 0.4510417 0.08246737 0.4510313 0.08469009 0.4588193 0.05715811 0.4588237 0.08469009 0.4588193 0.08652502 0.4644325 0.2652097 0.9244405 0.2648565 0.8955954 0.2730419 0.8957717 0.2730419 0.8957717 0.2734503 0.8585131 0.2816758 0.859564 0.2812789 0.8957229 0.2816758 0.859564 0.2877262 0.8623077 0.3196138 0.2189588 0.3525709 0.2258824 0.3466106 0.2315425 0.3173177 0.2267273 0.3466106 0.2315425 0.3409281 0.2373098 0.6292318 0.8898072 0.6295986 0.9147729 0.6236414 0.9121274 0.6233226 0.8901636 0.6236414 0.9121274 0.6154506 0.9112319 0.6154506 0.9112319 0.6072209 0.9123262 0.6069021 0.8903623 0.6072209 0.9123262 0.6011575 0.9151172 0.6007906 0.8901516 0.1061324 0.4405539 0.1118261 0.4463376 0.08246737 0.4510313 0.1118261 0.4463376 0.1177273 0.4520331 0.08469009 0.4588193 0.2592818 0.8620868 0.2652535 0.8594365 0.2648565 0.8955954 0.2652535 0.8594365 0.2734503 0.8585131 0.2730419 0.8957717 0.2734503 0.8585131 0.2740218 0.8273428 0.282232 0.8292288 0.3776927 0.2572648 0.3715111 0.2586369 0.3525709 0.2258824 0.3715111 0.2586369 0.3634463 0.2606576 0.3466106 0.2315425 0.3634463 0.2606576 0.3556594 0.2627854 0.3409281 0.2373098 0.3409281 0.2373098 0.3556594 0.2627854 0.3502368 0.2644501 0.6236414 0.9121274 0.6241745 0.9315925 0.6159608 0.9298648 0.6159608 0.9298648 0.6077539 0.9317914 0.6072209 0.9123262 0.1154903 0.4134765 0.1210063 0.4151408 0.1061324 0.4405539 0.1061324 0.4405539 0.1210063 0.4151408 0.1288248 0.4172938 0.1118261 0.4463376 0.1288248 0.4172938 0.1368509 0.419359 0.1368509 0.419359 0.1429339 0.4207826 0.1222548 0.4561144 0.2658097 0.8291013 0.2740218 0.8273428 0.2734503 0.8585131 0.9602593 0.8192346 0.9561405 0.9542152 0.9481019 0.9544325 0.3776927 0.2572648 0.3776927 0.4026846 0.3715251 0.4009856 0.3715111 0.2586369 0.3715251 0.4009856 0.3634796 0.3988112 0.3634463 0.2606576 0.3634796 0.3988112 0.3557118 0.3967438 0.3557118 0.3967438 0.3503034 0.3953375 0.3502368 0.2644501 0.7225193 0.9432656 0.7144787 0.943453 0.7200977 0.8230528 0.7144787 0.943453 0.7061362 0.9431384 0.7117929 0.821693 0.7061362 0.9431384 0.6997272 0.942406 0.7054868 0.8181051 0.1216042 0.2812263 0.1294248 0.2791838 0.1288248 0.4172938 0.1294248 0.2791838 0.137453 0.2770533 0.1368509 0.419359 0.1368509 0.419359 0.137453 0.2770533 0.1435375 0.2754056 0.9685615 0.820637 0.9644836 0.9545803 0.9561405 0.9542152 0.9561405 0.9958385 0.9481019 0.9949405 0.9481019 0.9544325 0.356887 0.4379815 0.3522844 0.4336274 0.3715251 0.4009856 0.3522844 0.4336274 0.3463769 0.4278261 0.3634796 0.3988112 0.3634796 0.3988112 0.3463769 0.4278261 0.3407469 0.4221318 0.7281761 0.9716883 0.7225841 0.9692881 0.7225193 0.9432656 0.7225841 0.9692881 0.7145407 0.9683631 0.7144787 0.943453 0.7144787 0.943453 0.7145407 0.9683631 0.706201 0.969161 0.7061362 0.9431384 0.706201 0.969161 0.6997996 0.9714678 0.1067554 0.2557707 0.1124548 0.2500916 0.1294248 0.2791838 0.1294248 0.2791838 0.1124548 0.2500916 0.1183616 0.2443245 0.9708957 0.9554302 0.9708957 0.992891 0.9644836 0.9950883 0.9644836 0.9950883 0.9561405 0.9958385 0.9561405 0.9542152 0.01364338 0.9278393 0.02182716 0.9266848 0.02129453 0.9578815 0.3210166 0.4462376 0.3191107 0.440356 0.3522844 0.4336274 0.3191107 0.440356 0.3168866 0.4324679 0.3463769 0.4278261 0.3168866 0.4324679 0.3149403 0.424687 0.3407469 0.4221318 0.6299455 0.9080131 0.6360488 0.9048475 0.6360514 0.9262409 0.6360488 0.9048475 0.6442936 0.9037529 0.6442948 0.9243933 0.6442948 0.9243933 0.6442936 0.9037529 0.6524707 0.905022 0.6524733 0.9264153 0.6524707 0.905022 0.658389 0.9083153 0.1067554 0.2557707 0.08095473 0.253096 0.08297801 0.245314 0.1124548 0.2500916 0.08297801 0.245314 0.08520859 0.2374438 0.1183616 0.2443245 0.08520859 0.2374438 0.08704912 0.2315944 0.004872858 0.9578401 0.005405485 0.9266434 0.01364338 0.9278393 0.747783 0.217423 0.7454859 0.2236393 0.7155836 0.2195793 0.7454859 0.2236393 0.7426818 0.2314767 0.7158211 0.2277971 0.7426818 0.2314767 0.7401223 0.2388353 0.7174162 0.235675 0.8439733 0.1418246 0.8476855 0.1205735 0.8534781 0.1253415 0.8505077 0.1427127 0.8534781 0.1253415 0.8613113 0.1285862 0.8588837 0.1431171 0.8613113 0.1285862 0.8690859 0.1294382 0.7391533 0.4670729 0.7247728 0.4692448 0.7224408 0.4630078 0.7379336 0.460693 0.7224408 0.4630078 0.7196127 0.4551715 0.7381439 0.4524661 0.7196127 0.4551715 0.7170459 0.4478358 0.4027082 0.9163019 0.3969868 0.9213532 0.3941026 0.8975294 0.3969868 0.9213532 0.38907 0.9243816 0.3858183 0.8978593 0.3776927 0.8970658 0.3858183 0.8978593 0.38907 0.9243816 0.747783 0.217423 0.7837083 0.2291244 0.7804483 0.2347612 0.7454859 0.2236393 0.7804483 0.2347612 0.7750137 0.2410154 0.7426818 0.2314767 0.7750137 0.2410154 0.7688606 0.2462109 0.8476855 0.1205735 0.855568 0.09553116 0.8595482 0.1028684 0.8534781 0.1253415 0.8595482 0.1028684 0.8660545 0.107994 0.8613113 0.1285862 0.8660545 0.107994 0.8733437 0.1095345 0.7032418 0.4723658 0.6999478 0.4667099 0.7224408 0.4630078 0.6999478 0.4667099 0.6944915 0.4604613 0.7196127 0.4551715 0.6944915 0.4604613 0.6883345 0.4552943 0.7170459 0.4478358 0.4087844 0.939661 0.4045988 0.9469552 0.3969868 0.9213532 0.4045988 0.9469552 0.3978063 0.9516255 0.38907 0.9243816 0.3978063 0.9516255 0.390227 0.9524206 0.3810792 0.9245757 0.4713218 0.6785602 0.4643524 0.7177372 0.4573519 0.7175456 0.8005887 0.2661634 0.7936391 0.2700554 0.7750137 0.2410154 0.7750137 0.2410154 0.7936391 0.2700554 0.7854165 0.2720243 0.7854165 0.2720243 0.7781242 0.2715427 0.7636379 0.2489559 0.9236295 0.1503511 0.9315332 0.1499202 0.9359052 0.1752201 0.9315332 0.1499202 0.9399214 0.1493776 0.9441065 0.1735959 0.9441065 0.1735959 0.9399214 0.1493776 0.9465462 0.1488687 0.6869881 0.4869107 0.6800181 0.4830215 0.6944915 0.4604613 0.6800181 0.4830215 0.6717936 0.4810774 0.6883345 0.4552943 0.6883345 0.4552943 0.6717936 0.4810774 0.6645184 0.4815994 0.4804366 0.7192687 0.472802 0.7183679 0.4795846 0.6802406 0.472802 0.7183679 0.4643524 0.7177372 0.4713218 0.6785602 0.4639502 0.8622575 0.4569422 0.8609573 0.4573519 0.7175456 0.8005887 0.385654 0.7936457 0.3870382 0.7936391 0.2700554 0.7936391 0.2700554 0.7936457 0.3870382 0.7854323 0.385581 0.7854165 0.2720243 0.7854323 0.385581 0.7781491 0.3816734 0.9236295 0.1503511 0.9281364 0.0208882 0.9359053 0.02342456 0.9315332 0.1499202 0.9359053 0.02342456 0.944244 0.02396792 0.9399214 0.1493776 0.944244 0.02396792 0.9509183 0.02237296 0.6869881 0.4869107 0.6869571 0.5941499 0.6799936 0.5927594 0.6799936 0.5927594 0.671778 0.5942288 0.6717936 0.4810774 0.671778 0.5942288 0.6645117 0.5981642 0.6645184 0.4815994 0.4800068 0.8596518 0.4723923 0.8617796 0.472802 0.7183679 0.4723923 0.8617796 0.4639502 0.8622575 0.4643524 0.7177372 0.6645117 0.9144427 0.672334 0.9130873 0.6886846 0.9451795 0.672334 0.9130873 0.6803042 0.9103964 0.6954248 0.9400746 0.6954248 0.9400746 0.6803042 0.9103964 0.6862866 0.9070912 0.7854323 0.385581 0.7687501 0.4072387 0.7635522 0.4006237 0.9352509 0 0.9422761 0.004720628 0.9359053 0.02342456 0.9359053 0.02342456 0.9422761 0.004720628 0.9503424 0.006063699 0.1938343 0.8595749 0.1858075 0.858032 0.1951615 0.8357284 0.1951615 0.8357284 0.1858075 0.858032 0.1778935 0.8556846 0.6799936 0.5927594 0.6945753 0.6115847 0.6884429 0.6157433 0.6884429 0.6157433 0.6832597 0.622368 0.6645117 0.5981642 0.486709 0.8888857 0.4796398 0.8933916 0.4723923 0.8617796 0.4723923 0.8617796 0.4796398 0.8933916 0.4713972 0.8947396 0.6655794 0.8774142 0.6735513 0.87717 0.672334 0.9130873 0.6735513 0.87717 0.68193 0.8775148 0.6803042 0.9103964 0.68193 0.8775148 0.6884706 0.8783565 0.6862866 0.9070912 0.7399185 0.4074163 0.7383232 0.3995382 0.7635522 0.4006237 0.7383232 0.3995382 0.7380857 0.3913205 0.7606774 0.3933307 0.7380857 0.3913205 0.7392696 0.384965 0.7608959 0.3873135 0.1938343 0.8595749 0.1969469 0.8788886 0.1887932 0.8784623 0.1858075 0.858032 0.1887932 0.8784623 0.1805326 0.8791657 0.1778935 0.8556846 0.1805326 0.8791657 0.1743786 0.8808102 0.6884429 0.6157433 0.7172459 0.6158085 0.7156619 0.6236777 0.6832597 0.622368 0.7156619 0.6236777 0.7154515 0.6319047 0.6804147 0.6296838 0.7154515 0.6319047 0.7166714 0.6382846 0.6655794 0.8774142 0.6705629 0.8483673 0.6783437 0.849164 0.6735513 0.87717 0.6783437 0.849164 0.6862003 0.8523529 0.68193 0.8775148 0.6862003 0.8523529 0.6920276 0.8570796 0.7172124 0.404256 0.7197719 0.3968975 0.7383232 0.3995382 0.7197719 0.3968975 0.7225759 0.3890601 0.7380857 0.3913205 0.7225759 0.3890601 0.724873 0.3828437 0.7392696 0.384965 0.1989136 0.8915787 0.19094 0.8921329 0.1887932 0.8784623 0.19094 0.8921329 0.1831717 0.8955154 0.1805326 0.8791657 0.1831717 0.8955154 0.17769 0.9008195 0.1743786 0.8808102 0.7172459 0.6158085 0.7399278 0.6125693 0.7424946 0.6199052 0.7156619 0.6236777 0.7424946 0.6199052 0.7453228 0.6277415 0.7154515 0.6319047 0.7453228 0.6277415 0.7476547 0.6339785 0.6705629 0.8483673 0.68185 0.8181051 0.6891502 0.8195938 0.6783437 0.849164 0.6891502 0.8195938 0.6956936 0.8246729 0.6862003 0.8523529 0.6956936 0.8246729 0.6997272 0.8319818 0.7172124 0.404256 0.6884741 0.3968802 0.6946272 0.3916845 0.7197719 0.3968975 0.6946272 0.3916845 0.7000618 0.3854305 0.7225759 0.3890601 0.7000618 0.3854305 0.7033219 0.3797937 0.2027886 0.9102966 0.1952539 0.9114328 0.19094 0.8921329 0.1952539 0.9114328 0.1886847 0.9164046 0.1831717 0.8955154 0.1886847 0.9164046 0.1848412 0.9238801 0.17769 0.9008195 0.7686393 0.6051109 0.7747962 0.6102779 0.7424946 0.6199052 0.7747962 0.6102779 0.7802526 0.6165265 0.7453228 0.6277415 0.7802526 0.6165265 0.7835465 0.6221823 0.7476547 0.6339785 0.8724524 0.6524866 0.8639264 0.612414 0.8722874 0.6115566 0.8805851 0.6505555 0.8722874 0.6115566 0.8801689 0.610829 0.664626 0.3705851 0.6719182 0.3710668 0.6884741 0.3968802 0.6719182 0.3710668 0.6801407 0.3690979 0.6946272 0.3916845 0.6946272 0.3916845 0.6801407 0.3690979 0.6870905 0.3652058 0.96834 0.2171151 0.9647523 0.2417941 0.9577491 0.2418189 0.9577491 0.2418189 0.9492837 0.2414495 0.9528713 0.2167705 0.9492837 0.2414495 0.9416242 0.2407851 0.9456309 0.2132238 0.7779051 0.5798497 0.7851803 0.5793278 0.7686393 0.6051109 0.7686393 0.6051109 0.7851803 0.5793278 0.7934048 0.5812719 0.7934048 0.5812719 0.8003749 0.5851612 0.7802526 0.6165265 0.8573258 0.6131714 0.8639264 0.612414 0.8724524 0.6524866 0.8639264 0.612414 0.863522 0.470704 0.8718757 0.4709337 0.8722874 0.6115566 0.8718757 0.4709337 0.8797369 0.4731763 0.664626 0.3705851 0.6646193 0.2536025 0.6719025 0.2575101 0.6719182 0.3710668 0.6719025 0.2575101 0.6801159 0.2589671 0.6801159 0.2589671 0.6870589 0.257583 0.6870905 0.3652058 0.96834 0.3708263 0.9612943 0.3697433 0.9577491 0.2418189 0.9612943 0.3697433 0.9528713 0.3704817 0.9492837 0.2414495 0.9528713 0.3704817 0.9453282 0.3728439 0.9416242 0.2407851 0.7779296 0.4701119 0.7851958 0.4661765 0.7851803 0.5793278 0.7851958 0.4661765 0.7934114 0.4647072 0.7934048 0.5812719 0.7934048 0.5812719 0.7934114 0.4647072 0.8003749 0.4660977 0.8573258 0.6131714 0.8569142 0.4725485 0.863522 0.470704 0.8725281 0.4405032 0.8806405 0.4415423 0.8718757 0.4709337 0.8718757 0.4709337 0.8806405 0.4415423 0.8878424 0.4459956 0.6646193 0.2536025 0.6833867 0.2292377 0.6885846 0.2358526 0.8548278 0.1970185 0.8415799 0.170543 0.8475863 0.1672804 0.8475863 0.1672804 0.8555758 0.1646463 0.8659554 0.1853897 0.8555758 0.1646463 0.8634079 0.1633465 0.8733437 0.1832031 0.9612943 0.3697433 0.9663782 0.3890849 0.9581824 0.3906872 0.9581824 0.3906872 0.9512595 0.3954092 0.9453282 0.3728439 0.7779296 0.4701119 0.7633478 0.4512866 0.7685309 0.444662 0.7685309 0.444662 0.7746634 0.4405032 0.7934114 0.4647072 0.4087844 0.8342847 0.3938848 0.8656706 0.3860878 0.8629688 0.3860878 0.8629688 0.3781407 0.8610655 0.3946958 0.8261921 0.7167674 0.2132238 0.7155836 0.2195793 0.6805118 0.2219446 0.7155836 0.2195793 0.7158211 0.2277971 0.6833867 0.2292377 0.7158211 0.2277971 0.7174162 0.235675 0.6885846 0.2358526 0.8439733 0.1418246 0.8505077 0.1427127 0.8475863 0.1672804 0.8505077 0.1427127 0.8588837 0.1431171 0.8555758 0.1646463 0.8588837 0.1431171 0.8668572 0.1429296 0.8634079 0.1633465 0.7607581 0.4646489 0.7391533 0.4670729 0.7379336 0.460693 0.7605026 0.4586024 0.7379336 0.460693 0.7381439 0.4524661 0.7633478 0.4512866 0.7381439 0.4524661 0.7397279 0.4445968 0.3994426 0.8684471 0.4003263 0.8961642 0.3941026 0.8975294 0.3938848 0.8656706 0.3941026 0.8975294 0.3858183 0.8978593 0.3860878 0.8629688 0.3858183 0.8978593 0.3776927 0.8970658 0.6818217 0.002667903 0.6801933 0.00889635 0.6498136 0.006312966 0.6801933 0.00889635 0.6778594 0.01683413 0.6505656 0.01448148 0.6778594 0.01683413 0.6754454 0.02435415 0.6523671 0.02231669 0.5209705 0.8834375 0.5227818 0.8605703 0.5291149 0.8636459 0.5276964 0.8823482 0.5291149 0.8636459 0.5372366 0.8660029 0.5361056 0.8816563 0.5372366 0.8660029 0.5449707 0.8670094 0.527778 0.0219078 0.512939 0.02206796 0.5126252 0.01590615 0.5286023 0.0157569 0.5126252 0.01590615 0.5112126 0.007858037 0.5302995 0.007738113 0.5112126 0.007858037 0.5090798 8.01237e-5 0.754158 0.9034775 0.7479591 0.9068297 0.7444339 0.8799227 0.7479591 0.9068297 0.7399575 0.9095649 0.7359961 0.8796252 0.7281761 0.8799003 0.7359961 0.8796252 0.7399575 0.9095649 0.6818217 0.002667903 0.7182528 0.01268208 0.715648 0.01837372 0.6801933 0.00889635 0.715648 0.01837372 0.7106462 0.02484405 0.6778594 0.01683413 0.7106462 0.02484405 0.7045876 0.03035986 0.5227818 0.8605703 0.528503 0.8323541 0.5332134 0.8387845 0.5291149 0.8636459 0.5332134 0.8387845 0.5401472 0.8435974 0.5372366 0.8660029 0.5401472 0.8435974 0.5474463 0.8455029 0.4909436 0.0222361 0.4896497 0.01653766 0.5126252 0.01590615 0.4896497 0.01653766 0.4855603 0.009755015 0.5112126 0.007858037 0.4855603 0.009755015 0.4797708 0.003705978 0.5090798 8.01237e-5 0.7612702 0.9314152 0.7568641 0.9380497 0.7479591 0.9068297 0.7568641 0.9380497 0.750175 0.9431876 0.7399575 0.9095649 0.750175 0.9431876 0.742995 0.9454525 0.7322972 0.9109501 0.3593344 0.7104462 0.3514566 0.711085 0.3532466 0.6751401 0.715648 0.01837372 0.7360568 0.04909062 0.7295196 0.05325055 0.7295196 0.05325055 0.721364 0.05561 0.7045876 0.03035986 0.721364 0.05561 0.7137752 0.05553674 0.6990959 0.03344285 0.9436438 0.4672009 0.9374872 0.4681538 0.9373959 0.4442481 0.9373959 0.4442481 0.9374872 0.4681538 0.929224 0.4684607 0.929224 0.4684607 0.9210683 0.4680393 0.9209769 0.4441338 0.4896497 0.01653766 0.4765777 0.03555625 0.4709615 0.03099501 0.4709615 0.03099501 0.4630864 0.02797996 0.4797708 0.003705978 0.4797708 0.003705978 0.4630864 0.02797996 0.4550626 0.02731901 0.3744602 0.7120749 0.3677542 0.7108085 0.3695444 0.6748633 0.3695444 0.6748633 0.3677542 0.7108085 0.3593344 0.7104462 0.3610768 0.8569574 0.3531757 0.8564725 0.3514566 0.711085 0.7360568 0.1698171 0.7295288 0.1714425 0.7295196 0.05325055 0.7295196 0.05325055 0.7295288 0.1714425 0.7213855 0.1703392 0.721364 0.05561 0.7213855 0.1703392 0.713809 0.1668034 0.9436438 0.4672009 0.9436438 0.600645 0.9375159 0.5985394 0.9374872 0.4681538 0.9375159 0.5985394 0.9292631 0.5977267 0.929224 0.4684607 0.9292631 0.5977267 0.9210969 0.5984247 0.9210683 0.4680393 0.9210969 0.5984247 0.9152054 0.6004468 0.4717497 0.1442389 0.4639192 0.1447507 0.4630864 0.02797996 0.4639192 0.1447507 0.45594 0.1476166 0.4550626 0.02731901 0.3761155 0.8543922 0.3694734 0.8561961 0.3677542 0.7108085 0.3694734 0.8561961 0.3610768 0.8569574 0.3593344 0.7104462 0.3644255 0.8926661 0.3564347 0.8912246 0.3531757 0.8564725 0.9406552 0.9530468 0.9221426 0.9276393 0.9300218 0.9244869 0.7295288 0.1714425 0.7104636 0.1970118 0.7044386 0.1930677 0.7213855 0.1703392 0.7044386 0.1930677 0.6989805 0.1866907 0.6989805 0.1866907 0.6955514 0.1795898 0.7088292 0.1617824 0.9375159 0.5985394 0.936999 0.6199926 0.9287684 0.618263 0.9287684 0.618263 0.92058 0.6198782 0.9210969 0.5984247 0.2165734 0.8518489 0.2088508 0.8483393 0.2230965 0.8307761 0.4717497 0.1442389 0.4868881 0.1657583 0.4812202 0.1693443 0.4639192 0.1447507 0.4812202 0.1693443 0.4754035 0.1752843 0.4754035 0.1752843 0.4709967 0.181987 0.44995 0.1520688 0.3694734 0.8561961 0.3727324 0.8909481 0.3644255 0.8926661 0.9141309 0.8911564 0.9219664 0.8914133 0.9221426 0.9276393 0.9219664 0.8914133 0.9303994 0.8911148 0.9300218 0.9244869 0.9303994 0.8911148 0.9371699 0.8903409 0.9360359 0.9198145 0.6751703 0.1947057 0.6733689 0.1868705 0.6989805 0.1866907 0.6733689 0.1868705 0.6726168 0.1787019 0.6955514 0.1795898 0.6726168 0.1787019 0.6731157 0.172389 0.6950704 0.1736676 0.2241446 0.8529693 0.2257773 0.8747497 0.2179527 0.8746619 0.2165734 0.8518489 0.2179527 0.8746619 0.2095384 0.8739734 0.2088508 0.8483393 0.2095384 0.8739734 0.2027886 0.8728685 0.4812202 0.1693443 0.5107754 0.1735236 0.50866 0.1812616 0.4754035 0.1752843 0.50866 0.1812616 0.5069628 0.1892803 0.4709967 0.181987 0.5069628 0.1892803 0.5061384 0.1954312 0.9141309 0.8911564 0.9182193 0.8601158 0.9258965 0.8614824 0.9219664 0.8914133 0.9258965 0.8614824 0.9338963 0.864216 0.9303994 0.8911148 0.9338963 0.864216 0.940075 0.867584 0.6520919 0.1926681 0.654506 0.1851483 0.6733689 0.1868705 0.654506 0.1851483 0.6568397 0.1772105 0.6726168 0.1787019 0.6568397 0.1772105 0.658468 0.1709818 0.6731157 0.172389 0.2268237 0.8892927 0.2191058 0.890321 0.2179527 0.8746619 0.2191058 0.890321 0.210983 0.8926823 0.2095384 0.8739734 0.210983 0.8926823 0.2046315 0.8957433 0.2027886 0.8728685 0.5107754 0.1735236 0.5341106 0.1734432 0.5362433 0.1812213 0.50866 0.1812616 0.5362433 0.1812213 0.5376558 0.1892695 0.5069628 0.1892803 0.5376558 0.1892695 0.5379697 0.1954312 0.9182193 0.8601158 0.9288495 0.8256477 0.9360493 0.8278921 0.9258965 0.8614824 0.9360493 0.8278921 0.9427446 0.8330233 0.9338963 0.864216 0.9427446 0.8330233 0.9471417 0.8396666 0.6520919 0.1926681 0.6229497 0.1866623 0.6290081 0.1811466 0.654506 0.1851483 0.6290081 0.1811466 0.63401 0.1746761 0.6568397 0.1772105 0.63401 0.1746761 0.6366149 0.1689847 0.2293293 0.9108057 0.2220495 0.9127351 0.2191058 0.890321 0.2220495 0.9127351 0.2151232 0.9175572 0.210983 0.8926823 0.2151232 0.9175572 0.2104064 0.9239801 0.2046315 0.8957433 0.5634196 0.1698176 0.5692093 0.175867 0.5362433 0.1812213 0.5692093 0.175867 0.5732988 0.1826494 0.5376558 0.1892695 0.5732988 0.1826494 0.5745924 0.1883479 0.5379697 0.1954312 0.5008615 0.8969047 0.5007272 0.8587651 0.5089905 0.8584606 0.5089905 0.8584606 0.5151476 0.8575093 0.5152682 0.8918351 0.6174579 0.1897453 0.5985843 0.1613389 0.6061733 0.1614122 0.6061733 0.1614122 0.6143288 0.1590527 0.6290081 0.1811466 0.6290081 0.1811466 0.6143288 0.1590527 0.6208657 0.1548929 0.9909571 0.4100583 0.9894943 0.4331914 0.9816086 0.4337275 0.9816086 0.4337275 0.9731943 0.4332553 0.9746572 0.4101219 0.9746572 0.4101219 0.9731943 0.4332553 0.966506 0.4319014 0.5574814 0.1661225 0.5720801 0.1448826 0.5801039 0.1455435 0.5634196 0.1698176 0.5801039 0.1455435 0.587979 0.1485584 0.587979 0.1485584 0.5935953 0.1531199 0.5732988 0.1826494 0.4927023 0.8954592 0.4925717 0.8583415 0.5007272 0.8587651 0.5007272 0.8587651 0.5008885 0.7127869 0.5091409 0.7136019 0.5089905 0.8584606 0.5091409 0.7136019 0.5152682 0.7157095 0.5985843 0.1613389 0.5985752 0.04314714 0.6061518 0.04668295 0.6061733 0.1614122 0.6061518 0.04668295 0.6142951 0.04778611 0.6142951 0.04778611 0.620823 0.04616093 0.6208657 0.1548929 0.9891582 0.5640575 0.9812642 0.5634694 0.9816086 0.4337275 0.9812642 0.5634694 0.9728582 0.5641211 0.9731943 0.4332553 0.9728582 0.5641211 0.9661925 0.5658381 0.966506 0.4319014 0.5712919 0.0316388 0.5792712 0.02877271 0.5801039 0.1455435 0.5792712 0.02877271 0.5871018 0.02826118 0.587979 0.1485584 0.4867091 0.8573029 0.4868298 0.715503 0.492722 0.7134828 0.4925717 0.8583415 0.492722 0.7134828 0.5008885 0.7127869 0.5017233 0.6785602 0.5099534 0.6802924 0.5091409 0.7136019 0.5935954 0.03812605 0.6142115 0.01047676 0.6176406 0.0175777 0.6176406 0.0175777 0.6230987 0.02395457 0.6061518 0.04668295 0.6061518 0.04668295 0.6230987 0.02395457 0.6291236 0.02789884 0.5412096 0.9256154 0.5270333 0.907983 0.5347525 0.904466 0.9891582 0.5640575 0.9909572 0.586465 0.9829863 0.5849189 0.9829863 0.5849189 0.9746571 0.5865287 0.9728582 0.5641211 0.5653019 0.03609091 0.5517467 0.01682204 0.5561534 0.01011943 0.5712919 0.0316388 0.5561534 0.01011943 0.5619701 0.004179298 0.5792712 0.02877271 0.5619701 0.004179298 0.567638 5.9326e-4 0.7612702 0.8231565 0.744049 0.8465622 0.7361679 0.8434144 0.4935345 0.6801732 0.5017233 0.6785602 0.5008885 0.7127869 0.6503124 0 0.6498136 0.006312966 0.6142115 0.01047676 0.6498136 0.006312966 0.6505656 0.01448148 0.6176406 0.0175777 0.6505656 0.01448148 0.6523671 0.02231669 0.6230987 0.02395457 0.5209705 0.8834375 0.5276964 0.8823482 0.5270333 0.907983 0.5276964 0.8823482 0.5361056 0.8816563 0.5347525 0.904466 0.5361056 0.8816563 0.5439448 0.881547 0.5423392 0.9033228 0.5499306 0.02249127 0.527778 0.0219078 0.5286023 0.0157569 0.5517467 0.01682204 0.5286023 0.0157569 0.5302995 0.007738113 0.5561534 0.01011943 0.5302995 0.007738113 0.532415 0 0.7500831 0.8512461 0.7512289 0.8807134 0.7444339 0.8799227 0.744049 0.8465622 0.7444339 0.8799227 0.7359961 0.8796252 0.7361679 0.8434144 0.7359961 0.8796252 0.7281761 0.8799003 0.441924 0.8609337 0.4502527 0.8616654 0.4499306 0.8916913 0.4502527 0.8616654 0.4566136 0.863879 0.4562759 0.890861 0.3133311 0.4462842 0.3108888 0.4540729 0.2878672 0.4540268 0.2878672 0.4540268 0.3108888 0.4540729 0.3090808 0.4619424 0.2902658 0.4618967 0.3090808 0.4619424 0.3083918 0.4677842 0.3370203 0.896023 0.337332 0.911637 0.329261 0.9106419 0.3289374 0.8961412 0.329261 0.9106419 0.3209357 0.9113411 0.320624 0.8957271 0.3209357 0.9113411 0.3145872 0.9135473 0.6020078 0.2348724 0.5829456 0.2349527 0.5807292 0.2272304 0.5807292 0.2272304 0.5786366 0.2193171 0.6061971 0.2192155 0.5786366 0.2193171 0.5772282 0.2133332 0.6078991 0.2132238 0.4416078 0.8920739 0.4335373 0.891906 0.4338592 0.8618801 0.441924 0.8609337 0.4421435 0.8261921 0.4504428 0.8278132 0.4502527 0.8616654 0.4504428 0.8278132 0.456723 0.8324564 0.3133311 0.4462842 0.3460509 0.4531198 0.3399717 0.4588105 0.3108888 0.4540729 0.3399717 0.4588105 0.3345269 0.4645819 0.3429864 0.9140598 0.3427279 0.9388166 0.3370131 0.9339718 0.337332 0.911637 0.3370131 0.9339718 0.3289197 0.9320901 0.3289197 0.9320901 0.3206167 0.9336759 0.3209357 0.9113411 0.3206167 0.9336759 0.3143286 0.9383039 0.3145872 0.9135473 0.5572609 0.2376561 0.5513728 0.2320395 0.5807292 0.2272304 0.5513728 0.2320395 0.5456081 0.2262315 0.5786366 0.2193171 0.5456081 0.2262315 0.5415117 0.2217889 0.5772282 0.2133332 0.4340493 0.8280277 0.4421435 0.8261921 0.441924 0.8609337 0.9579864 0.5799049 0.966165 0.5797795 0.9661925 0.6187928 0.3511356 0.4490349 0.3715055 0.4843989 0.3648883 0.4858238 0.3648883 0.4858238 0.356716 0.4878807 0.3399717 0.4588105 0.356716 0.4878807 0.3491783 0.4900184 0.3345269 0.4645819 0.9512352 0.1529861 0.9580985 0.1525138 0.960029 0.1775082 0.960029 0.1775082 0.9580985 0.1525138 0.9665467 0.1521887 0.9665467 0.1521887 0.9743164 0.1520981 0.976247 0.1770923 0.5616946 0.2415772 0.5484651 0.2643676 0.5424861 0.2631086 0.5424861 0.2631086 0.5344873 0.2611277 0.5513728 0.2320395 0.5513728 0.2320395 0.5344873 0.2611277 0.5266122 0.2589558 0.9436438 0.5796666 0.949743 0.5798635 0.9497703 0.6188769 0.9497703 0.6188769 0.949743 0.5798635 0.9579864 0.5799049 0.9580045 0.4368563 0.9661924 0.4378272 0.966165 0.5797795 0.3715056 0.6297838 0.3648973 0.6281374 0.3648883 0.4858238 0.3648883 0.4858238 0.3648973 0.6281374 0.3567367 0.6259985 0.356716 0.4878807 0.3567367 0.6259985 0.3492106 0.6239405 0.9512352 0.1529861 0.9509183 0.02185463 0.9577586 0.02438735 0.9580985 0.1525138 0.9577586 0.02438735 0.9661986 0.02516227 0.9665467 0.1521887 0.9661986 0.02516227 0.9739767 0.02397173 0.5484651 0.2643676 0.5484097 0.3950845 0.5424424 0.3968943 0.5424424 0.3968943 0.5344596 0.3991059 0.5344873 0.2611277 0.5344596 0.3991059 0.5266004 0.4011266 0.5266122 0.2589558 0.9436972 0.4407099 0.9497706 0.4379113 0.949743 0.5798635 0.9497706 0.4379113 0.9580045 0.4368563 0.9579864 0.5799049 0.9574238 0.4060661 0.9656273 0.4078622 0.9661924 0.4378272 0.3509384 0.6651449 0.3458772 0.6608386 0.3648973 0.6281374 0.3648973 0.6281374 0.3458772 0.6608386 0.3398299 0.655066 0.3398299 0.655066 0.3344169 0.6493747 0.3492106 0.6239405 0.9534538 0 0.960029 0.004818081 0.9577586 0.02438735 0.960029 0.004818081 0.9683719 0.006429374 0.9661986 0.02516227 0.9661986 0.02516227 0.9683719 0.006429374 0.976247 0.004402339 0.5618134 0.4178084 0.5574115 0.4222722 0.5424424 0.3968943 0.5424424 0.3968943 0.5574115 0.4222722 0.5515672 0.4281094 0.5344596 0.3991059 0.5515672 0.4281094 0.5458465 0.4337551 0.5458465 0.4337551 0.5417821 0.4376974 0.5209705 0.4024149 0.9497706 0.4379113 0.9492054 0.4079462 0.9574238 0.4060661 0.5827011 0.8696494 0.5746189 0.8698106 0.5751361 0.8335576 0.3154158 0.6735115 0.3130257 0.6676695 0.3458772 0.6608386 0.3130257 0.6676695 0.310627 0.6597995 0.3398299 0.655066 0.310627 0.6597995 0.3088628 0.6520105 0.3344169 0.6493747 0.8640394 0.9115526 0.8703801 0.9106902 0.8705414 0.9334766 0.8703801 0.9106902 0.8787008 0.9102658 0.8788172 0.9320119 0.8788172 0.9320119 0.8787008 0.9102658 0.8867722 0.9103927 0.8869334 0.9331791 0.8867722 0.9103927 0.8924312 0.9110375 0.5574115 0.4222722 0.5832445 0.4248465 0.5810882 0.4327704 0.5515672 0.4281094 0.5810882 0.4327704 0.5790554 0.4405032 0.5977532 0.8374159 0.5973371 0.8708214 0.5910167 0.8700193 0.5915337 0.8337662 0.5910167 0.8700193 0.5827011 0.8696494 0.5827011 0.8696494 0.5830172 0.9007702 0.5749408 0.8998178 0.3154158 0.6735115 0.2851086 0.6734647 0.2857977 0.6676231 0.3130257 0.6676695 0.2857977 0.6676231 0.2876054 0.6597532 0.2876054 0.6597532 0.2900477 0.6519646 0.3088628 0.6520105 0.8643237 0.892885 0.8706962 0.8950664 0.8703801 0.9106902 0.8706962 0.8950664 0.8790285 0.8957558 0.8787008 0.9102658 0.8790285 0.8957558 0.8870882 0.8947689 0.8867722 0.9103927 0.6008983 0.4187824 0.6023069 0.4247661 0.5832445 0.4248465 0.6023069 0.4247661 0.6043995 0.4326794 0.5810882 0.4327704 0.5810882 0.4327704 0.6043995 0.4326794 0.6066157 0.4404016 0.5973371 0.8708214 0.5976749 0.8977866 0.5913385 0.9000267 0.5910167 0.8700193 0.5913385 0.9000267 0.5830172 0.9007702 0.5830172 0.9007702 0.5831961 0.9354506 0.5750927 0.9336122 0.2851086 0.6734647 0.2497261 0.665093 0.2530777 0.6607873 0.2857977 0.6676231 0.2530777 0.6607873 0.2585226 0.6550157 0.2876054 0.6597532 0.2585226 0.6550157 0.2646018 0.649325 0.8643237 0.892885 0.8640838 0.8681015 0.8703883 0.872713 0.8706962 0.8950664 0.8703883 0.872713 0.8786956 0.8742921 0.8786956 0.8742921 0.8867803 0.8724156 0.8870882 0.8947689 0.8867803 0.8724156 0.8924759 0.8675863 0.8927155 0.8923698 0.6279916 0.4220628 0.6337561 0.4278706 0.6043995 0.4326794 0.6337561 0.4278706 0.6396442 0.4334875 0.6066157 0.4404016 0.5977532 0.9291595 0.5914905 0.9338208 0.5913385 0.9000267 0.5914905 0.9338208 0.5831961 0.9354506 0.5830172 0.9007702 0.8960068 0.8226971 0.9044548 0.8223627 0.9074971 0.8611673 0.9074971 0.8611673 0.9044548 0.8223627 0.9113175 0.8218826 0.2530777 0.6607873 0.2342401 0.6280831 0.241778 0.6259456 0.241778 0.6259456 0.2499504 0.6238884 0.2646018 0.649325 0.2646018 0.649325 0.2499504 0.6238884 0.2565673 0.6224638 0.9937169 0.8528615 0.9855382 0.8529762 0.9855537 0.8289237 0.9855537 0.8289237 0.9855382 0.8529762 0.9772948 0.8529241 0.9772948 0.8529241 0.9711959 0.8527191 0.971214 0.8246578 0.6279916 0.4220628 0.6427662 0.3966103 0.6506415 0.3987821 0.6337561 0.4278706 0.6506415 0.3987821 0.6586402 0.400763 0.6586402 0.400763 0.6646193 0.4020222 0.6440781 0.4374084 0.8912795 0.8616012 0.8882373 0.8227965 0.8960068 0.8226971 0.8960068 0.8226971 0.8956191 0.6792519 0.9040599 0.6800171 0.9044548 0.8223627 0.9040599 0.6800171 0.910903 0.6825422 0.2342401 0.6280831 0.2342312 0.4857698 0.2417575 0.4878277 0.241778 0.6259456 0.2417575 0.4878277 0.2499181 0.4899667 0.2499181 0.4899667 0.2565265 0.4916132 0.2565673 0.6224638 0.9933951 0.9806379 0.9852083 0.9796562 0.9855382 0.8529762 0.9852083 0.9796562 0.976973 0.9807005 0.9772948 0.8529241 0.976973 0.9807005 0.9708957 0.983491 0.9711959 0.8527191 0.6428101 0.2628247 0.6506694 0.260804 0.6506415 0.3987821 0.6506694 0.260804 0.658652 0.2585926 0.6586402 0.400763 0.6586402 0.400763 0.658652 0.2585926 0.6646193 0.2567827 0.8882373 0.8227965 0.8878424 0.6804512 0.8956191 0.6792519 0.8992054 0.6480265 0.9075501 0.6496288 0.9040599 0.6800171 0.9075501 0.6496288 0.9141308 0.6544395 0.910903 0.6825422 0.2532515 0.4530685 0.2586643 0.4587601 0.2417575 0.4878277 0.2417575 0.4878277 0.2586643 0.4587601 0.2647115 0.4645324 0.2647115 0.4645324 0.2697728 0.4688388 0.2565265 0.4916132 0.9933951 0.9806379 0.9937331 0.9999377 0.9855319 0.9981307 0.9855319 0.9981307 0.977311 1 0.976973 0.9807005 0.6371802 0.2641128 0.6237764 0.241389 0.6278409 0.2374468 0.6428101 0.2628247 0.6278409 0.2374468 0.6335615 0.2318009 0.6335615 0.2318009 0.6394057 0.2259639 0.658652 0.2585926 0.658652 0.2585926 0.6394057 0.2259639 0.6438077 0.2215 0.8913326 0.6500627 0.8992054 0.6480265 0.8956191 0.6792519 0.4416078 0.8920739 0.4499306 0.8916913 0.4504861 0.9279289 0.4499306 0.8916913 0.4562759 0.890861 0.456723 0.924256 0.286103 0.4462376 0.2878672 0.4540268 0.2586643 0.4587601 0.2878672 0.4540268 0.2902658 0.4618967 0.2647115 0.4645324 0.3427071 0.8954039 0.3370203 0.896023 0.3371828 0.8732455 0.3370203 0.896023 0.3289374 0.8961412 0.3290571 0.8744058 0.3290571 0.8744058 0.3289374 0.8961412 0.320624 0.8957271 0.3207864 0.8729497 0.320624 0.8957271 0.3143079 0.8948915 0.6278409 0.2374468 0.6020078 0.2348724 0.6040407 0.2271394 0.6335615 0.2318009 0.6040407 0.2271394 0.6061971 0.2192155 0.6394057 0.2259639 0.6061971 0.2192155 0.6078991 0.2132238 0.4340927 0.9281436 0.4335373 0.891906 0.4416078 0.8920739 0.2205061 0.5980656 0.2289382 0.5991364 0.2281584 0.6184998 0.4582755 0.4468063 0.4553543 0.4530643 0.4286347 0.4522562 0.4553543 0.4530643 0.4527603 0.4610165 0.4301753 0.4603174 0.4301753 0.4603174 0.4527603 0.4610165 0.4511888 0.468532 0.9517711 0.8025213 0.9479264 0.7888131 0.9549231 0.7858352 0.958215 0.7973119 0.9549231 0.7858352 0.9633305 0.7845885 0.4287608 0.9676354 0.4312437 0.9767584 0.423178 0.9794114 0.07201313 0.4868475 0.05699318 0.4879308 0.05362707 0.4813334 0.0716024 0.4800655 0.05362707 0.4813334 0.05091029 0.4733812 0.05091029 0.4733812 0.04957115 0.4662047 0.07562094 0.4644325 0.8323225 0.2586197 0.8250545 0.2552929 0.835045 0.2332722 0.827166 0.230696 0.835045 0.2332722 0.8250545 0.2552929 0.8168207 0.253534 0.8073936 0.2859928 0.8005887 0.2851825 0.4582755 0.4468063 0.4930725 0.4560325 0.4875332 0.4606937 0.4553543 0.4530643 0.4875332 0.4606937 0.4813628 0.4664645 0.4527603 0.4610165 0.4813628 0.4664645 0.4762148 0.4717987 0.9479264 0.7888131 0.9439016 0.76857 0.9511429 0.7685793 0.9549231 0.7858352 0.9511429 0.7685793 0.9596397 0.7684262 0.9596397 0.7684262 0.9671155 0.7681516 0.9708957 0.7854074 0.03509962 0.4903497 0.02917575 0.4854207 0.05362707 0.4813334 0.02917575 0.4854207 0.02296519 0.4797473 0.05091029 0.4733812 0.02296519 0.4797473 0.0181322 0.4748498 0.04957115 0.4662047 0.8235991 0.2870087 0.815816 0.2866612 0.8250545 0.2552929 0.815816 0.2866612 0.8073936 0.2859928 0.8168207 0.253534 0.8073936 0.2859928 0.8084442 0.3259823 0.8016113 0.3241005 0.4930725 0.4560325 0.5131213 0.4917411 0.5060739 0.4937161 0.5060739 0.4937161 0.4978435 0.4958178 0.4813628 0.4664645 0.4978435 0.4958178 0.4906354 0.4974828 0.4762148 0.4717987 0.9451372 0.7404291 0.9522493 0.7433814 0.9511429 0.7685793 0.9511429 0.7685793 0.9522493 0.7433814 0.9606988 0.7443055 0.9606988 0.7443055 0.9682219 0.7429538 0.9671155 0.7681516 0.02247428 0.513511 0.0150758 0.5112871 0.02917575 0.4854207 0.02917575 0.4854207 0.0150758 0.5112871 0.006851077 0.5093089 0.02296519 0.4797473 0.006851077 0.5093089 3.71264e-6 0.5081066 0.8245447 0.3229992 0.8168385 0.3255792 0.815816 0.2866612 0.8168385 0.3255792 0.8084442 0.3259823 0.8073936 0.2859928 0.925549 0.3260475 0.9176315 0.3272048 0.9253028 0.2152492 0.5131213 0.6365262 0.50608 0.635446 0.5060739 0.4937161 0.5060739 0.4937161 0.50608 0.635446 0.4978578 0.6333737 0.4978435 0.4958178 0.4978578 0.6333737 0.4906579 0.6308649 0.9451372 0.7404291 0.9642521 0.6480265 0.9708957 0.6530888 0.2426335 0.9795091 0.2409552 0.8781515 0.2493764 0.8779274 0.2510513 0.978412 0.2493764 0.8779274 0.2572379 0.8794536 0.02247428 0.513511 0.02245682 0.6423161 0.01506209 0.6431091 0.01506209 0.6431091 0.006842315 0.6452522 0.006851077 0.5093089 0.006842315 0.6452522 0 0.6481712 3.71264e-6 0.5081066 0.8532581 0.4202157 0.8462002 0.4248868 0.8168385 0.3255792 0.9339529 0.3266857 0.925549 0.3260475 0.9332697 0.2132238 0.9261398 0.3674247 0.9182065 0.3674733 0.9176315 0.3272048 0.5131213 0.6365262 0.4929327 0.6711729 0.4874099 0.6674864 0.4874099 0.6674864 0.4812622 0.6618543 0.4978578 0.6333737 0.4978578 0.6333737 0.4812622 0.6618543 0.4761369 0.6557855 0.2342312 0.880066 0.2361055 0.8511335 0.2426335 0.8522448 0.2426335 0.8522448 0.2509829 0.8531281 0.2493764 0.8779274 0.2493764 0.8779274 0.2509829 0.8531281 0.2589162 0.8535469 0.02245682 0.6423161 0.03513664 0.6638973 0.02922278 0.6672109 0.02922278 0.6672109 0.02302592 0.6727972 0.006842315 0.6452522 0.006842315 0.6452522 0.02302592 0.6727972 0.01820653 0.6791592 0.941123 0.3661876 0.9345278 0.3669542 0.9339529 0.3266857 0.9339529 0.3266857 0.9345278 0.3669542 0.9261398 0.3674247 0.9296815 0.3974246 0.9216715 0.3964211 0.9182065 0.3674733 0.4580364 0.6785602 0.455138 0.6734152 0.4874099 0.6674864 0.455138 0.6734152 0.452575 0.6657906 0.4812622 0.6618543 0.452575 0.6657906 0.4510344 0.6577293 0.4761369 0.6557855 0.4510344 0.6577293 0.4509288 0.6513914 0.4734072 0.650906 0.2458001 0.8371204 0.254022 0.839049 0.2509829 0.8531281 0.1186828 0.6999841 0.1115645 0.7155166 0.1036807 0.712954 0.1112244 0.6970958 0.1036807 0.712954 0.09737199 0.7074052 0.02922278 0.6672109 0.05372035 0.6682418 0.05102235 0.6756704 0.02302592 0.6727972 0.05102235 0.6756704 0.0497018 0.6838747 0.01820653 0.6791592 0.0497018 0.6838747 0.05011254 0.6906566 0.9345278 0.3669542 0.9379929 0.3959019 0.9296815 0.3974246 0.3373125 0.8692669 0.3297243 0.8468503 0.3380329 0.8450717 0.3453659 0.8666862 0.3380329 0.8450717 0.3448207 0.841655 0.455138 0.6734152 0.4284183 0.672607 0.4299899 0.6650914 0.4299899 0.6650914 0.4325838 0.6571393 0.4510344 0.6577293 0.4325838 0.6571393 0.435505 0.6508813 0.4509288 0.6513914 0.2483621 0.8273428 0.256435 0.8299743 0.254022 0.839049 0.1065338 0.7261623 0.09829676 0.7244176 0.1036807 0.712954 0.09829676 0.7244176 0.09102284 0.7211034 0.09737199 0.7074052 0.07169568 0.6669738 0.07303494 0.6741504 0.05102235 0.6756704 0.05102235 0.6756704 0.07303494 0.6741504 0.0757516 0.6821026 0.0497018 0.6838747 0.0757516 0.6821026 0.07911783 0.6887 0.9379929 0.3959019 0.9416242 0.4150802 0.93343 0.4173167 0.3297243 0.8468503 0.3225885 0.8147516 0.3310577 0.8140586 0.3380329 0.8450717 0.3310577 0.8140586 0.3382845 0.8136075 0.4284183 0.672607 0.3962395 0.6649776 0.4013875 0.6596434 0.4299899 0.6650914 0.4013875 0.6596434 0.4075579 0.6538726 0.4325838 0.6571393 0.4075579 0.6538726 0.4130972 0.6492115 0.1135267 0.7258698 0.1067566 0.7431516 0.09995025 0.7423531 0.09995025 0.7423531 0.09152668 0.7416993 0.09829676 0.7244176 0.09152668 0.7416993 0.08374297 0.7413653 0.09102284 0.7211034 0.096147 0.6628866 0.1009801 0.6677841 0.07303494 0.6741504 0.1009801 0.6677841 0.1071906 0.6734576 0.0757516 0.6821026 0.1071906 0.6734576 0.1131144 0.6783865 0.07911783 0.6887 0.3151461 0.815501 0.3225885 0.8147516 0.3297243 0.8468503 0.3225885 0.8147516 0.321727 0.7745217 0.3302194 0.7749067 0.3302194 0.7749067 0.3375092 0.7774006 0.3382845 0.8136075 0.3776987 0.6319551 0.3849068 0.6302902 0.4013875 0.6596434 0.4013875 0.6596434 0.3849068 0.6302902 0.3931372 0.6281886 0.4075579 0.6538726 0.3931372 0.6281886 0.4001847 0.6262134 0.1067566 0.7431516 0.1074598 0.7682155 0.1006234 0.7663456 0.09995025 0.7423531 0.1006234 0.7663456 0.0922299 0.7667632 0.0922299 0.7667632 0.0845282 0.7693566 0.08374297 0.7413653 0.1102469 0.6370202 0.1170943 0.6382225 0.1009801 0.6677841 0.1009801 0.6677841 0.1170943 0.6382225 0.1253191 0.6402007 0.1253191 0.6402007 0.1327175 0.6424247 0.1131144 0.6783865 0.3143079 0.7763491 0.321727 0.7745217 0.3225885 0.8147516 0.3029135 0.9820981 0.2956531 0.8687952 0.3040534 0.8681708 0.3302194 0.7749067 0.3444964 0.6735115 0.3514566 0.6781408 0.3776987 0.6319551 0.3776927 0.4902255 0.3848925 0.4927343 0.3849068 0.6302902 0.3848925 0.4927343 0.3931147 0.4948064 0.3931147 0.4948064 0.400156 0.4958867 0.4001847 0.6262134 0.431805 0.9271484 0.4239588 0.9287095 0.4256874 0.8286227 0.4239588 0.9287095 0.4155327 0.9285025 0.417265 0.8275461 0.1186828 0.8561298 0.1116333 0.8608132 0.0845282 0.7693566 0.1102606 0.5051982 0.1171029 0.5022793 0.1170943 0.6382225 0.1171029 0.5022793 0.1253228 0.5001362 0.1253191 0.6402007 0.1253191 0.6402007 0.1253228 0.5001362 0.1327175 0.4993431 0.2949408 0.9800757 0.2877262 0.8676446 0.2956531 0.8687952 0.2963106 0.8273837 0.3046934 0.8278689 0.3040534 0.8681708 0.3040534 0.8681708 0.3046934 0.8278689 0.311268 0.8286684 0.3776927 0.4902255 0.3963627 0.4581849 0.401488 0.4642537 0.401488 0.4642537 0.4076358 0.469886 0.3931147 0.4948064 0.4076358 0.469886 0.4131585 0.4735723 0.400156 0.4958867 0.431805 0.9271484 0.4335372 0.9530296 0.425617 0.9534842 0.425617 0.9534842 0.4172651 0.9543836 0.4155327 0.9285025 0.4155327 0.9285025 0.4172651 0.9543836 0.410719 0.9554867 0.1102606 0.5051982 0.09609991 0.4810964 0.1009194 0.4747343 0.1171029 0.5022793 0.1009194 0.4747343 0.1071162 0.4691481 0.1071162 0.4691481 0.1130301 0.4658345 0.1327175 0.4993431 0.288366 0.8273428 0.2963106 0.8273837 0.2956531 0.8687952 0.2197153 0.6181471 0.2281584 0.6184998 0.2289382 0.6475189 0.4285292 0.4459182 0.4286347 0.4522562 0.3963627 0.4581849 0.4286347 0.4522562 0.4301753 0.4603174 0.401488 0.4642537 0.4301753 0.4603174 0.4327383 0.4679421 0.4076358 0.469886 0.9517711 0.8025213 0.958215 0.7973119 0.9626322 0.8131478 0.958215 0.7973119 0.9664201 0.7952486 0.9705764 0.8107632 0.425617 0.9534842 0.4287608 0.9676354 0.4205406 0.9695816 0.09394937 0.4865296 0.07201313 0.4868475 0.0716024 0.4800655 0.09609991 0.4810964 0.0716024 0.4800655 0.07292288 0.4718611 0.1009194 0.4747343 0.07292288 0.4718611 0.07562094 0.4644325 0.8532581 0.2196718 0.8413439 0.238832 0.835045 0.2332722 0.2127012 0.649292 0.2119215 0.6202728 0.2197153 0.6181471 0.55266 0.9014201 0.5474463 0.9019134 0.5575577 0.8323637 0.8537198 0.09553116 0.8535977 0.09028762 0.9213353 0.0899524 0.9213353 0.0899524 0.8535977 0.09028762 0.8558878 0.08464628 0.9208441 0.08382481 0.8558878 0.08464628 0.8599766 0.08011865 0.2125423 0.5957918 0.2119215 0.5339798 0.2158715 0.5380605 0.2178314 0.5963448 0.2158715 0.5380605 0.2212697 0.5412081 0.2240422 0.5971772 0.2212697 0.5412081 0.2266696 0.5425792 0.8564533 0.8196533 0.8006634 0.8187003 0.8007284 0.8139706 0.8007284 0.8139706 0.7984294 0.8085373 0.8584056 0.8082877 0.7984294 0.8085373 0.7943825 0.8038563 0.8578898 0.8028013 0.5634218 0.8961192 0.5585074 0.8992993 0.5689843 0.8326712 0.5585074 0.8992993 0.55266 0.9014201 0.5627395 0.8323541 0.878266 0.1725788 0.8839353 0.1713911 0.8970229 0.195091 0.8970229 0.195091 0.8839353 0.1713911 0.8897907 0.1692857 0.9018939 0.1912028 0.8897907 0.1692857 0.8942632 0.1668267 0.8558878 0.08464628 0.8436798 0.06973439 0.8492946 0.06707072 0.2119215 0.5339798 0.2215358 0.5215644 0.2244804 0.5269435 0.2244804 0.5269435 0.2295106 0.5305663 0.2212697 0.5412081 0.1020613 0.8855026 0.09632474 0.88479 0.1034922 0.8689181 0.1034922 0.8689181 0.09632474 0.88479 0.09030932 0.883168 0.09030932 0.883168 0.08562672 0.8810711 0.09477466 0.8608132 0.7858335 0.8254271 0.7802121 0.8228573 0.7943825 0.8038563 0.5634218 0.8961192 0.5746189 0.9148823 0.5706152 0.9195886 0.5585074 0.8992993 0.5706152 0.9195886 0.5651012 0.9222681 0.878266 0.1725788 0.8733437 0.1420464 0.8791449 0.1416769 0.8791449 0.1416769 0.8853606 0.1418066 0.8897907 0.1692857 0.8897907 0.1692857 0.8853606 0.1418066 0.8903253 0.1424008 0.8436798 0.06973439 0.8415799 0.04791897 0.8474572 0.04798227 0.8474572 0.04798227 0.8535584 0.0491423 0.8552036 0.06623452 0.8535584 0.0491423 0.8582487 0.05108827 0.8598236 0.06744986 0.1006484 0.9039972 0.09484887 0.9041106 0.09632474 0.88479 0.09632474 0.88479 0.09484887 0.9041106 0.08866101 0.9047451 0.09030932 0.883168 0.08866101 0.9047451 0.08374297 0.9057306 0.7834141 0.8486317 0.7774903 0.8489626 0.7802121 0.8228573 0.7802121 0.8228573 0.7774903 0.8489626 0.7714057 0.849957 0.7714057 0.849957 0.7667909 0.8513486 0.7698152 0.8223428 0.8733437 0.1420464 0.878266 0.1135153 0.8839353 0.1139102 0.8839353 0.1139102 0.8897907 0.1161286 0.8853606 0.1418066 0.8853606 0.1418066 0.8897907 0.1161286 0.8942632 0.1195759 0.8415799 0.04791897 0.8501507 0.02504557 0.8549567 0.02796798 0.8549567 0.02796798 0.8602736 0.03122115 0.8535584 0.0491423 0.8535584 0.0491423 0.8602736 0.03122115 0.8646768 0.03393322 0.1006484 0.9039972 0.1050624 0.9208374 0.09945982 0.9217028 0.09945982 0.9217028 0.09381055 0.9243919 0.08866101 0.9047451 0.09381055 0.9243919 0.0896281 0.9281842 0.08374297 0.9057306 0.7918195 0.8719336 0.7869463 0.8751772 0.7774903 0.8489626 0.7774903 0.8489626 0.7869463 0.8751772 0.7816309 0.8783038 0.7816309 0.8783038 0.7772976 0.8804759 0.7667909 0.8513486 0.2275167 0.4417342 0.2241193 0.4642975 0.2180613 0.4627017 0.8970229 0.09553116 0.9018939 0.09913194 0.8897907 0.1161286 0.9018939 0.09913194 0.9050215 0.1044678 0.8942632 0.1195759 0.8670958 0.007243037 0.8697836 0.01239079 0.8549567 0.02796798 0.8549567 0.02796798 0.8697836 0.01239079 0.8735499 0.01727294 0.8602736 0.03122115 0.8735499 0.01727294 0.8773856 0.02058136 0.8512911 0.7896291 0.8571835 0.7876667 0.8585757 0.8014273 0.1089223 0.9328529 0.1043781 0.9368443 0.09381055 0.9243919 0.1043781 0.9368443 0.1017053 0.9424155 0.0896281 0.9281842 0.7918195 0.8719336 0.8087975 0.8890889 0.8060466 0.8944769 0.7869463 0.8751772 0.8060466 0.8944769 0.8022848 0.8991734 0.8022848 0.8991734 0.7985202 0.9019201 0.7772976 0.8804759 0.2241193 0.4642975 0.2234388 0.520747 0.2172175 0.5199952 0.2180613 0.4627017 0.2172175 0.5199952 0.2119215 0.5195108 0.9222874 0 0.921678 0.005034565 0.8670958 0.007243037 0.921678 0.005034565 0.9221692 0.01116216 0.8697836 0.01239079 0.9221692 0.01116216 0.9236295 0.01674091 0.8735499 0.01727294 0.8463396 0.7426206 0.8513773 0.741423 0.8512911 0.7896291 0.8513773 0.741423 0.857526 0.7402996 0.8571835 0.7876667 0.857526 0.7402996 0.863138 0.7395513 0.863138 0.7873846 0.8098005 0.8844533 0.8578186 0.8850681 0.8583343 0.8905545 0.8087975 0.8890889 0.8583343 0.8905545 0.8578085 0.8967228 0.8060466 0.8944769 0.8578085 0.8967228 0.856382 0.9019201 0.2289185 0.4670801 0.2289185 0.5215644 0.2234388 0.520747 0.6646193 0.4162661 0.6675037 0.4108305 0.6724995 0.4075913 0.6724995 0.4075913 0.6782683 0.4074163 0.6646193 0.4162661 0.6832641 0.4103525 0.6861485 0.4156131 0.6861485 0.4217886 0.6861485 0.4217886 0.6832641 0.4272242 0.6832641 0.4103525 0.6782683 0.4304634 0.6724995 0.4306384 0.6675037 0.4277022 0.6675037 0.4277022 0.6646193 0.4224416 0.6646193 0.4162661 0.6646193 0.4162661 0.6782683 0.4074163 0.6832641 0.4103525 0.6832641 0.4103525 0.6832641 0.4272242 0.6782683 0.4304634 0.6782683 0.4304634 0.6675037 0.4277022 0.6646193 0.4162661 0.6940287 0.4306384 0.6890329 0.4277022 0.6890329 0.4108305 0.6861485 0.4224416 0.6861485 0.4162661 0.6890329 0.4108305 0.6890329 0.4108305 0.6940287 0.4075913 0.6997975 0.4074163 0.6997975 0.4074163 0.7047933 0.4103525 0.6890329 0.4108305 0.7076777 0.4156131 0.7076777 0.4217886 0.7047933 0.4272242 0.7047933 0.4272242 0.6997974 0.4304634 0.6940287 0.4306384 0.6890329 0.4277022 0.6861485 0.4224416 0.6890329 0.4108305 0.6890329 0.4108305 0.7047933 0.4103525 0.7076777 0.4156131 0.7076777 0.4156131 0.7047933 0.4272242 0.6890329 0.4108305 0.8456537 0.7224726 0.7667909 0.7212747 0.7679879 0.6988725 0.01343232 0.06064981 0.02613914 0.0419808 0.04245007 0.02585166 0.04245007 0.02585166 0.06163036 0.01317906 0.01343232 0.06064981 0.0829429 0.004450023 0.1055687 0 0.01343232 0.06064981 0.1286382 0 0.151265 0.004449963 0.1725794 0.013179 0.1725794 0.013179 0.1917622 0.0258516 0.2080765 0.04198068 0.2080765 0.04198068 0.2208953 0.06094646 0.2297258 0.08202028 0.2297258 0.08202028 0.2342288 0.104392 0.2342312 0.1272021 0.2342312 0.1272021 0.2298406 0.1492772 0.2209067 0.1706476 0.2209067 0.1706476 0.2080919 0.1896135 0.191781 0.2057427 0.191781 0.2057427 0.1726007 0.2184153 0.1512882 0.2271443 0.1512882 0.2271443 0.1286624 0.2315943 0.1055929 0.2315943 0.1055929 0.2315943 0.08296602 0.2271443 0.0616517 0.2184153 0.0616517 0.2184153 0.04246878 0.2057427 0.02615451 0.1896135 0.02615451 0.1896135 0.01333576 0.1706476 0.01343232 0.06064981 0.004505276 0.1495739 2.34903e-6 0.1272021 0.01343232 0.06064981 0 0.1043921 0.004498362 0.08202022 0.01343232 0.06064981 0.01343232 0.06064981 0.06163036 0.01317906 0.0829429 0.004450023 0.1055687 0 0.1286382 0 0.01343232 0.06064981 0.1725794 0.013179 0.2080765 0.04198068 0.01343232 0.06064981 0.2297258 0.08202028 0.2342312 0.1272021 0.01343232 0.06064981 0.2209067 0.1706476 0.191781 0.2057427 0.01343232 0.06064981 0.1512882 0.2271443 0.1055929 0.2315943 0.01343232 0.06064981 0.0616517 0.2184153 0.02615451 0.1896135 0.01343232 0.06064981 2.34903e-6 0.1272021 0 0.1043921 0.01343232 0.06064981 0.01343232 0.06064981 0.1286382 0 0.1725794 0.013179 0.2080765 0.04198068 0.2297258 0.08202028 0.01343232 0.06064981 0.191781 0.2057427 0.1512882 0.2271443 0.01343232 0.06064981 0.01333576 0.1706476 0.004505276 0.1495739 0.01343232 0.06064981 0.01343232 0.06064981 0.2342312 0.1272021 0.2209067 0.1706476 0.6003745 0.8121424 0.6007906 0.8278377 0.522035 0.832354 0.3776927 0.7438882 0.4557422 0.7410733 0.4557423 0.7638832 0.6003745 0.6932023 0.6000652 0.7120993 0.5212472 0.7066429 0.1438569 0.6919262 0.2223009 0.6859641 0.2220711 0.7070332 0.144555 0.8252502 0.1441641 0.8103925 0.2226345 0.8146382 0.377883 0.7232751 0.4559488 0.7186841 0.4557422 0.7410733 0.6000652 0.7120993 0.5998749 0.7324205 0.5210404 0.7287151 0.144164 0.6744712 0.2226345 0.667005 0.2223009 0.6859641 0.8456537 0.7224726 0.8456986 0.743323 0.7668397 0.7439218 0.3782559 0.7038416 0.456354 0.6975759 0.4559488 0.7186841 0.1441641 0.8103925 0.1438569 0.7929249 0.221154 0.7959971 0.5998749 0.7324205 0.5998106 0.7533848 0.5209705 0.7514859 0.144555 0.6596296 0.2230592 0.6508846 0.2226345 0.667005 0.3787975 0.6863344 0.4569422 0.6785602 0.456354 0.6975759 0.8456986 0.743323 0.8458319 0.7632838 0.7669844 0.7656024 0.1436454 0.7735185 0.2220711 0.7745869 0.221154 0.7959971 0.5998106 0.7533848 0.5998749 0.7741867 0.5210403 0.7740802 0.3782559 0.8048394 0.456354 0.8072764 0.4569422 0.8261922 0.8460484 0.6625822 0.7672196 0.6562238 0.767536 0.6382846 0.8458319 0.7632838 0.8460483 0.7815878 0.7672195 0.7854836 0.1435375 0.7529193 0.2219539 0.7522127 0.2220711 0.7745869 0.5998749 0.7741867 0.6000653 0.7940267 0.5212472 0.7956297 0.3778829 0.7854694 0.4559488 0.7862372 0.456354 0.8072764 0.8460484 0.6625822 0.8458319 0.6813114 0.7669845 0.6765668 0.8460483 0.7815878 0.8463395 0.7975316 0.7675358 0.8028013 0.1435375 0.7319187 0.2219539 0.7294026 0.2219539 0.7522127 0.6000653 0.7940267 0.6003745 0.8121424 0.521583 0.8153064 0.3776928 0.7648886 0.4557423 0.7638832 0.4559488 0.7862372 0.8458319 0.6813114 0.8456987 0.701534 0.7679879 0.6988725 0.6007906 0.6764556 0.6003745 0.6932023 0.521583 0.6861176 0.1436454 0.7113239 0.2220711 0.7070332 0.2219539 0.7294026</float_array>
          <technique_common>
            <accessor source="#Torus_001-mesh-map-0-array" count="6918" stride="2">
              <param name="S" type="float"/>
              <param name="T" type="float"/>
            </accessor>
          </technique_common>
        </source>
        <vertices id="Torus_001-mesh-vertices">
          <input semantic="POSITION" source="#Torus_001-mesh-positions"/>
        </vertices>
        <polylist material="chain-material" count="2306">
          <input semantic="VERTEX" source="#Torus_001-mesh-vertices" offset="0"/>
          <input semantic="NORMAL" source="#Torus_001-mesh-normals" offset="1"/>
          <input semantic="TEXCOORD" source="#Torus_001-mesh-map-0" offset="2" set="0"/>
          <vcount>3 3 3 3 3 3 3 3 3 3 3 3 3 3 3 3 3 3 3 3 3 3 3 3 3 3 3 3 3 3 3 3 3 3 3 3 3 3 3 3 3 3 3 3 3 3 3 3 3 3 3 3 3 3 3 3 3 3 3 3 3 3 3 3 3 3 3 3 3 3 3 3 3 3 3 3 3 3 3 3 3 3 3 3 3 3 3 3 3 3 3 3 3 3 3 3 3 3 3 3 3 3 3 3 3 3 3 3 3 3 3 3 3 3 3 3 3 3 3 3 3 3 3 3 3 3 3 3 3 3 3 3 3 3 3 3 3 3 3 3 3 3 3 3 3 3 3 3 3 3 3 3 3 3 3 3 3 3 3 3 3 3 3 3 3 3 3 3 3 3 3 3 3 3 3 3 3 3 3 3 3 3 3 3 3 3 3 3 3 3 3 3 3 3 3 3 3 3 3 3 3 3 3 3 3 3 3 3 3 3 3 3 3 3 3 3 3 3 3 3 3 3 3 3 3 3 3 3 3 3 3 3 3 3 3 3 3 3 3 3 3 3 3 3 3 3 3 3 3 3 3 3 3 3 3 3 3 3 3 3 3 3 3 3 3 3 3 3 3 3 3 3 3 3 3 3 3 3 3 3 3 3 3 3 3 3 3 3 3 3 3 3 3 3 3 3 3 3 3 3 3 3 3 3 3 3 3 3 3 3 3 3 3 3 3 3 3 3 3 3 3 3 3 3 3 3 3 3 3 3 3 3 3 3 3 3 3 3 3 3 3 3 3 3 3 3 3 3 3 3 3 3 3 3 3 3 3 3 3 3 3 3 3 3 3 3 3 3 3 3 3 3 3 3 3 3 3 3 3 3 3 3 3 3 3 3 3 3 3 3 3 3 3 3 3 3 3 3 3 3 3 3 3 3 3 3 3 3 3 3 3 3 3 3 3 3 3 3 3 3 3 3 3 3 3 3 3 3 3 3 3 3 3 3 3 3 3 3 3 3 3 3 3 3 3 3 3 3 3 3 3 3 3 3 3 3 3 3 3 3 3 3 3 3 3 3 3 3 3 3 3 3 3 3 3 3 3 3 3 3 3 3 3 3 3 3 3 3 3 3 3 3 3 3 3 3 3 3 3 3 3 3 3 3 3 3 3 3 3 3 3 3 3 3 3 3 3 3 3 3 3 3 3 3 3 3 3 3 3 3 3 3 3 3 3 3 3 3 3 3 3 3 3 3 3 3 3 3 3 3 3 3 3 3 3 3 3 3 3 3 3 3 3 3 3 3 3 3 3 3 3 3 3 3 3 3 3 3 3 3 3 3 3 3 3 3 3 3 3 3 3 3 3 3 3 3 3 3 3 3 3 3 3 3 3 3 3 3 3 3 3 3 3 3 3 3 3 3 3 3 3 3 3 3 3 3 3 3 3 3 3 3 3 3 3 3 3 3 3 3 3 3 3 3 3 3 3 3 3 3 3 3 3 3 3 3 3 3 3 3 3 3 3 3 3 3 3 3 3 3 3 3 3 3 3 3 3 3 3 3 3 3 3 3 3 3 3 3 3 3 3 3 3 3 3 3 3 3 3 3 3 3 3 3 3 3 3 3 3 3 3 3 3 3 3 3 3 3 3 3 3 3 3 3 3 3 3 3 3 3 3 3 3 3 3 3 3 3 3 3 3 3 3 3 3 3 3 3 3 3 3 3 3 3 3 3 3 3 3 3 3 3 3 3 3 3 3 3 3 3 3 3 3 3 3 3 3 3 3 3 3 3 3 3 3 3 3 3 3 3 3 3 3 3 3 3 3 3 3 3 3 3 3 3 3 3 3 3 3 3 3 3 3 3 3 3 3 3 3 3 3 3 3 3 3 3 3 3 3 3 3 3 3 3 3 3 3 3 3 3 3 3 3 3 3 3 3 3 3 3 3 3 3 3 3 3 3 3 3 3 3 3 3 3 3 3 3 3 3 3 3 3 3 3 3 3 3 3 3 3 3 3 3 3 3 3 3 3 3 3 3 3 3 3 3 3 3 3 3 3 3 3 3 3 3 3 3 3 3 3 3 3 3 3 3 3 3 3 3 3 3 3 3 3 3 3 3 3 3 3 3 3 3 3 3 3 3 3 3 3 3 3 3 3 3 3 3 3 3 3 3 3 3 3 3 3 3 3 3 3 3 3 3 3 3 3 3 3 3 3 3 3 3 3 3 3 3 3 3 3 3 3 3 3 3 3 3 3 3 3 3 3 3 3 3 3 3 3 3 3 3 3 3 3 3 3 3 3 3 3 3 3 3 3 3 3 3 3 3 3 3 3 3 3 3 3 3 3 3 3 3 3 3 3 3 3 3 3 3 3 3 3 3 3 3 3 3 3 3 3 3 3 3 3 3 3 3 3 3 3 3 3 3 3 3 3 3 3 3 3 3 3 3 3 3 3 3 3 3 3 3 3 3 3 3 3 3 3 3 3 3 3 3 3 3 3 3 3 3 3 3 3 3 3 3 3 3 3 3 3 3 3 3 3 3 3 3 3 3 3 3 3 3 3 3 3 3 3 3 3 3 3 3 3 3 3 3 3 3 3 3 3 3 3 3 3 3 3 3 3 3 3 3 3 3 3 3 3 3 3 3 3 3 3 3 3 3 3 3 3 3 3 3 3 3 3 3 3 3 3 3 3 3 3 3 3 3 3 3 3 3 3 3 3 3 3 3 3 3 3 3 3 3 3 3 3 3 3 3 3 3 3 3 3 3 3 3 3 3 3 3 3 3 3 3 3 3 3 3 3 3 3 3 3 3 3 3 3 3 3 3 3 3 3 3 3 3 3 3 3 3 3 3 3 3 3 3 3 3 3 3 3 3 3 3 3 3 3 3 3 3 3 3 3 3 3 3 3 3 3 3 3 3 3 3 3 3 3 3 3 3 3 3 3 3 3 3 3 3 3 3 3 3 3 3 3 3 3 3 3 3 3 3 3 3 3 3 3 3 3 3 3 3 3 3 3 3 3 3 3 3 3 3 3 3 3 3 3 3 3 3 3 3 3 3 3 3 3 3 3 3 3 3 3 3 3 3 3 3 3 3 3 3 3 3 3 3 3 3 3 3 3 3 3 3 3 3 3 3 3 3 3 3 3 3 3 3 3 3 3 3 3 3 3 3 3 3 3 3 3 3 3 3 3 3 3 3 3 3 3 3 3 3 3 3 3 3 3 3 3 3 3 3 3 3 3 3 3 3 3 3 3 3 3 3 3 3 3 3 3 3 3 3 3 3 3 3 3 3 3 3 3 3 3 3 3 3 3 3 3 3 3 3 3 3 3 3 3 3 3 3 3 3 3 3 3 3 3 3 3 3 3 3 3 3 3 3 3 3 3 3 3 3 3 3 3 3 3 3 3 3 3 3 3 3 3 3 3 3 3 3 3 3 3 3 3 3 3 3 3 3 3 3 3 3 3 3 3 3 3 3 3 3 3 3 3 3 3 3 3 3 3 3 3 3 3 3 3 3 3 3 3 3 3 3 3 3 3 3 3 3 3 3 3 3 3 3 3 3 3 3 3 3 3 3 3 3 3 3 3 3 3 3 3 3 3 3 3 3 3 3 3 3 3 3 3 3 3 3 3 3 3 3 3 3 3 3 3 3 3 3 3 3 3 3 3 3 3 3 3 3 3 3 3 3 3 3 3 3 3 3 3 3 3 3 3 3 3 3 3 3 3 3 3 3 3 3 3 3 3 3 3 3 3 3 3 3 3 3 3 3 3 3 3 3 3 3 3 3 3 3 3 3 3 3 3 3 3 3 3 3 3 3 3 3 3 3 3 3 3 3 3 3 3 3 3 3 3 3 3 3 3 3 3 3 3 3 3 3 3 3 3 3 3 3 3 3 3 3 3 3 3 3 3 3 3 3 3 3 3 3 3 3 3 3 3 3 3 3 3 3 3 3 3 3 3 3 3 3 3 3 3 3 3 3 3 3 3 3 3 3 3 3 3 3 3 3 3 3 3 3 3 3 3 3 3 3 3 3 3 3 3 3 3 3 3 3 3 3 3 3 3 3 3 3 3 3 3 3 3 3 3 3 3 3 3 3 3 3 3 3 3 3 3 3 3 3 3 3 3 3 3 3 3 3 3 3 3 3 3 3 3 3 3 3 3 3 3 3 3 3 3 3 3 3 3 3 3 3 3 3 3 3 3 3 3 3 3 3 3 3 3 3 3 3 3 3 3 3 3 3 3 3 3 3 3 3 3 3 3 3 3 3 3 3 3 3 3 3 3 3 3 3 3 3 3 3 3 3 3 3 3 3 3 3 3 3 3 3 3 3 3 3 3 3 3 3 3 3 3 3 3 3 3 3 3 3 3 3 3 3 3 3 3 3 3 3 3 3 3 3 3 3 3 3 3 3 3 3 3 3 3 3 3 3 3 3 3 3 3 3 3 3 3 3 3 3 3 3 3 3 3 3 3 3 3 3 3 3 3 3 3 3 3 3 3 3 3 3 3 3 3 3 3 3 3 3 3 3 3 3 3 3 3 3 3 3 3 3 3 3 3 3 3 3 3 3 3 3 3 3 3 3 3 3 3 3 3 3 3 3 3 3 3 3 3 3 3 3 3 3 3 3 3 3 3 3 3 3 3 3 3 3 3 3 3 3 3 3 3 3 3 3 3 3 3 3 3 3 3 3 3 3 3 3 3 3 3 3 3 3 3 3 3 3 3 3 3 3 3 3 3 3 3 3 3 3 3 3 3 3 3 3 3 3 3 3 3 3 3 3 3 3 3 3 3 3 3 3 3 3 3 3 3 3 3 3 3 3 3 3 3 3 3 3 3 3 3 3 3 3 3 3 3 3 3 3 3 3 3 3 3 3 3 3 3 3 3 3 3 3 3 3 3 3 3 3 3 3 3 3 3 3 3 3 3 3 3 3 3 3 3 3 3 3 3 3 3 3 3 3 3 3 3 3 3 3 3 3 3 3 3 3 3 3 3 3 3 3 3 3 3 3 3 3 3 3 3 3 3 3 3 3 3 3 3 3 3 3 3 3 3 3 3 3 3 3 3 3 3 3 3 3 3 3 3 3 3 3 3 3 3 3 3 3 3 3 3 3 3 3 3 3 3 3 3 3 3 3 3 3 3 3 3 3 3 3 3 3 3 3 3 3 3 3 3 3 3 3 3 3 3 3 3 3 3 3 3 3 3 3 3 3 3 3 3 </vcount>
          <p>12 0 0 1 1 1 0 2 2 13 3 3 2 4 4 1 1 5 14 5 6 3 6 7 2 4 8 3 6 9 16 7 10 4 8 11 4 8 12 17 9 13 5 10 14 5 10 15 18 11 16 6 12 17 6 12 18 19 13 19 7 14 20 7 14 21 20 15 22 8 16 23 8 16 24 21 17 25 9 18 26 21 17 27 10 19 28 9 18 29 22 20 30 11 21 31 10 19 32 0 2 33 23 22 34 12 0 35 12 0 36 25 23 37 13 3 38 13 3 39 26 24 40 14 5 41 14 5 42 27 25 43 15 26 44 15 26 45 28 27 46 16 7 47 16 7 48 29 28 49 17 9 50 17 9 51 30 29 52 18 11 53 30 29 54 19 13 55 18 11 56 31 30 57 20 15 58 19 13 59 32 31 60 21 17 61 20 15 62 33 32 63 22 20 64 21 17 65 34 33 66 23 22 67 22 20 68 35 34 69 12 0 70 23 22 71 36 35 72 25 23 73 24 36 74 25 23 75 38 37 76 26 24 77 38 37 78 27 25 79 26 24 80 39 38 81 28 27 82 27 25 83 40 39 84 29 28 85 28 27 86 29 28 87 42 40 88 30 29 89 42 40 90 31 30 91 30 29 92 31 30 93 44 41 94 32 31 95 44 41 96 33 32 97 32 31 98 33 32 99 46 42 100 34 33 101 34 33 102 47 43 103 35 34 104 47 43 105 24 36 106 35 34 107 48 44 108 37 45 109 36 35 110 49 46 111 38 37 112 37 45 113 38 37 114 51 47 115 39 38 116 39 38 117 52 48 118 40 39 119 40 39 120 53 49 121 41 50 122 41 50 123 54 51 124 42 40 125 42 40 126 55 52 127 43 53 128 43 53 129 56 54 130 44 41 131 56 54 132 45 55 133 44 41 134 57 56 135 46 42 136 45 55 137 58 57 138 47 43 139 46 42 140 59 58 141 36 35 142 47 43 143 60 59 144 49 46 145 48 44 146 61 60 147 50 61 148 49 46 149 62 62 150 51 47 151 50 61 152 63 63 153 52 48 154 51 47 155 64 64 156 53 49 157 52 48 158 53 49 159 66 65 160 54 51 161 54 51 162 67 66 163 55 52 164 67 66 165 56 54 166 55 52 167 56 54 168 69 67 169 57 56 170 57 56 171 70 68 172 58 57 173 58 57 174 71 69 175 59 58 176 59 58 177 60 59 178 48 44 179 72 70 180 61 60 181 60 59 182 73 71 183 62 62 184 61 60 185 74 72 186 63 63 187 62 62 188 75 73 189 64 64 190 63 63 191 76 74 192 65 75 193 64 64 194 77 76 195 66 65 196 65 75 197 66 65 198 79 77 199 67 66 200 67 66 201 80 78 202 68 79 203 68 79 204 81 80 205 69 67 206 69 67 207 82 81 208 70 68 209 70 68 210 83 82 211 71 69 212 71 69 213 72 70 214 60 59 215 72 70 216 85 83 217 73 71 218 73 71 219 86 84 220 74 72 221 74 72 222 87 85 223 75 73 224 87 85 225 76 74 226 75 73 227 88 86 228 77 76 229 76 74 230 89 87 231 78 88 232 77 76 233 90 89 234 79 77 235 78 88 236 91 90 237 80 78 238 79 77 239 92 91 240 81 80 241 80 78 242 81 80 243 94 92 244 82 81 245 82 81 246 95 93 247 83 82 248 83 82 249 84 94 250 72 70 251 84 94 252 97 95 253 85 83 254 85 83 255 98 96 256 86 84 257 86 84 258 99 97 259 87 85 260 87 85 261 100 98 262 88 86 263 88 86 264 101 99 265 89 87 266 89 87 267 102 100 268 90 89 269 102 100 270 91 90 271 90 89 272 103 101 273 92 91 274 91 90 275 104 102 276 93 103 277 92 91 278 105 104 279 94 92 280 93 103 281 106 105 282 95 93 283 94 92 284 107 106 285 84 94 286 95 93 287 96 107 288 109 108 289 97 95 290 97 95 291 110 109 292 98 96 293 110 109 294 99 97 295 98 96 296 99 97 297 112 110 298 100 98 299 112 110 300 101 99 301 100 98 302 101 99 303 114 111 304 102 100 305 114 111 306 103 101 307 102 100 308 115 112 309 104 102 310 103 101 311 104 102 312 117 113 313 105 104 314 117 113 315 106 105 316 105 104 317 106 105 318 119 114 319 107 106 320 107 106 321 108 115 322 96 107 323 108 115 324 121 116 325 109 108 326 109 108 327 122 117 328 110 109 329 110 109 330 123 118 331 111 119 332 111 119 333 124 120 334 112 110 335 124 120 336 113 121 337 112 110 338 125 122 339 114 111 340 113 121 341 126 123 342 115 112 343 114 111 344 127 124 345 116 125 346 115 112 347 128 126 348 117 113 349 116 125 350 129 127 351 118 128 352 117 113 353 118 128 354 131 129 355 119 114 356 119 114 357 120 130 358 108 115 359 144 131 360 121 116 361 120 130 362 133 132 363 122 117 364 121 116 365 122 117 366 135 133 367 123 118 368 123 118 369 136 134 370 124 120 371 136 134 372 125 122 373 124 120 374 137 135 375 126 123 376 125 122 377 126 123 378 139 136 379 127 124 380 139 136 381 128 126 382 127 124 383 128 126 384 141 137 385 129 127 386 141 137 387 130 138 388 129 127 389 142 139 390 131 129 391 130 138 392 131 129 393 144 131 394 120 130 395 0 2 396 133 132 397 132 140 398 1 1 399 134 141 400 133 132 401 2 4 402 135 133 403 134 141 404 3 6 405 136 134 406 135 133 407 4 8 408 137 135 409 136 134 410 5 10 411 138 142 412 137 135 413 138 142 414 7 14 415 139 136 416 139 136 417 8 16 418 140 143 419 140 143 420 9 18 421 141 137 422 141 137 423 10 19 424 142 139 425 142 139 426 11 21 427 143 144 428 143 144 429 0 2 430 132 140 431 157 145 432 146 146 433 145 147 434 158 148 435 147 149 436 146 146 437 159 150 438 148 151 439 147 149 440 148 151 441 161 152 442 149 153 443 149 153 444 162 154 445 150 155 446 150 155 447 163 156 448 151 157 449 151 157 450 164 158 451 152 159 452 152 159 453 165 160 454 153 161 455 153 161 456 166 162 457 154 163 458 166 162 459 155 164 460 154 163 461 167 165 462 156 166 463 155 164 464 145 147 465 168 167 466 157 145 467 157 145 468 170 168 469 158 148 470 158 148 471 171 169 472 159 150 473 159 150 474 172 170 475 160 171 476 160 171 477 173 172 478 161 152 479 161 152 480 174 173 481 162 154 482 162 154 483 175 174 484 163 156 485 175 174 486 164 158 487 163 156 488 176 175 489 165 160 490 164 158 491 177 176 492 166 162 493 165 160 494 178 177 495 167 165 496 166 162 497 179 178 498 168 167 499 167 165 500 180 179 501 157 145 502 168 167 503 169 180 504 182 181 505 170 168 506 182 181 507 171 169 508 170 168 509 171 169 510 184 182 511 172 170 512 184 182 513 173 172 514 172 170 515 185 183 516 174 173 517 173 172 518 174 173 519 187 184 520 175 174 521 175 174 522 188 185 523 176 175 524 188 185 525 177 176 526 176 175 527 189 186 528 178 177 529 177 176 530 178 177 531 191 187 532 179 178 533 179 178 534 192 188 535 180 179 536 180 179 537 181 189 538 169 180 539 193 190 540 182 181 541 181 189 542 194 191 543 183 192 544 182 181 545 183 192 546 196 193 547 184 182 548 184 182 549 197 194 550 185 183 551 185 183 552 198 195 553 186 196 554 186 196 555 199 197 556 187 184 557 187 184 558 200 198 559 188 185 560 188 185 561 201 199 562 189 186 563 201 199 564 190 200 565 189 186 566 202 201 567 191 187 568 190 200 569 203 202 570 192 188 571 191 187 572 204 203 573 181 189 574 192 188 575 205 204 576 194 191 577 193 190 578 206 205 579 195 206 580 194 191 581 195 206 582 208 207 583 196 193 584 208 207 585 197 194 586 196 193 587 197 194 588 210 208 589 198 195 590 210 208 591 199 197 592 198 195 593 211 209 594 200 198 595 199 197 596 200 198 597 213 210 598 201 199 599 213 210 600 202 201 601 201 199 602 202 201 603 215 211 604 203 202 605 203 202 606 216 212 607 204 203 608 204 203 609 205 204 610 193 190 611 217 213 612 206 205 613 205 204 614 218 214 615 207 215 616 206 205 617 219 216 618 208 207 619 207 215 620 220 217 621 209 218 622 208 207 623 221 219 624 210 208 625 209 218 626 222 220 627 211 209 628 210 208 629 211 209 630 224 221 631 212 222 632 212 222 633 225 223 634 213 210 635 213 210 636 226 224 637 214 225 638 214 225 639 227 226 640 215 211 641 215 211 642 228 227 643 216 212 644 216 212 645 217 213 646 205 204 647 217 213 648 230 228 649 218 214 650 218 214 651 231 229 652 219 216 653 219 216 654 232 230 655 220 217 656 232 230 657 221 219 658 220 217 659 233 231 660 222 220 661 221 219 662 234 232 663 223 233 664 222 220 665 235 234 666 224 221 667 223 233 668 236 235 669 225 223 670 224 221 671 237 236 672 226 224 673 225 223 674 226 224 675 239 237 676 227 226 677 227 226 678 240 238 679 228 227 680 228 227 681 229 239 682 217 213 683 229 239 684 242 240 685 230 228 686 230 228 687 243 241 688 231 229 689 231 229 690 244 242 691 232 230 692 232 230 693 245 243 694 233 231 695 233 231 696 246 244 697 234 232 698 234 232 699 247 245 700 235 234 701 247 245 702 236 235 703 235 234 704 248 246 705 237 236 706 236 235 707 249 247 708 238 248 709 237 236 710 250 249 711 239 237 712 238 248 713 251 250 714 240 238 715 239 237 716 252 251 717 229 239 718 240 238 719 241 252 720 254 253 721 242 240 722 242 240 723 255 254 724 243 241 725 255 254 726 244 242 727 243 241 728 256 255 729 245 243 730 244 242 731 245 243 732 258 256 733 246 244 734 258 256 735 247 245 736 246 244 737 247 245 738 260 257 739 248 246 740 260 257 741 249 247 742 248 246 743 249 247 744 262 258 745 250 249 746 250 249 747 263 259 748 251 250 749 263 259 750 252 251 751 251 250 752 252 251 753 253 260 754 241 252 755 253 260 756 266 261 757 254 253 758 254 253 759 267 262 760 255 254 761 255 254 762 268 263 763 256 255 764 256 255 765 269 264 766 257 265 767 269 264 768 258 256 769 257 265 770 270 266 771 259 267 772 258 256 773 271 268 774 260 257 775 259 267 776 272 269 777 261 270 778 260 257 779 273 271 780 262 258 781 261 270 782 274 272 783 263 259 784 262 258 785 263 259 786 276 273 787 264 274 788 264 274 789 265 275 790 253 260 791 289 276 792 266 261 793 265 275 794 278 277 795 267 262 796 266 261 797 267 262 798 280 278 799 268 263 800 280 278 801 269 264 802 268 263 803 281 279 804 270 266 805 269 264 806 270 266 807 283 280 808 271 268 809 283 280 810 272 269 811 271 268 812 272 269 813 285 281 814 273 271 815 273 271 816 286 282 817 274 272 818 286 282 819 275 283 820 274 272 821 275 283 822 288 284 823 276 273 824 288 284 825 265 275 826 276 273 827 145 147 828 278 277 829 277 285 830 146 146 831 279 286 832 278 277 833 147 149 834 280 278 835 279 286 836 148 151 837 281 279 838 280 278 839 149 153 840 282 287 841 281 279 842 150 155 843 283 280 844 282 287 845 283 280 846 152 159 847 284 288 848 284 288 849 153 161 850 285 281 851 285 281 852 154 163 853 286 282 854 286 282 855 155 164 856 287 289 857 287 289 858 156 166 859 288 284 860 288 284 861 145 147 862 277 285 863 302 290 864 291 291 865 290 292 866 303 293 867 292 294 868 291 291 869 304 295 870 293 296 871 292 294 872 293 296 873 306 297 874 294 298 875 294 298 876 307 299 877 295 300 878 295 300 879 308 301 880 296 302 881 296 302 882 309 303 883 297 304 884 297 304 885 310 305 886 298 306 887 298 306 888 311 307 889 299 308 890 311 307 891 300 309 892 299 308 893 312 310 894 301 311 895 300 309 896 290 292 897 313 312 898 302 290 899 302 290 900 315 313 901 303 293 902 303 293 903 316 314 904 304 295 905 304 295 906 317 315 907 305 316 908 305 316 909 318 317 910 306 297 911 306 297 912 319 318 913 307 299 914 307 299 915 320 319 916 308 301 917 320 319 918 309 303 919 308 301 920 321 320 921 310 305 922 309 303 923 322 321 924 311 307 925 310 305 926 323 322 927 312 310 928 311 307 929 324 323 930 313 312 931 312 310 932 325 324 933 302 290 934 313 312 935 326 325 936 315 313 937 314 326 938 315 313 939 328 327 940 316 314 941 328 327 942 317 315 943 316 314 944 329 328 945 318 317 946 317 315 947 318 317 948 331 329 949 319 318 950 319 318 951 332 330 952 320 319 953 320 319 954 333 331 955 321 320 956 333 331 957 322 321 958 321 320 959 334 332 960 323 322 961 322 321 962 335 333 963 324 323 964 323 322 965 324 323 966 337 334 967 325 324 968 337 334 969 314 326 970 325 324 971 338 335 972 327 336 973 326 325 974 339 337 975 328 327 976 327 336 977 328 327 978 341 338 979 329 328 980 329 328 981 342 339 982 330 340 983 330 340 984 343 341 985 331 329 986 331 329 987 344 342 988 332 330 989 332 330 990 345 343 991 333 331 992 333 331 993 346 344 994 334 332 995 346 344 996 335 333 997 334 332 998 347 345 999 336 346 1000 335 333 1001 348 347 1002 337 334 1003 336 346 1004 349 348 1005 326 325 1006 337 334 1007 350 349 1008 339 337 1009 338 335 1010 351 350 1011 340 351 1012 339 337 1013 340 351 1014 353 352 1015 341 338 1016 353 352 1017 342 339 1018 341 338 1019 354 353 1020 343 341 1021 342 339 1022 343 341 1023 356 354 1024 344 342 1025 356 354 1026 345 343 1027 344 342 1028 357 355 1029 346 344 1030 345 343 1031 346 344 1032 359 356 1033 347 345 1034 347 345 1035 360 357 1036 348 347 1037 348 347 1038 361 358 1039 349 348 1040 349 348 1041 350 349 1042 338 335 1043 362 359 1044 351 350 1045 350 349 1046 363 360 1047 352 361 1048 351 350 1049 364 362 1050 353 352 1051 352 361 1052 365 363 1053 354 353 1054 353 352 1055 366 364 1056 355 365 1057 354 353 1058 367 366 1059 356 354 1060 355 365 1061 356 354 1062 369 367 1063 357 355 1064 357 355 1065 370 368 1066 358 369 1067 358 369 1068 371 370 1069 359 356 1070 359 356 1071 372 371 1072 360 357 1073 360 357 1074 373 372 1075 361 358 1076 361 358 1077 362 359 1078 350 349 1079 362 359 1080 375 373 1081 363 360 1082 363 360 1083 376 374 1084 364 362 1085 364 362 1086 377 375 1087 365 363 1088 377 375 1089 366 364 1090 365 363 1091 378 376 1092 367 366 1093 366 364 1094 379 377 1095 368 378 1096 367 366 1097 380 379 1098 369 367 1099 368 378 1100 381 380 1101 370 368 1102 369 367 1103 382 381 1104 371 370 1105 370 368 1106 371 370 1107 384 382 1108 372 371 1109 372 371 1110 385 383 1111 373 372 1112 373 372 1113 374 384 1114 362 359 1115 374 384 1116 387 385 1117 375 373 1118 375 373 1119 388 386 1120 376 374 1121 376 374 1122 389 387 1123 377 375 1124 377 375 1125 390 388 1126 378 376 1127 378 376 1128 391 389 1129 379 377 1130 379 377 1131 392 390 1132 380 379 1133 392 390 1134 381 380 1135 380 379 1136 393 391 1137 382 381 1138 381 380 1139 394 392 1140 383 393 1141 382 381 1142 395 394 1143 384 382 1144 383 393 1145 396 395 1146 385 383 1147 384 382 1148 397 396 1149 374 384 1150 385 383 1151 386 397 1152 399 398 1153 387 385 1154 399 398 1155 388 386 1156 387 385 1157 400 399 1158 389 387 1159 388 386 1160 401 400 1161 390 388 1162 389 387 1163 390 388 1164 403 401 1165 391 389 1166 391 389 1167 404 402 1168 392 390 1169 404 402 1170 393 391 1171 392 390 1172 405 403 1173 394 392 1174 393 391 1175 394 392 1176 407 404 1177 395 394 1178 395 394 1179 408 405 1180 396 395 1181 408 405 1182 397 396 1183 396 395 1184 409 406 1185 386 397 1186 397 396 1187 398 407 1188 411 408 1189 399 398 1190 399 398 1191 412 409 1192 400 399 1193 400 399 1194 413 410 1195 401 400 1196 401 400 1197 414 411 1198 402 412 1199 414 411 1200 403 401 1201 402 412 1202 415 413 1203 404 402 1204 403 401 1205 416 414 1206 405 403 1207 404 402 1208 417 415 1209 406 416 1210 405 403 1211 418 417 1212 407 404 1213 406 416 1214 419 418 1215 408 405 1216 407 404 1217 408 405 1218 421 419 1219 409 406 1220 409 406 1221 410 420 1222 398 407 1223 434 421 1224 411 408 1225 410 420 1226 423 422 1227 412 409 1228 411 408 1229 424 423 1230 413 410 1231 412 409 1232 413 410 1233 426 424 1234 414 411 1235 426 424 1236 415 413 1237 414 411 1238 427 425 1239 416 414 1240 415 413 1241 416 414 1242 429 426 1243 417 415 1244 417 415 1245 430 427 1246 418 417 1247 430 427 1248 419 418 1249 418 417 1250 419 418 1251 432 428 1252 420 429 1253 420 429 1254 433 430 1255 421 419 1256 433 430 1257 410 420 1258 421 419 1259 290 292 1260 423 422 1261 422 431 1262 291 291 1263 424 423 1264 423 422 1265 292 294 1266 425 432 1267 424 423 1268 293 296 1269 426 424 1270 425 432 1271 294 298 1272 427 425 1273 426 424 1274 295 300 1275 428 433 1276 427 425 1277 428 433 1278 297 304 1279 429 426 1280 429 426 1281 298 306 1282 430 427 1283 430 427 1284 299 308 1285 431 434 1286 431 434 1287 300 309 1288 432 428 1289 432 428 1290 301 311 1291 433 430 1292 433 430 1293 290 292 1294 422 431 1295 447 435 1296 436 436 1297 435 437 1298 448 438 1299 437 439 1300 436 436 1301 449 440 1302 438 441 1303 437 439 1304 438 441 1305 451 442 1306 439 443 1307 439 443 1308 452 444 1309 440 445 1310 440 445 1311 453 446 1312 441 447 1313 441 447 1314 454 448 1315 442 449 1316 442 449 1317 455 450 1318 443 451 1319 443 451 1320 456 452 1321 444 453 1322 456 452 1323 445 454 1324 444 453 1325 457 455 1326 446 456 1327 445 454 1328 435 437 1329 458 457 1330 447 435 1331 447 435 1332 460 458 1333 448 438 1334 448 438 1335 461 459 1336 449 440 1337 449 440 1338 462 460 1339 450 461 1340 450 461 1341 463 462 1342 451 442 1343 451 442 1344 464 463 1345 452 444 1346 452 444 1347 465 464 1348 453 446 1349 465 464 1350 454 448 1351 453 446 1352 466 465 1353 455 450 1354 454 448 1355 467 466 1356 456 452 1357 455 450 1358 468 467 1359 457 455 1360 456 452 1361 469 468 1362 458 457 1363 457 455 1364 470 469 1365 447 435 1366 458 457 1367 459 470 1368 472 471 1369 460 458 1370 472 471 1371 461 459 1372 460 458 1373 461 459 1374 474 472 1375 462 460 1376 474 472 1377 463 462 1378 462 460 1379 475 473 1380 464 463 1381 463 462 1382 476 474 1383 465 464 1384 464 463 1385 465 464 1386 478 475 1387 466 465 1388 478 475 1389 467 466 1390 466 465 1391 479 476 1392 468 467 1393 467 466 1394 468 467 1395 481 477 1396 469 468 1397 481 477 1398 470 469 1399 469 468 1400 482 478 1401 459 470 1402 470 469 1403 483 479 1404 472 471 1405 471 480 1406 484 481 1407 473 482 1408 472 471 1409 473 482 1410 486 483 1411 474 472 1412 474 472 1413 487 484 1414 475 473 1415 475 473 1416 488 485 1417 476 474 1418 476 474 1419 489 486 1420 477 487 1421 477 487 1422 490 488 1423 478 475 1424 478 475 1425 491 489 1426 479 476 1427 491 489 1428 480 490 1429 479 476 1430 492 491 1431 481 477 1432 480 490 1433 493 492 1434 482 478 1435 481 477 1436 494 493 1437 471 480 1438 482 478 1439 495 494 1440 484 481 1441 483 479 1442 496 495 1443 485 496 1444 484 481 1445 485 496 1446 498 497 1447 486 483 1448 486 483 1449 499 498 1450 487 484 1451 499 498 1452 488 485 1453 487 484 1454 488 485 1455 501 499 1456 489 486 1457 501 499 1458 490 488 1459 489 486 1460 490 488 1461 503 500 1462 491 489 1463 491 489 1464 504 501 1465 492 491 1466 504 501 1467 493 492 1468 492 491 1469 505 502 1470 494 493 1471 493 492 1472 494 493 1473 495 494 1474 483 479 1475 507 503 1476 496 495 1477 495 494 1478 508 504 1479 497 505 1480 496 495 1481 509 506 1482 498 497 1483 497 505 1484 510 507 1485 499 498 1486 498 497 1487 511 508 1488 500 509 1489 499 498 1490 512 510 1491 501 499 1492 500 509 1493 501 499 1494 514 511 1495 502 512 1496 502 512 1497 515 513 1498 503 500 1499 503 500 1500 516 514 1501 504 501 1502 504 501 1503 517 515 1504 505 502 1505 505 502 1506 518 516 1507 506 517 1508 506 517 1509 507 503 1510 495 494 1511 507 503 1512 520 518 1513 508 504 1514 508 504 1515 521 519 1516 509 506 1517 509 506 1518 522 520 1519 510 507 1520 522 520 1521 511 508 1522 510 507 1523 523 521 1524 512 510 1525 511 508 1526 524 522 1527 513 523 1528 512 510 1529 525 524 1530 514 511 1531 513 523 1532 526 525 1533 515 513 1534 514 511 1535 527 526 1536 516 514 1537 515 513 1538 516 514 1539 529 527 1540 517 515 1541 517 515 1542 530 528 1543 518 516 1544 518 516 1545 519 529 1546 507 503 1547 519 529 1548 532 530 1549 520 518 1550 520 518 1551 533 531 1552 521 519 1553 521 519 1554 534 532 1555 522 520 1556 522 520 1557 535 533 1558 523 521 1559 523 521 1560 536 534 1561 524 522 1562 524 522 1563 537 535 1564 525 524 1565 537 535 1566 526 525 1567 525 524 1568 538 536 1569 527 526 1570 526 525 1571 539 537 1572 528 538 1573 527 526 1574 540 539 1575 529 527 1576 528 538 1577 541 540 1578 530 528 1579 529 527 1580 542 541 1581 519 529 1582 530 528 1583 531 542 1584 544 543 1585 532 530 1586 532 530 1587 545 544 1588 533 531 1589 545 544 1590 534 532 1591 533 531 1592 546 545 1593 535 533 1594 534 532 1595 535 533 1596 548 546 1597 536 534 1598 536 534 1599 549 547 1600 537 535 1601 549 547 1602 538 536 1603 537 535 1604 550 548 1605 539 537 1606 538 536 1607 551 549 1608 540 539 1609 539 537 1610 540 539 1611 553 550 1612 541 540 1613 553 550 1614 542 541 1615 541 540 1616 554 551 1617 531 542 1618 542 541 1619 543 552 1620 556 553 1621 544 543 1622 544 543 1623 557 554 1624 545 544 1625 545 544 1626 558 555 1627 546 545 1628 546 545 1629 559 556 1630 547 557 1631 559 556 1632 548 546 1633 547 557 1634 560 558 1635 549 547 1636 548 546 1637 561 559 1638 550 548 1639 549 547 1640 562 560 1641 551 549 1642 550 548 1643 563 561 1644 552 562 1645 551 549 1646 564 563 1647 553 550 1648 552 562 1649 553 550 1650 566 564 1651 554 551 1652 554 551 1653 555 565 1654 543 552 1655 579 566 1656 556 553 1657 555 565 1658 556 553 1659 569 567 1660 557 554 1661 557 554 1662 570 568 1663 558 555 1664 558 555 1665 571 569 1666 559 556 1667 571 569 1668 560 558 1669 559 556 1670 572 570 1671 561 559 1672 560 558 1673 561 559 1674 574 571 1675 562 560 1676 574 571 1677 563 561 1678 562 560 1679 563 561 1680 576 572 1681 564 563 1682 576 572 1683 565 573 1684 564 563 1685 565 573 1686 578 574 1687 566 564 1688 578 574 1689 555 565 1690 566 564 1691 435 437 1692 568 575 1693 567 576 1694 436 436 1695 569 567 1696 568 575 1697 437 439 1698 570 568 1699 569 567 1700 438 441 1701 571 569 1702 570 568 1703 439 443 1704 572 570 1705 571 569 1706 440 445 1707 573 577 1708 572 570 1709 573 577 1710 442 449 1711 574 571 1712 574 571 1713 443 451 1714 575 578 1715 575 578 1716 444 453 1717 576 572 1718 576 572 1719 445 454 1720 577 579 1721 577 579 1722 446 456 1723 578 574 1724 578 574 1725 435 437 1726 567 576 1727 592 580 1728 581 581 1729 580 582 1730 593 583 1731 582 584 1732 581 581 1733 594 585 1734 583 586 1735 582 584 1736 583 586 1737 596 587 1738 584 588 1739 584 588 1740 597 589 1741 585 590 1742 585 590 1743 598 591 1744 586 592 1745 586 592 1746 599 593 1747 587 594 1748 587 594 1749 600 595 1750 588 596 1751 588 596 1752 601 597 1753 589 598 1754 601 597 1755 590 599 1756 589 598 1757 602 600 1758 591 601 1759 590 599 1760 580 582 1761 603 602 1762 592 580 1763 592 580 1764 605 603 1765 593 583 1766 593 583 1767 606 604 1768 594 585 1769 594 585 1770 607 605 1771 595 606 1772 595 606 1773 608 607 1774 596 587 1775 596 587 1776 609 608 1777 597 589 1778 597 589 1779 610 609 1780 598 591 1781 610 609 1782 599 593 1783 598 591 1784 611 610 1785 600 595 1786 599 593 1787 612 611 1788 601 597 1789 600 595 1790 613 612 1791 602 600 1792 601 597 1793 614 613 1794 603 602 1795 602 600 1796 615 614 1797 592 580 1798 603 602 1799 616 615 1800 605 603 1801 604 616 1802 605 603 1803 618 617 1804 606 604 1805 618 617 1806 607 605 1807 606 604 1808 619 618 1809 608 607 1810 607 605 1811 620 619 1812 609 608 1813 608 607 1814 609 608 1815 622 620 1816 610 609 1817 622 620 1818 611 610 1819 610 609 1820 611 610 1821 624 621 1822 612 611 1823 624 621 1824 613 612 1825 612 611 1826 613 612 1827 626 622 1828 614 613 1829 626 622 1830 615 614 1831 614 613 1832 615 614 1833 616 615 1834 604 616 1835 628 623 1836 617 624 1837 616 615 1838 629 625 1839 618 617 1840 617 624 1841 618 617 1842 631 626 1843 619 618 1844 619 618 1845 632 627 1846 620 619 1847 620 619 1848 633 628 1849 621 629 1850 621 629 1851 634 630 1852 622 620 1853 622 620 1854 635 631 1855 623 632 1856 623 632 1857 636 633 1858 624 621 1859 636 633 1860 625 634 1861 624 621 1862 637 635 1863 626 622 1864 625 634 1865 638 636 1866 627 637 1867 626 622 1868 639 638 1869 616 615 1870 627 637 1871 640 639 1872 629 625 1873 628 623 1874 629 625 1875 642 640 1876 630 641 1877 630 641 1878 643 642 1879 631 626 1880 631 626 1881 644 643 1882 632 627 1883 644 643 1884 633 628 1885 632 627 1886 633 628 1887 646 644 1888 634 630 1889 646 644 1890 635 631 1891 634 630 1892 647 645 1893 636 633 1894 635 631 1895 636 633 1896 649 646 1897 637 635 1898 637 635 1899 650 647 1900 638 636 1901 650 647 1902 639 638 1903 638 636 1904 639 638 1905 640 639 1906 628 623 1907 652 648 1908 641 649 1909 640 639 1910 653 650 1911 642 640 1912 641 649 1913 654 651 1914 643 642 1915 642 640 1916 655 652 1917 644 643 1918 643 642 1919 656 653 1920 645 654 1921 644 643 1922 657 655 1923 646 644 1924 645 654 1925 646 644 1926 659 656 1927 647 645 1928 647 645 1929 660 657 1930 648 658 1931 648 658 1932 661 659 1933 649 646 1934 649 646 1935 662 660 1936 650 647 1937 650 647 1938 663 661 1939 651 662 1940 651 662 1941 652 648 1942 640 639 1943 652 648 1944 665 663 1945 653 650 1946 653 650 1947 666 664 1948 654 651 1949 654 651 1950 667 665 1951 655 652 1952 667 665 1953 656 653 1954 655 652 1955 668 666 1956 657 655 1957 656 653 1958 669 667 1959 658 668 1960 657 655 1961 670 669 1962 659 656 1963 658 668 1964 671 670 1965 660 657 1966 659 656 1967 672 671 1968 661 659 1969 660 657 1970 661 659 1971 674 672 1972 662 660 1973 662 660 1974 675 673 1975 663 661 1976 663 661 1977 664 674 1978 652 648 1979 664 674 1980 677 675 1981 665 663 1982 665 663 1983 678 676 1984 666 664 1985 666 664 1986 679 677 1987 667 665 1988 667 665 1989 680 678 1990 668 666 1991 668 666 1992 681 679 1993 669 667 1994 669 667 1995 682 680 1996 670 669 1997 682 680 1998 671 670 1999 670 669 2000 683 681 2001 672 671 2002 671 670 2003 684 682 2004 673 683 2005 672 671 2006 685 684 2007 674 672 2008 673 683 2009 686 685 2010 675 673 2011 674 672 2012 687 686 2013 664 674 2014 675 673 2015 676 687 2016 689 688 2017 677 675 2018 689 688 2019 678 676 2020 677 675 2021 678 676 2022 691 689 2023 679 677 2024 691 689 2025 680 678 2026 679 677 2027 680 678 2028 693 690 2029 681 679 2030 681 679 2031 694 691 2032 682 680 2033 694 691 2034 683 681 2035 682 680 2036 683 681 2037 696 692 2038 684 682 2039 684 682 2040 697 693 2041 685 684 2042 685 684 2043 698 694 2044 686 685 2045 698 694 2046 687 686 2047 686 685 2048 687 686 2049 688 695 2050 676 687 2051 688 695 2052 701 696 2053 689 688 2054 689 688 2055 702 697 2056 690 698 2057 690 698 2058 703 699 2059 691 689 2060 691 689 2061 704 700 2062 692 701 2063 704 700 2064 693 690 2065 692 701 2066 705 702 2067 694 691 2068 693 690 2069 706 703 2070 695 704 2071 694 691 2072 707 705 2073 696 692 2074 695 704 2075 708 706 2076 697 693 2077 696 692 2078 709 707 2079 698 694 2080 697 693 2081 698 694 2082 711 708 2083 699 709 2084 699 709 2085 700 710 2086 688 695 2087 724 711 2088 701 696 2089 700 710 2090 701 696 2091 714 712 2092 702 697 2093 714 712 2094 703 699 2095 702 697 2096 703 699 2097 716 713 2098 704 700 2099 704 700 2100 717 714 2101 705 702 2102 705 702 2103 718 715 2104 706 703 2105 718 715 2106 707 705 2107 706 703 2108 707 705 2109 720 716 2110 708 706 2111 708 706 2112 721 717 2113 709 707 2114 709 707 2115 722 718 2116 710 719 2117 710 719 2118 723 720 2119 711 708 2120 723 720 2121 700 710 2122 711 708 2123 580 582 2124 713 721 2125 712 722 2126 581 581 2127 714 712 2128 713 721 2129 582 584 2130 715 723 2131 714 712 2132 583 586 2133 716 713 2134 715 723 2135 584 588 2136 717 714 2137 716 713 2138 585 590 2139 718 715 2140 717 714 2141 718 715 2142 587 594 2143 719 724 2144 719 724 2145 588 596 2146 720 716 2147 720 716 2148 589 598 2149 721 717 2150 721 717 2151 590 599 2152 722 718 2153 722 718 2154 591 601 2155 723 720 2156 723 720 2157 580 582 2158 712 722 2159 737 725 2160 726 726 2161 725 727 2162 738 728 2163 727 729 2164 726 726 2165 739 730 2166 728 731 2167 727 729 2168 728 731 2169 741 732 2170 729 733 2171 729 733 2172 742 734 2173 730 735 2174 730 735 2175 743 736 2176 731 737 2177 731 737 2178 744 738 2179 732 739 2180 732 739 2181 745 740 2182 733 741 2183 733 741 2184 746 742 2185 734 743 2186 746 742 2187 735 744 2188 734 743 2189 747 745 2190 736 746 2191 735 744 2192 725 727 2193 748 747 2194 737 725 2195 737 725 2196 750 748 2197 738 728 2198 738 728 2199 751 749 2200 739 730 2201 739 730 2202 752 750 2203 740 751 2204 740 751 2205 753 752 2206 741 732 2207 741 732 2208 754 753 2209 742 734 2210 742 734 2211 755 754 2212 743 736 2213 755 754 2214 744 738 2215 743 736 2216 756 755 2217 745 740 2218 744 738 2219 757 756 2220 746 742 2221 745 740 2222 758 757 2223 747 745 2224 746 742 2225 759 758 2226 748 747 2227 747 745 2228 760 759 2229 737 725 2230 748 747 2231 761 760 2232 750 748 2233 749 761 2234 750 748 2235 763 762 2236 751 749 2237 763 762 2238 752 750 2239 751 749 2240 764 763 2241 753 752 2242 752 750 2243 765 764 2244 754 753 2245 753 752 2246 754 753 2247 767 765 2248 755 754 2249 767 765 2250 756 755 2251 755 754 2252 756 755 2253 769 766 2254 757 756 2255 769 766 2256 758 757 2257 757 756 2258 758 757 2259 771 767 2260 759 758 2261 771 767 2262 760 759 2263 759 758 2264 760 759 2265 761 760 2266 749 761 2267 773 768 2268 762 769 2269 761 760 2270 774 770 2271 763 762 2272 762 769 2273 763 762 2274 776 771 2275 764 763 2276 764 763 2277 777 772 2278 765 764 2279 765 764 2280 778 773 2281 766 774 2282 766 774 2283 779 775 2284 767 765 2285 767 765 2286 780 776 2287 768 777 2288 768 777 2289 781 778 2290 769 766 2291 781 778 2292 770 779 2293 769 766 2294 782 780 2295 771 767 2296 770 779 2297 783 781 2298 772 782 2299 771 767 2300 784 783 2301 761 760 2302 772 782 2303 785 784 2304 774 770 2305 773 768 2306 786 785 2307 775 786 2308 774 770 2309 775 786 2310 788 787 2311 776 771 2312 788 787 2313 777 772 2314 776 771 2315 789 788 2316 778 773 2317 777 772 2318 790 789 2319 779 775 2320 778 773 2321 779 775 2322 792 790 2323 780 776 2324 792 790 2325 781 778 2326 780 776 2327 781 778 2328 794 791 2329 782 780 2330 782 780 2331 795 792 2332 783 781 2333 795 792 2334 784 783 2335 783 781 2336 784 783 2337 785 784 2338 773 768 2339 797 793 2340 786 785 2341 785 784 2342 798 794 2343 787 795 2344 786 785 2345 799 796 2346 788 787 2347 787 795 2348 800 797 2349 789 788 2350 788 787 2351 801 798 2352 790 789 2353 789 788 2354 802 799 2355 791 800 2356 790 789 2357 791 800 2358 804 801 2359 792 790 2360 792 790 2361 805 802 2362 793 803 2363 793 803 2364 806 804 2365 794 791 2366 794 791 2367 807 805 2368 795 792 2369 795 792 2370 808 806 2371 796 807 2372 796 807 2373 797 793 2374 785 784 2375 797 793 2376 810 808 2377 798 794 2378 798 794 2379 811 809 2380 799 796 2381 799 796 2382 812 810 2383 800 797 2384 812 810 2385 801 798 2386 800 797 2387 813 811 2388 802 799 2389 801 798 2390 814 812 2391 803 813 2392 802 799 2393 815 814 2394 804 801 2395 803 813 2396 816 815 2397 805 802 2398 804 801 2399 817 816 2400 806 804 2401 805 802 2402 806 804 2403 819 817 2404 807 805 2405 807 805 2406 820 818 2407 808 806 2408 808 806 2409 809 819 2410 797 793 2411 809 819 2412 822 820 2413 810 808 2414 810 808 2415 823 821 2416 811 809 2417 811 809 2418 824 822 2419 812 810 2420 812 810 2421 825 823 2422 813 811 2423 813 811 2424 826 824 2425 814 812 2426 814 812 2427 827 825 2428 815 814 2429 827 825 2430 816 815 2431 815 814 2432 828 826 2433 817 816 2434 816 815 2435 829 827 2436 818 828 2437 817 816 2438 830 829 2439 819 817 2440 818 828 2441 831 830 2442 820 818 2443 819 817 2444 832 831 2445 809 819 2446 820 818 2447 833 832 2448 822 820 2449 821 833 2450 822 820 2451 835 834 2452 823 821 2453 823 821 2454 836 835 2455 824 822 2456 836 835 2457 825 823 2458 824 822 2459 825 823 2460 838 836 2461 826 824 2462 838 836 2463 827 825 2464 826 824 2465 827 825 2466 840 837 2467 828 826 2468 840 837 2469 829 827 2470 828 826 2471 829 827 2472 842 838 2473 830 829 2474 830 829 2475 843 839 2476 831 830 2477 843 839 2478 832 831 2479 831 830 2480 832 831 2481 833 832 2482 821 833 2483 833 832 2484 846 840 2485 834 841 2486 834 841 2487 847 842 2488 835 834 2489 835 834 2490 848 843 2491 836 835 2492 836 835 2493 849 844 2494 837 845 2495 849 844 2496 838 836 2497 837 845 2498 850 846 2499 839 847 2500 838 836 2501 851 848 2502 840 837 2503 839 847 2504 852 849 2505 841 850 2506 840 837 2507 853 851 2508 842 838 2509 841 850 2510 854 852 2511 843 839 2512 842 838 2513 843 839 2514 856 853 2515 844 854 2516 844 854 2517 845 855 2518 833 832 2519 869 856 2520 846 840 2521 845 855 2522 858 857 2523 847 842 2524 846 840 2525 859 858 2526 848 843 2527 847 842 2528 848 843 2529 861 859 2530 849 844 2531 861 859 2532 850 846 2533 849 844 2534 850 846 2535 863 860 2536 851 848 2537 863 860 2538 852 849 2539 851 848 2540 852 849 2541 865 861 2542 853 851 2543 853 851 2544 866 862 2545 854 852 2546 866 862 2547 855 863 2548 854 852 2549 855 863 2550 868 864 2551 856 853 2552 868 864 2553 845 855 2554 856 853 2555 725 727 2556 858 857 2557 857 865 2558 726 726 2559 859 858 2560 858 857 2561 727 729 2562 860 866 2563 859 858 2564 728 731 2565 861 859 2566 860 866 2567 729 733 2568 862 867 2569 861 859 2570 730 735 2571 863 860 2572 862 867 2573 863 860 2574 732 739 2575 864 868 2576 864 868 2577 733 741 2578 865 861 2579 865 861 2580 734 743 2581 866 862 2582 866 862 2583 735 744 2584 867 869 2585 867 869 2586 736 746 2587 868 864 2588 868 864 2589 725 727 2590 857 865 2591 882 870 2592 871 871 2593 870 872 2594 883 873 2595 872 874 2596 871 871 2597 884 875 2598 873 876 2599 872 874 2600 873 876 2601 886 877 2602 874 878 2603 874 878 2604 887 879 2605 875 880 2606 875 880 2607 888 881 2608 876 882 2609 876 882 2610 889 883 2611 877 884 2612 877 884 2613 890 885 2614 878 886 2615 878 886 2616 891 887 2617 879 888 2618 891 887 2619 880 889 2620 879 888 2621 892 890 2622 881 891 2623 880 889 2624 870 872 2625 893 892 2626 882 870 2627 882 870 2628 895 893 2629 883 873 2630 883 873 2631 896 894 2632 884 875 2633 884 875 2634 897 895 2635 885 896 2636 885 896 2637 898 897 2638 886 877 2639 886 877 2640 899 898 2641 887 879 2642 887 879 2643 900 899 2644 888 881 2645 900 899 2646 889 883 2647 888 881 2648 901 900 2649 890 885 2650 889 883 2651 902 901 2652 891 887 2653 890 885 2654 903 902 2655 892 890 2656 891 887 2657 904 903 2658 893 892 2659 892 890 2660 905 904 2661 882 870 2662 893 892 2663 894 905 2664 907 906 2665 895 893 2666 895 893 2667 908 907 2668 896 894 2669 908 907 2670 897 895 2671 896 894 2672 909 908 2673 898 897 2674 897 895 2675 910 909 2676 899 898 2677 898 897 2678 899 898 2679 912 910 2680 900 899 2681 912 910 2682 901 900 2683 900 899 2684 913 911 2685 902 901 2686 901 900 2687 902 901 2688 915 912 2689 903 902 2690 903 902 2691 916 913 2692 904 903 2693 916 913 2694 905 904 2695 904 903 2696 917 914 2697 894 905 2698 905 904 2699 918 915 2700 907 906 2701 906 916 2702 919 917 2703 908 907 2704 907 906 2705 908 907 2706 921 918 2707 909 908 2708 909 908 2709 922 919 2710 910 909 2711 910 909 2712 923 920 2713 911 921 2714 911 921 2715 924 922 2716 912 910 2717 912 910 2718 925 923 2719 913 911 2720 913 911 2721 926 924 2722 914 925 2723 926 924 2724 915 912 2725 914 925 2726 927 926 2727 916 913 2728 915 912 2729 928 927 2730 917 914 2731 916 913 2732 929 928 2733 906 916 2734 917 914 2735 930 929 2736 919 917 2737 918 915 2738 919 917 2739 932 930 2740 920 931 2741 932 930 2742 921 918 2743 920 931 2744 921 918 2745 934 932 2746 922 919 2747 922 919 2748 935 933 2749 923 920 2750 935 933 2751 924 922 2752 923 920 2753 924 922 2754 937 934 2755 925 923 2756 925 923 2757 938 935 2758 926 924 2759 938 935 2760 927 926 2761 926 924 2762 927 926 2763 940 936 2764 928 927 2765 940 936 2766 929 928 2767 928 927 2768 929 928 2769 930 929 2770 918 915 2771 942 937 2772 931 938 2773 930 929 2774 943 939 2775 932 930 2776 931 938 2777 944 940 2778 933 941 2779 932 930 2780 945 942 2781 934 932 2782 933 941 2783 946 943 2784 935 933 2785 934 932 2786 947 944 2787 936 945 2788 935 933 2789 936 945 2790 949 946 2791 937 934 2792 937 934 2793 950 947 2794 938 935 2795 938 935 2796 951 948 2797 939 949 2798 939 949 2799 952 950 2800 940 936 2801 940 936 2802 953 951 2803 941 952 2804 941 952 2805 942 937 2806 930 929 2807 942 937 2808 955 953 2809 943 939 2810 943 939 2811 956 954 2812 944 940 2813 944 940 2814 957 955 2815 945 942 2816 957 955 2817 946 943 2818 945 942 2819 958 956 2820 947 944 2821 946 943 2822 959 957 2823 948 958 2824 947 944 2825 960 959 2826 949 946 2827 948 958 2828 961 960 2829 950 947 2830 949 946 2831 962 961 2832 951 948 2833 950 947 2834 951 948 2835 964 962 2836 952 950 2837 952 950 2838 965 963 2839 953 951 2840 953 951 2841 954 964 2842 942 937 2843 954 964 2844 967 965 2845 955 953 2846 955 953 2847 968 966 2848 956 954 2849 956 954 2850 969 967 2851 957 955 2852 957 955 2853 970 968 2854 958 956 2855 958 956 2856 971 969 2857 959 957 2858 959 957 2859 972 970 2860 960 959 2861 972 970 2862 961 960 2863 960 959 2864 973 971 2865 962 961 2866 961 960 2867 974 972 2868 963 973 2869 962 961 2870 975 974 2871 964 962 2872 963 973 2873 976 975 2874 965 963 2875 964 962 2876 977 976 2877 954 964 2878 965 963 2879 966 977 2880 979 978 2881 967 965 2882 979 978 2883 968 966 2884 967 965 2885 980 979 2886 969 967 2887 968 966 2888 969 967 2889 982 980 2890 970 968 2891 970 968 2892 983 981 2893 971 969 2894 971 969 2895 984 982 2896 972 970 2897 972 970 2898 985 983 2899 973 971 2900 985 983 2901 974 972 2902 973 971 2903 986 984 2904 975 974 2905 974 972 2906 975 974 2907 988 985 2908 976 975 2909 988 985 2910 977 976 2911 976 975 2912 989 986 2913 966 977 2914 977 976 2915 978 987 2916 991 988 2917 979 978 2918 979 978 2919 992 989 2920 980 979 2921 980 979 2922 993 990 2923 981 991 2924 981 991 2925 994 992 2926 982 980 2927 994 992 2928 983 981 2929 982 980 2930 995 993 2931 984 982 2932 983 981 2933 996 994 2934 985 983 2935 984 982 2936 997 995 2937 986 984 2938 985 983 2939 998 996 2940 987 997 2941 986 984 2942 999 998 2943 988 985 2944 987 997 2945 988 985 2946 1001 999 2947 989 986 2948 989 986 2949 990 1000 2950 978 987 2951 1014 1001 2952 991 988 2953 990 1000 2954 991 988 2955 1004 1002 2956 992 989 2957 992 989 2958 1005 1003 2959 993 990 2960 1005 1003 2961 994 992 2962 993 990 2963 1006 1004 2964 995 993 2965 994 992 2966 995 993 2967 1008 1005 2968 996 994 2969 1008 1005 2970 997 995 2971 996 994 2972 997 995 2973 1010 1006 2974 998 996 2975 998 996 2976 1011 1007 2977 999 998 2978 999 998 2979 1012 1008 2980 1000 1009 2981 1012 1008 2982 1001 999 2983 1000 1009 2984 1013 1010 2985 990 1000 2986 1001 999 2987 870 872 2988 1003 1011 2989 1002 1012 2990 871 871 2991 1004 1002 2992 1003 1011 2993 872 874 2994 1005 1003 2995 1004 1002 2996 873 876 2997 1006 1004 2998 1005 1003 2999 874 878 3000 1007 1013 3001 1006 1004 3002 875 880 3003 1008 1005 3004 1007 1013 3005 1008 1005 3006 877 884 3007 1009 1014 3008 1009 1014 3009 878 886 3010 1010 1006 3011 1010 1006 3012 879 888 3013 1011 1007 3014 1011 1007 3015 880 889 3016 1012 1008 3017 1012 1008 3018 881 891 3019 1013 1010 3020 1013 1010 3021 870 872 3022 1002 1012 3023 1027 1015 3024 1016 1016 3025 1015 1017 3026 1028 1018 3027 1017 1019 3028 1016 1016 3029 1017 1019 3030 1030 1020 3031 1018 1021 3032 1018 1021 3033 1031 1022 3034 1019 1023 3035 1019 1023 3036 1032 1024 3037 1020 1025 3038 1020 1025 3039 1033 1026 3040 1021 1027 3041 1021 1027 3042 1034 1028 3043 1022 1029 3044 1022 1029 3045 1035 1030 3046 1023 1031 3047 1035 1030 3048 1024 1032 3049 1023 1031 3050 1036 1033 3051 1025 1034 3052 1024 1032 3053 1037 1035 3054 1026 1036 3055 1025 1034 3056 1038 1037 3057 1015 1017 3058 1026 1036 3059 1039 1038 3060 1028 1018 3061 1027 1015 3062 1028 1018 3063 1041 1039 3064 1029 1040 3065 1029 1040 3066 1042 1041 3067 1030 1020 3068 1030 1020 3069 1043 1042 3070 1031 1022 3071 1031 1022 3072 1044 1043 3073 1032 1024 3074 1044 1043 3075 1033 1026 3076 1032 1024 3077 1045 1044 3078 1034 1028 3079 1033 1026 3080 1034 1028 3081 1047 1045 3082 1035 1030 3083 1047 1045 3084 1036 1033 3085 1035 1030 3086 1048 1046 3087 1037 1035 3088 1036 1033 3089 1037 1035 3090 1050 1047 3091 1038 1037 3092 1038 1037 3093 1039 1038 3094 1027 1015 3095 1039 1038 3096 1052 1048 3097 1040 1049 3098 1052 1048 3099 1041 1039 3100 1040 1049 3101 1041 1039 3102 1054 1050 3103 1042 1041 3104 1042 1041 3105 1055 1051 3106 1043 1042 3107 1055 1051 3108 1044 1043 3109 1043 1042 3110 1056 1052 3111 1045 1044 3112 1044 1043 3113 1057 1053 3114 1046 1054 3115 1045 1044 3116 1046 1054 3117 1059 1055 3118 1047 1045 3119 1047 1045 3120 1060 1056 3121 1048 1046 3122 1060 1056 3123 1049 1057 3124 1048 1046 3125 1049 1057 3126 1062 1058 3127 1050 1047 3128 1062 1058 3129 1039 1038 3130 1050 1047 3131 1051 1059 3132 1064 1060 3133 1052 1048 3134 1064 1060 3135 1053 1061 3136 1052 1048 3137 1053 1061 3138 1066 1062 3139 1054 1050 3140 1054 1050 3141 1067 1063 3142 1055 1051 3143 1067 1063 3144 1056 1052 3145 1055 1051 3146 1056 1052 3147 1069 1064 3148 1057 1053 3149 1057 1053 3150 1070 1065 3151 1058 1066 3152 1070 1065 3153 1059 1055 3154 1058 1066 3155 1071 1067 3156 1060 1056 3157 1059 1055 3158 1072 1068 3159 1061 1069 3160 1060 1056 3161 1061 1069 3162 1074 1070 3163 1062 1058 3164 1074 1070 3165 1051 1059 3166 1062 1058 3167 1063 1071 3168 1076 1072 3169 1064 1060 3170 1076 1072 3171 1065 1073 3172 1064 1060 3173 1077 1074 3174 1066 1062 3175 1065 1073 3176 1078 1075 3177 1067 1063 3178 1066 1062 3179 1067 1063 3180 1080 1076 3181 1068 1077 3182 1068 1077 3183 1081 1078 3184 1069 1064 3185 1081 1078 3186 1070 1065 3187 1069 1064 3188 1082 1079 3189 1071 1067 3190 1070 1065 3191 1083 1080 3192 1072 1068 3193 1071 1067 3194 1072 1068 3195 1085 1081 3196 1073 1082 3197 1073 1082 3198 1086 1083 3199 1074 1070 3200 1086 1083 3201 1063 1071 3202 1074 1070 3203 1075 1084 3204 1088 1085 3205 1076 1072 3206 1076 1072 3207 1089 1086 3208 1077 1074 3209 1089 1086 3210 1078 1075 3211 1077 1074 3212 1090 1087 3213 1079 1088 3214 1078 1075 3215 1091 1089 3216 1080 1076 3217 1079 1088 3218 1092 1090 3219 1081 1078 3220 1080 1076 3221 1093 1091 3222 1082 1079 3223 1081 1078 3224 1094 1092 3225 1083 1080 3226 1082 1079 3227 1083 1080 3228 1096 1093 3229 1084 1094 3230 1084 1094 3231 1097 1095 3232 1085 1081 3233 1085 1081 3234 1098 1096 3235 1086 1083 3236 1086 1083 3237 1087 1097 3238 1075 1084 3239 1022 1029 3240 1026 1036 3241 1018 1021 3242 1095 1098 3243 1089 1086 3244 1087 1097 3245 1099 1099 3246 1113 1100 3247 1100 1101 3248 1100 1101 3249 1113 1100 3250 1101 1102 3251 1101 1102 3252 1113 1100 3253 1102 1103 3254 1102 1103 3255 1113 1100 3256 1103 1104 3257 1103 1104 3258 1113 1100 3259 1104 1105 3260 1104 1105 3261 1113 1100 3262 1105 1106 3263 1105 1106 3264 1113 1100 3265 1106 1107 3266 1106 1107 3267 1113 1100 3268 1107 1108 3269 1107 1108 3270 1113 1100 3271 1108 1109 3272 1108 1109 3273 1113 1100 3274 1109 1110 3275 1109 1110 3276 1113 1100 3277 1110 1111 3278 1110 1111 3279 1113 1100 3280 1111 1112 3281 1111 1112 3282 1113 1100 3283 1112 1113 3284 1112 1113 3285 1113 1100 3286 1114 1114 3287 1114 1114 3288 1113 1100 3289 1115 1115 3290 1115 1115 3291 1113 1100 3292 1116 1116 3293 1116 1116 3294 1113 1100 3295 1117 1117 3296 1117 1117 3297 1113 1100 3298 1118 1118 3299 1118 1118 3300 1113 1100 3301 1119 1119 3302 1119 1119 3303 1113 1100 3304 1120 1120 3305 1120 1120 3306 1113 1100 3307 1121 1121 3308 1121 1121 3309 1113 1100 3310 1122 1122 3311 1122 1122 3312 1113 1100 3313 1123 1123 3314 1123 1123 3315 1113 1100 3316 1124 1124 3317 1124 1124 3318 1113 1100 3319 1125 1125 3320 1125 1125 3321 1113 1100 3322 1126 1126 3323 1126 1126 3324 1113 1100 3325 1127 1127 3326 1127 1127 3327 1113 1100 3328 1128 1128 3329 1128 1128 3330 1113 1100 3331 1129 1129 3332 1129 1129 3333 1113 1100 3334 1130 1130 3335 1130 1130 3336 1113 1100 3337 1131 1131 3338 1131 1131 3339 1113 1100 3340 1099 1099 3341 1099 1099 3342 1163 1132 3343 1131 1131 3344 1153 1133 3345 1155 1134 3346 1163 1132 3347 1110 1111 3348 1144 1135 3349 1143 1136 3350 1125 1125 3351 1156 1137 3352 1124 1124 3353 1104 1105 3354 1138 1138 3355 1137 1139 3356 1119 1119 3357 1150 1140 3358 1118 1118 3359 1111 1112 3360 1145 1141 3361 1144 1135 3362 1126 1126 3363 1157 1142 3364 1125 1125 3365 1105 1106 3366 1139 1143 3367 1138 1138 3368 1120 1120 3369 1151 1144 3370 1119 1119 3371 1099 1099 3372 1133 1145 3373 1132 1146 3374 1127 1127 3375 1158 1147 3376 1126 1126 3377 1112 1113 3378 1146 1148 3379 1145 1141 3380 1106 1107 3381 1140 1149 3382 1139 1143 3383 1121 1121 3384 1152 1150 3385 1120 1120 3386 1128 1128 3387 1159 1151 3388 1127 1127 3389 1100 1101 3390 1134 1152 3391 1133 1145 3392 1115 1115 3393 1146 1148 3394 1114 1114 3395 1107 1108 3396 1141 1153 3397 1140 1149 3398 1122 1122 3399 1153 1133 3400 1121 1121 3401 1129 1129 3402 1160 1154 3403 1128 1128 3404 1101 1102 3405 1135 1155 3406 1134 1152 3407 1116 1116 3408 1147 1156 3409 1115 1115 3410 1108 1109 3411 1142 1157 3412 1141 1153 3413 1123 1123 3414 1154 1158 3415 1122 1122 3416 1129 1129 3417 1162 1159 3418 1161 1160 3419 1102 1103 3420 1136 1161 3421 1135 1155 3422 1117 1117 3423 1148 1162 3424 1116 1116 3425 1109 1110 3426 1143 1136 3427 1142 1157 3428 1124 1124 3429 1155 1134 3430 1123 1123 3431 1130 1130 3432 1163 1132 3433 1162 1159 3434 1103 1104 3435 1137 1139 3436 1136 1161 3437 1118 1118 3438 1149 1163 3439 1117 1117 3440 12 0 3441 13 3 3442 1 1 3443 13 3 3444 14 5 3445 2 4 3446 14 5 3447 15 26 3448 3 6 3449 3 6 3450 15 26 3451 16 7 3452 4 8 3453 16 7 3454 17 9 3455 5 10 3456 17 9 3457 18 11 3458 6 12 3459 18 11 3460 19 13 3461 7 14 3462 19 13 3463 20 15 3464 8 16 3465 20 15 3466 21 17 3467 21 17 3468 22 20 3469 10 19 3470 22 20 3471 23 22 3472 11 21 3473 0 2 3474 11 21 3475 23 22 3476 12 0 3477 24 36 3478 25 23 3479 13 3 3480 25 23 3481 26 24 3482 14 5 3483 26 24 3484 27 25 3485 15 26 3486 27 25 3487 28 27 3488 16 7 3489 28 27 3490 29 28 3491 17 9 3492 29 28 3493 30 29 3494 30 29 3495 31 30 3496 19 13 3497 31 30 3498 32 31 3499 20 15 3500 32 31 3501 33 32 3502 21 17 3503 33 32 3504 34 33 3505 22 20 3506 34 33 3507 35 34 3508 23 22 3509 35 34 3510 24 36 3511 12 0 3512 36 35 3513 37 45 3514 25 23 3515 25 23 3516 37 45 3517 38 37 3518 38 37 3519 39 38 3520 27 25 3521 39 38 3522 40 39 3523 28 27 3524 40 39 3525 41 50 3526 29 28 3527 29 28 3528 41 50 3529 42 40 3530 42 40 3531 43 53 3532 31 30 3533 31 30 3534 43 53 3535 44 41 3536 44 41 3537 45 55 3538 33 32 3539 33 32 3540 45 55 3541 46 42 3542 34 33 3543 46 42 3544 47 43 3545 47 43 3546 36 35 3547 24 36 3548 48 44 3549 49 46 3550 37 45 3551 49 46 3552 50 61 3553 38 37 3554 38 37 3555 50 61 3556 51 47 3557 39 38 3558 51 47 3559 52 48 3560 40 39 3561 52 48 3562 53 49 3563 41 50 3564 53 49 3565 54 51 3566 42 40 3567 54 51 3568 55 52 3569 43 53 3570 55 52 3571 56 54 3572 56 54 3573 57 56 3574 45 55 3575 57 56 3576 58 57 3577 46 42 3578 58 57 3579 59 58 3580 47 43 3581 59 58 3582 48 44 3583 36 35 3584 60 59 3585 61 60 3586 49 46 3587 61 60 3588 62 62 3589 50 61 3590 62 62 3591 63 63 3592 51 47 3593 63 63 3594 64 64 3595 52 48 3596 64 64 3597 65 75 3598 53 49 3599 53 49 3600 65 75 3601 66 65 3602 54 51 3603 66 65 3604 67 66 3605 67 66 3606 68 79 3607 56 54 3608 56 54 3609 68 79 3610 69 67 3611 57 56 3612 69 67 3613 70 68 3614 58 57 3615 70 68 3616 71 69 3617 59 58 3618 71 69 3619 60 59 3620 72 70 3621 73 71 3622 61 60 3623 73 71 3624 74 72 3625 62 62 3626 74 72 3627 75 73 3628 63 63 3629 75 73 3630 76 74 3631 64 64 3632 76 74 3633 77 76 3634 65 75 3635 77 76 3636 78 88 3637 66 65 3638 66 65 3639 78 88 3640 79 77 3641 67 66 3642 79 77 3643 80 78 3644 68 79 3645 80 78 3646 81 80 3647 69 67 3648 81 80 3649 82 81 3650 70 68 3651 82 81 3652 83 82 3653 71 69 3654 83 82 3655 72 70 3656 72 70 3657 84 94 3658 85 83 3659 73 71 3660 85 83 3661 86 84 3662 74 72 3663 86 84 3664 87 85 3665 87 85 3666 88 86 3667 76 74 3668 88 86 3669 89 87 3670 77 76 3671 89 87 3672 90 89 3673 78 88 3674 90 89 3675 91 90 3676 79 77 3677 91 90 3678 92 91 3679 80 78 3680 92 91 3681 93 103 3682 81 80 3683 81 80 3684 93 103 3685 94 92 3686 82 81 3687 94 92 3688 95 93 3689 83 82 3690 95 93 3691 84 94 3692 84 94 3693 96 107 3694 97 95 3695 85 83 3696 97 95 3697 98 96 3698 86 84 3699 98 96 3700 99 97 3701 87 85 3702 99 97 3703 100 98 3704 88 86 3705 100 98 3706 101 99 3707 89 87 3708 101 99 3709 102 100 3710 102 100 3711 103 101 3712 91 90 3713 103 101 3714 104 102 3715 92 91 3716 104 102 3717 105 104 3718 93 103 3719 105 104 3720 106 105 3721 94 92 3722 106 105 3723 107 106 3724 95 93 3725 107 106 3726 96 107 3727 84 94 3728 96 107 3729 108 115 3730 109 108 3731 97 95 3732 109 108 3733 110 109 3734 110 109 3735 111 119 3736 99 97 3737 99 97 3738 111 119 3739 112 110 3740 112 110 3741 113 121 3742 101 99 3743 101 99 3744 113 121 3745 114 111 3746 114 111 3747 115 112 3748 103 101 3749 115 112 3750 116 125 3751 104 102 3752 104 102 3753 116 125 3754 117 113 3755 117 113 3756 118 128 3757 106 105 3758 106 105 3759 118 128 3760 119 114 3761 107 106 3762 119 114 3763 108 115 3764 108 115 3765 120 130 3766 121 116 3767 109 108 3768 121 116 3769 122 117 3770 110 109 3771 122 117 3772 123 118 3773 111 119 3774 123 118 3775 124 120 3776 124 120 3777 125 122 3778 113 121 3779 125 122 3780 126 123 3781 114 111 3782 126 123 3783 127 124 3784 115 112 3785 127 124 3786 128 126 3787 116 125 3788 128 126 3789 129 127 3790 117 113 3791 129 127 3792 130 138 3793 118 128 3794 118 128 3795 130 138 3796 131 129 3797 119 114 3798 131 129 3799 120 130 3800 144 131 3801 133 132 3802 121 116 3803 133 132 3804 134 141 3805 122 117 3806 122 117 3807 134 141 3808 135 133 3809 123 118 3810 135 133 3811 136 134 3812 136 134 3813 137 135 3814 125 122 3815 137 135 3816 138 142 3817 126 123 3818 126 123 3819 138 142 3820 139 136 3821 139 136 3822 140 143 3823 128 126 3824 128 126 3825 140 143 3826 141 137 3827 141 137 3828 142 139 3829 130 138 3830 142 139 3831 143 144 3832 131 129 3833 131 129 3834 143 144 3835 144 131 3836 0 2 3837 1 1 3838 133 132 3839 1 1 3840 2 4 3841 134 141 3842 2 4 3843 3 6 3844 135 133 3845 3 6 3846 4 8 3847 136 134 3848 4 8 3849 5 10 3850 137 135 3851 5 10 3852 6 12 3853 138 142 3854 138 142 3855 6 12 3856 7 14 3857 139 136 3858 7 14 3859 8 16 3860 140 143 3861 8 16 3862 9 18 3863 141 137 3864 9 18 3865 10 19 3866 142 139 3867 10 19 3868 11 21 3869 143 144 3870 11 21 3871 0 2 3872 157 145 3873 158 148 3874 146 146 3875 158 148 3876 159 150 3877 147 149 3878 159 150 3879 160 171 3880 148 151 3881 148 151 3882 160 171 3883 161 152 3884 149 153 3885 161 152 3886 162 154 3887 150 155 3888 162 154 3889 163 156 3890 151 157 3891 163 156 3892 164 158 3893 152 159 3894 164 158 3895 165 160 3896 153 161 3897 165 160 3898 166 162 3899 166 162 3900 167 165 3901 155 164 3902 167 165 3903 168 167 3904 156 166 3905 145 147 3906 156 166 3907 168 167 3908 157 145 3909 169 180 3910 170 168 3911 158 148 3912 170 168 3913 171 169 3914 159 150 3915 171 169 3916 172 170 3917 160 171 3918 172 170 3919 173 172 3920 161 152 3921 173 172 3922 174 173 3923 162 154 3924 174 173 3925 175 174 3926 175 174 3927 176 175 3928 164 158 3929 176 175 3930 177 176 3931 165 160 3932 177 176 3933 178 177 3934 166 162 3935 178 177 3936 179 178 3937 167 165 3938 179 178 3939 180 179 3940 168 167 3941 180 179 3942 169 180 3943 157 145 3944 169 180 3945 181 189 3946 182 181 3947 182 181 3948 183 192 3949 171 169 3950 171 169 3951 183 192 3952 184 182 3953 184 182 3954 185 183 3955 173 172 3956 185 183 3957 186 196 3958 174 173 3959 174 173 3960 186 196 3961 187 184 3962 175 174 3963 187 184 3964 188 185 3965 188 185 3966 189 186 3967 177 176 3968 189 186 3969 190 200 3970 178 177 3971 178 177 3972 190 200 3973 191 187 3974 179 178 3975 191 187 3976 192 188 3977 180 179 3978 192 188 3979 181 189 3980 193 190 3981 194 191 3982 182 181 3983 194 191 3984 195 206 3985 183 192 3986 183 192 3987 195 206 3988 196 193 3989 184 182 3990 196 193 3991 197 194 3992 185 183 3993 197 194 3994 198 195 3995 186 196 3996 198 195 3997 199 197 3998 187 184 3999 199 197 4000 200 198 4001 188 185 4002 200 198 4003 201 199 4004 201 199 4005 202 201 4006 190 200 4007 202 201 4008 203 202 4009 191 187 4010 203 202 4011 204 203 4012 192 188 4013 204 203 4014 193 190 4015 181 189 4016 205 204 4017 206 205 4018 194 191 4019 206 205 4020 207 215 4021 195 206 4022 195 206 4023 207 215 4024 208 207 4025 208 207 4026 209 218 4027 197 194 4028 197 194 4029 209 218 4030 210 208 4031 210 208 4032 211 209 4033 199 197 4034 211 209 4035 212 222 4036 200 198 4037 200 198 4038 212 222 4039 213 210 4040 213 210 4041 214 225 4042 202 201 4043 202 201 4044 214 225 4045 215 211 4046 203 202 4047 215 211 4048 216 212 4049 204 203 4050 216 212 4051 205 204 4052 217 213 4053 218 214 4054 206 205 4055 218 214 4056 219 216 4057 207 215 4058 219 216 4059 220 217 4060 208 207 4061 220 217 4062 221 219 4063 209 218 4064 221 219 4065 222 220 4066 210 208 4067 222 220 4068 223 233 4069 211 209 4070 211 209 4071 223 233 4072 224 221 4073 212 222 4074 224 221 4075 225 223 4076 213 210 4077 225 223 4078 226 224 4079 214 225 4080 226 224 4081 227 226 4082 215 211 4083 227 226 4084 228 227 4085 216 212 4086 228 227 4087 217 213 4088 217 213 4089 229 239 4090 230 228 4091 218 214 4092 230 228 4093 231 229 4094 219 216 4095 231 229 4096 232 230 4097 232 230 4098 233 231 4099 221 219 4100 233 231 4101 234 232 4102 222 220 4103 234 232 4104 235 234 4105 223 233 4106 235 234 4107 236 235 4108 224 221 4109 236 235 4110 237 236 4111 225 223 4112 237 236 4113 238 248 4114 226 224 4115 226 224 4116 238 248 4117 239 237 4118 227 226 4119 239 237 4120 240 238 4121 228 227 4122 240 238 4123 229 239 4124 229 239 4125 241 252 4126 242 240 4127 230 228 4128 242 240 4129 243 241 4130 231 229 4131 243 241 4132 244 242 4133 232 230 4134 244 242 4135 245 243 4136 233 231 4137 245 243 4138 246 244 4139 234 232 4140 246 244 4141 247 245 4142 247 245 4143 248 246 4144 236 235 4145 248 246 4146 249 247 4147 237 236 4148 249 247 4149 250 249 4150 238 248 4151 250 249 4152 251 250 4153 239 237 4154 251 250 4155 252 251 4156 240 238 4157 252 251 4158 241 252 4159 229 239 4160 241 252 4161 253 260 4162 254 253 4163 242 240 4164 254 253 4165 255 254 4166 255 254 4167 256 255 4168 244 242 4169 256 255 4170 257 265 4171 245 243 4172 245 243 4173 257 265 4174 258 256 4175 258 256 4176 259 267 4177 247 245 4178 247 245 4179 259 267 4180 260 257 4181 260 257 4182 261 270 4183 249 247 4184 249 247 4185 261 270 4186 262 258 4187 250 249 4188 262 258 4189 263 259 4190 263 259 4191 264 274 4192 252 251 4193 252 251 4194 264 274 4195 253 260 4196 253 260 4197 265 275 4198 266 261 4199 254 253 4200 266 261 4201 267 262 4202 255 254 4203 267 262 4204 268 263 4205 256 255 4206 268 263 4207 269 264 4208 269 264 4209 270 266 4210 258 256 4211 270 266 4212 271 268 4213 259 267 4214 271 268 4215 272 269 4216 260 257 4217 272 269 4218 273 271 4219 261 270 4220 273 271 4221 274 272 4222 262 258 4223 274 272 4224 275 283 4225 263 259 4226 263 259 4227 275 283 4228 276 273 4229 264 274 4230 276 273 4231 265 275 4232 289 276 4233 278 277 4234 266 261 4235 278 277 4236 279 286 4237 267 262 4238 267 262 4239 279 286 4240 280 278 4241 280 278 4242 281 279 4243 269 264 4244 281 279 4245 282 287 4246 270 266 4247 270 266 4248 282 287 4249 283 280 4250 283 280 4251 284 288 4252 272 269 4253 272 269 4254 284 288 4255 285 281 4256 273 271 4257 285 281 4258 286 282 4259 286 282 4260 287 289 4261 275 283 4262 275 283 4263 287 289 4264 288 284 4265 288 284 4266 289 276 4267 265 275 4268 145 147 4269 146 146 4270 278 277 4271 146 146 4272 147 149 4273 279 286 4274 147 149 4275 148 151 4276 280 278 4277 148 151 4278 149 153 4279 281 279 4280 149 153 4281 150 155 4282 282 287 4283 150 155 4284 151 157 4285 283 280 4286 283 280 4287 151 157 4288 152 159 4289 284 288 4290 152 159 4291 153 161 4292 285 281 4293 153 161 4294 154 163 4295 286 282 4296 154 163 4297 155 164 4298 287 289 4299 155 164 4300 156 166 4301 288 284 4302 156 166 4303 145 147 4304 302 290 4305 303 293 4306 291 291 4307 303 293 4308 304 295 4309 292 294 4310 304 295 4311 305 316 4312 293 296 4313 293 296 4314 305 316 4315 306 297 4316 294 298 4317 306 297 4318 307 299 4319 295 300 4320 307 299 4321 308 301 4322 296 302 4323 308 301 4324 309 303 4325 297 304 4326 309 303 4327 310 305 4328 298 306 4329 310 305 4330 311 307 4331 311 307 4332 312 310 4333 300 309 4334 312 310 4335 313 312 4336 301 311 4337 290 292 4338 301 311 4339 313 312 4340 302 290 4341 314 326 4342 315 313 4343 303 293 4344 315 313 4345 316 314 4346 304 295 4347 316 314 4348 317 315 4349 305 316 4350 317 315 4351 318 317 4352 306 297 4353 318 317 4354 319 318 4355 307 299 4356 319 318 4357 320 319 4358 320 319 4359 321 320 4360 309 303 4361 321 320 4362 322 321 4363 310 305 4364 322 321 4365 323 322 4366 311 307 4367 323 322 4368 324 323 4369 312 310 4370 324 323 4371 325 324 4372 313 312 4373 325 324 4374 314 326 4375 302 290 4376 326 325 4377 327 336 4378 315 313 4379 315 313 4380 327 336 4381 328 327 4382 328 327 4383 329 328 4384 317 315 4385 329 328 4386 330 340 4387 318 317 4388 318 317 4389 330 340 4390 331 329 4391 319 318 4392 331 329 4393 332 330 4394 320 319 4395 332 330 4396 333 331 4397 333 331 4398 334 332 4399 322 321 4400 334 332 4401 335 333 4402 323 322 4403 335 333 4404 336 346 4405 324 323 4406 324 323 4407 336 346 4408 337 334 4409 337 334 4410 326 325 4411 314 326 4412 338 335 4413 339 337 4414 327 336 4415 339 337 4416 340 351 4417 328 327 4418 328 327 4419 340 351 4420 341 338 4421 329 328 4422 341 338 4423 342 339 4424 330 340 4425 342 339 4426 343 341 4427 331 329 4428 343 341 4429 344 342 4430 332 330 4431 344 342 4432 345 343 4433 333 331 4434 345 343 4435 346 344 4436 346 344 4437 347 345 4438 335 333 4439 347 345 4440 348 347 4441 336 346 4442 348 347 4443 349 348 4444 337 334 4445 349 348 4446 338 335 4447 326 325 4448 350 349 4449 351 350 4450 339 337 4451 351 350 4452 352 361 4453 340 351 4454 340 351 4455 352 361 4456 353 352 4457 353 352 4458 354 353 4459 342 339 4460 354 353 4461 355 365 4462 343 341 4463 343 341 4464 355 365 4465 356 354 4466 356 354 4467 357 355 4468 345 343 4469 357 355 4470 358 369 4471 346 344 4472 346 344 4473 358 369 4474 359 356 4475 347 345 4476 359 356 4477 360 357 4478 348 347 4479 360 357 4480 361 358 4481 349 348 4482 361 358 4483 350 349 4484 362 359 4485 363 360 4486 351 350 4487 363 360 4488 364 362 4489 352 361 4490 364 362 4491 365 363 4492 353 352 4493 365 363 4494 366 364 4495 354 353 4496 366 364 4497 367 366 4498 355 365 4499 367 366 4500 368 378 4501 356 354 4502 356 354 4503 368 378 4504 369 367 4505 357 355 4506 369 367 4507 370 368 4508 358 369 4509 370 368 4510 371 370 4511 359 356 4512 371 370 4513 372 371 4514 360 357 4515 372 371 4516 373 372 4517 361 358 4518 373 372 4519 362 359 4520 362 359 4521 374 384 4522 375 373 4523 363 360 4524 375 373 4525 376 374 4526 364 362 4527 376 374 4528 377 375 4529 377 375 4530 378 376 4531 366 364 4532 378 376 4533 379 377 4534 367 366 4535 379 377 4536 380 379 4537 368 378 4538 380 379 4539 381 380 4540 369 367 4541 381 380 4542 382 381 4543 370 368 4544 382 381 4545 383 393 4546 371 370 4547 371 370 4548 383 393 4549 384 382 4550 372 371 4551 384 382 4552 385 383 4553 373 372 4554 385 383 4555 374 384 4556 374 384 4557 386 397 4558 387 385 4559 375 373 4560 387 385 4561 388 386 4562 376 374 4563 388 386 4564 389 387 4565 377 375 4566 389 387 4567 390 388 4568 378 376 4569 390 388 4570 391 389 4571 379 377 4572 391 389 4573 392 390 4574 392 390 4575 393 391 4576 381 380 4577 393 391 4578 394 392 4579 382 381 4580 394 392 4581 395 394 4582 383 393 4583 395 394 4584 396 395 4585 384 382 4586 396 395 4587 397 396 4588 385 383 4589 397 396 4590 386 397 4591 374 384 4592 386 397 4593 398 407 4594 399 398 4595 399 398 4596 400 399 4597 388 386 4598 400 399 4599 401 400 4600 389 387 4601 401 400 4602 402 412 4603 390 388 4604 390 388 4605 402 412 4606 403 401 4607 391 389 4608 403 401 4609 404 402 4610 404 402 4611 405 403 4612 393 391 4613 405 403 4614 406 416 4615 394 392 4616 394 392 4617 406 416 4618 407 404 4619 395 394 4620 407 404 4621 408 405 4622 408 405 4623 409 406 4624 397 396 4625 409 406 4626 398 407 4627 386 397 4628 398 407 4629 410 420 4630 411 408 4631 399 398 4632 411 408 4633 412 409 4634 400 399 4635 412 409 4636 413 410 4637 401 400 4638 413 410 4639 414 411 4640 414 411 4641 415 413 4642 403 401 4643 415 413 4644 416 414 4645 404 402 4646 416 414 4647 417 415 4648 405 403 4649 417 415 4650 418 417 4651 406 416 4652 418 417 4653 419 418 4654 407 404 4655 419 418 4656 420 429 4657 408 405 4658 408 405 4659 420 429 4660 421 419 4661 409 406 4662 421 419 4663 410 420 4664 434 421 4665 423 422 4666 411 408 4667 423 422 4668 424 423 4669 412 409 4670 424 423 4671 425 432 4672 413 410 4673 413 410 4674 425 432 4675 426 424 4676 426 424 4677 427 425 4678 415 413 4679 427 425 4680 428 433 4681 416 414 4682 416 414 4683 428 433 4684 429 426 4685 417 415 4686 429 426 4687 430 427 4688 430 427 4689 431 434 4690 419 418 4691 419 418 4692 431 434 4693 432 428 4694 420 429 4695 432 428 4696 433 430 4697 433 430 4698 434 421 4699 410 420 4700 290 292 4701 291 291 4702 423 422 4703 291 291 4704 292 294 4705 424 423 4706 292 294 4707 293 296 4708 425 432 4709 293 296 4710 294 298 4711 426 424 4712 294 298 4713 295 300 4714 427 425 4715 295 300 4716 296 302 4717 428 433 4718 428 433 4719 296 302 4720 297 304 4721 429 426 4722 297 304 4723 298 306 4724 430 427 4725 298 306 4726 299 308 4727 431 434 4728 299 308 4729 300 309 4730 432 428 4731 300 309 4732 301 311 4733 433 430 4734 301 311 4735 290 292 4736 447 435 4737 448 438 4738 436 436 4739 448 438 4740 449 440 4741 437 439 4742 449 440 4743 450 461 4744 438 441 4745 438 441 4746 450 461 4747 451 442 4748 439 443 4749 451 442 4750 452 444 4751 440 445 4752 452 444 4753 453 446 4754 441 447 4755 453 446 4756 454 448 4757 442 449 4758 454 448 4759 455 450 4760 443 451 4761 455 450 4762 456 452 4763 456 452 4764 457 455 4765 445 454 4766 457 455 4767 458 457 4768 446 456 4769 435 437 4770 446 456 4771 458 457 4772 447 435 4773 459 470 4774 460 458 4775 448 438 4776 460 458 4777 461 459 4778 449 440 4779 461 459 4780 462 460 4781 450 461 4782 462 460 4783 463 462 4784 451 442 4785 463 462 4786 464 463 4787 452 444 4788 464 463 4789 465 464 4790 465 464 4791 466 465 4792 454 448 4793 466 465 4794 467 466 4795 455 450 4796 467 466 4797 468 467 4798 456 452 4799 468 467 4800 469 468 4801 457 455 4802 469 468 4803 470 469 4804 458 457 4805 470 469 4806 459 470 4807 447 435 4808 459 470 4809 471 480 4810 472 471 4811 472 471 4812 473 482 4813 461 459 4814 461 459 4815 473 482 4816 474 472 4817 474 472 4818 475 473 4819 463 462 4820 475 473 4821 476 474 4822 464 463 4823 476 474 4824 477 487 4825 465 464 4826 465 464 4827 477 487 4828 478 475 4829 478 475 4830 479 476 4831 467 466 4832 479 476 4833 480 490 4834 468 467 4835 468 467 4836 480 490 4837 481 477 4838 481 477 4839 482 478 4840 470 469 4841 482 478 4842 471 480 4843 459 470 4844 483 479 4845 484 481 4846 472 471 4847 484 481 4848 485 496 4849 473 482 4850 473 482 4851 485 496 4852 486 483 4853 474 472 4854 486 483 4855 487 484 4856 475 473 4857 487 484 4858 488 485 4859 476 474 4860 488 485 4861 489 486 4862 477 487 4863 489 486 4864 490 488 4865 478 475 4866 490 488 4867 491 489 4868 491 489 4869 492 491 4870 480 490 4871 492 491 4872 493 492 4873 481 477 4874 493 492 4875 494 493 4876 482 478 4877 494 493 4878 483 479 4879 471 480 4880 495 494 4881 496 495 4882 484 481 4883 496 495 4884 497 505 4885 485 496 4886 485 496 4887 497 505 4888 498 497 4889 486 483 4890 498 497 4891 499 498 4892 499 498 4893 500 509 4894 488 485 4895 488 485 4896 500 509 4897 501 499 4898 501 499 4899 502 512 4900 490 488 4901 490 488 4902 502 512 4903 503 500 4904 491 489 4905 503 500 4906 504 501 4907 504 501 4908 505 502 4909 493 492 4910 505 502 4911 506 517 4912 494 493 4913 494 493 4914 506 517 4915 495 494 4916 507 503 4917 508 504 4918 496 495 4919 508 504 4920 509 506 4921 497 505 4922 509 506 4923 510 507 4924 498 497 4925 510 507 4926 511 508 4927 499 498 4928 511 508 4929 512 510 4930 500 509 4931 512 510 4932 513 523 4933 501 499 4934 501 499 4935 513 523 4936 514 511 4937 502 512 4938 514 511 4939 515 513 4940 503 500 4941 515 513 4942 516 514 4943 504 501 4944 516 514 4945 517 515 4946 505 502 4947 517 515 4948 518 516 4949 506 517 4950 518 516 4951 507 503 4952 507 503 4953 519 529 4954 520 518 4955 508 504 4956 520 518 4957 521 519 4958 509 506 4959 521 519 4960 522 520 4961 522 520 4962 523 521 4963 511 508 4964 523 521 4965 524 522 4966 512 510 4967 524 522 4968 525 524 4969 513 523 4970 525 524 4971 526 525 4972 514 511 4973 526 525 4974 527 526 4975 515 513 4976 527 526 4977 528 538 4978 516 514 4979 516 514 4980 528 538 4981 529 527 4982 517 515 4983 529 527 4984 530 528 4985 518 516 4986 530 528 4987 519 529 4988 519 529 4989 531 542 4990 532 530 4991 520 518 4992 532 530 4993 533 531 4994 521 519 4995 533 531 4996 534 532 4997 522 520 4998 534 532 4999 535 533 5000 523 521 5001 535 533 5002 536 534 5003 524 522 5004 536 534 5005 537 535 5006 537 535 5007 538 536 5008 526 525 5009 538 536 5010 539 537 5011 527 526 5012 539 537 5013 540 539 5014 528 538 5015 540 539 5016 541 540 5017 529 527 5018 541 540 5019 542 541 5020 530 528 5021 542 541 5022 531 542 5023 519 529 5024 531 542 5025 543 552 5026 544 543 5027 532 530 5028 544 543 5029 545 544 5030 545 544 5031 546 545 5032 534 532 5033 546 545 5034 547 557 5035 535 533 5036 535 533 5037 547 557 5038 548 546 5039 536 534 5040 548 546 5041 549 547 5042 549 547 5043 550 548 5044 538 536 5045 550 548 5046 551 549 5047 539 537 5048 551 549 5049 552 562 5050 540 539 5051 540 539 5052 552 562 5053 553 550 5054 553 550 5055 554 551 5056 542 541 5057 554 551 5058 543 552 5059 531 542 5060 543 552 5061 555 565 5062 556 553 5063 544 543 5064 556 553 5065 557 554 5066 545 544 5067 557 554 5068 558 555 5069 546 545 5070 558 555 5071 559 556 5072 559 556 5073 560 558 5074 548 546 5075 560 558 5076 561 559 5077 549 547 5078 561 559 5079 562 560 5080 550 548 5081 562 560 5082 563 561 5083 551 549 5084 563 561 5085 564 563 5086 552 562 5087 564 563 5088 565 573 5089 553 550 5090 553 550 5091 565 573 5092 566 564 5093 554 551 5094 566 564 5095 555 565 5096 579 566 5097 568 575 5098 556 553 5099 556 553 5100 568 575 5101 569 567 5102 557 554 5103 569 567 5104 570 568 5105 558 555 5106 570 568 5107 571 569 5108 571 569 5109 572 570 5110 560 558 5111 572 570 5112 573 577 5113 561 559 5114 561 559 5115 573 577 5116 574 571 5117 574 571 5118 575 578 5119 563 561 5120 563 561 5121 575 578 5122 576 572 5123 576 572 5124 577 579 5125 565 573 5126 565 573 5127 577 579 5128 578 574 5129 578 574 5130 579 566 5131 555 565 5132 435 437 5133 436 436 5134 568 575 5135 436 436 5136 437 439 5137 569 567 5138 437 439 5139 438 441 5140 570 568 5141 438 441 5142 439 443 5143 571 569 5144 439 443 5145 440 445 5146 572 570 5147 440 445 5148 441 447 5149 573 577 5150 573 577 5151 441 447 5152 442 449 5153 574 571 5154 442 449 5155 443 451 5156 575 578 5157 443 451 5158 444 453 5159 576 572 5160 444 453 5161 445 454 5162 577 579 5163 445 454 5164 446 456 5165 578 574 5166 446 456 5167 435 437 5168 592 580 5169 593 583 5170 581 581 5171 593 583 5172 594 585 5173 582 584 5174 594 585 5175 595 606 5176 583 586 5177 583 586 5178 595 606 5179 596 587 5180 584 588 5181 596 587 5182 597 589 5183 585 590 5184 597 589 5185 598 591 5186 586 592 5187 598 591 5188 599 593 5189 587 594 5190 599 593 5191 600 595 5192 588 596 5193 600 595 5194 601 597 5195 601 597 5196 602 600 5197 590 599 5198 602 600 5199 603 602 5200 591 601 5201 580 582 5202 591 601 5203 603 602 5204 592 580 5205 604 616 5206 605 603 5207 593 583 5208 605 603 5209 606 604 5210 594 585 5211 606 604 5212 607 605 5213 595 606 5214 607 605 5215 608 607 5216 596 587 5217 608 607 5218 609 608 5219 597 589 5220 609 608 5221 610 609 5222 610 609 5223 611 610 5224 599 593 5225 611 610 5226 612 611 5227 600 595 5228 612 611 5229 613 612 5230 601 597 5231 613 612 5232 614 613 5233 602 600 5234 614 613 5235 615 614 5236 603 602 5237 615 614 5238 604 616 5239 592 580 5240 616 615 5241 617 624 5242 605 603 5243 605 603 5244 617 624 5245 618 617 5246 618 617 5247 619 618 5248 607 605 5249 619 618 5250 620 619 5251 608 607 5252 620 619 5253 621 629 5254 609 608 5255 609 608 5256 621 629 5257 622 620 5258 622 620 5259 623 632 5260 611 610 5261 611 610 5262 623 632 5263 624 621 5264 624 621 5265 625 634 5266 613 612 5267 613 612 5268 625 634 5269 626 622 5270 626 622 5271 627 637 5272 615 614 5273 615 614 5274 627 637 5275 616 615 5276 628 623 5277 629 625 5278 617 624 5279 629 625 5280 630 641 5281 618 617 5282 618 617 5283 630 641 5284 631 626 5285 619 618 5286 631 626 5287 632 627 5288 620 619 5289 632 627 5290 633 628 5291 621 629 5292 633 628 5293 634 630 5294 622 620 5295 634 630 5296 635 631 5297 623 632 5298 635 631 5299 636 633 5300 636 633 5301 637 635 5302 625 634 5303 637 635 5304 638 636 5305 626 622 5306 638 636 5307 639 638 5308 627 637 5309 639 638 5310 628 623 5311 616 615 5312 640 639 5313 641 649 5314 629 625 5315 629 625 5316 641 649 5317 642 640 5318 630 641 5319 642 640 5320 643 642 5321 631 626 5322 643 642 5323 644 643 5324 644 643 5325 645 654 5326 633 628 5327 633 628 5328 645 654 5329 646 644 5330 646 644 5331 647 645 5332 635 631 5333 647 645 5334 648 658 5335 636 633 5336 636 633 5337 648 658 5338 649 646 5339 637 635 5340 649 646 5341 650 647 5342 650 647 5343 651 662 5344 639 638 5345 639 638 5346 651 662 5347 640 639 5348 652 648 5349 653 650 5350 641 649 5351 653 650 5352 654 651 5353 642 640 5354 654 651 5355 655 652 5356 643 642 5357 655 652 5358 656 653 5359 644 643 5360 656 653 5361 657 655 5362 645 654 5363 657 655 5364 658 668 5365 646 644 5366 646 644 5367 658 668 5368 659 656 5369 647 645 5370 659 656 5371 660 657 5372 648 658 5373 660 657 5374 661 659 5375 649 646 5376 661 659 5377 662 660 5378 650 647 5379 662 660 5380 663 661 5381 651 662 5382 663 661 5383 652 648 5384 652 648 5385 664 674 5386 665 663 5387 653 650 5388 665 663 5389 666 664 5390 654 651 5391 666 664 5392 667 665 5393 667 665 5394 668 666 5395 656 653 5396 668 666 5397 669 667 5398 657 655 5399 669 667 5400 670 669 5401 658 668 5402 670 669 5403 671 670 5404 659 656 5405 671 670 5406 672 671 5407 660 657 5408 672 671 5409 673 683 5410 661 659 5411 661 659 5412 673 683 5413 674 672 5414 662 660 5415 674 672 5416 675 673 5417 663 661 5418 675 673 5419 664 674 5420 664 674 5421 676 687 5422 677 675 5423 665 663 5424 677 675 5425 678 676 5426 666 664 5427 678 676 5428 679 677 5429 667 665 5430 679 677 5431 680 678 5432 668 666 5433 680 678 5434 681 679 5435 669 667 5436 681 679 5437 682 680 5438 682 680 5439 683 681 5440 671 670 5441 683 681 5442 684 682 5443 672 671 5444 684 682 5445 685 684 5446 673 683 5447 685 684 5448 686 685 5449 674 672 5450 686 685 5451 687 686 5452 675 673 5453 687 686 5454 676 687 5455 664 674 5456 676 687 5457 688 695 5458 689 688 5459 689 688 5460 690 698 5461 678 676 5462 678 676 5463 690 698 5464 691 689 5465 691 689 5466 692 701 5467 680 678 5468 680 678 5469 692 701 5470 693 690 5471 681 679 5472 693 690 5473 694 691 5474 694 691 5475 695 704 5476 683 681 5477 683 681 5478 695 704 5479 696 692 5480 684 682 5481 696 692 5482 697 693 5483 685 684 5484 697 693 5485 698 694 5486 698 694 5487 699 709 5488 687 686 5489 687 686 5490 699 709 5491 688 695 5492 688 695 5493 700 710 5494 701 696 5495 689 688 5496 701 696 5497 702 697 5498 690 698 5499 702 697 5500 703 699 5501 691 689 5502 703 699 5503 704 700 5504 704 700 5505 705 702 5506 693 690 5507 705 702 5508 706 703 5509 694 691 5510 706 703 5511 707 705 5512 695 704 5513 707 705 5514 708 706 5515 696 692 5516 708 706 5517 709 707 5518 697 693 5519 709 707 5520 710 719 5521 698 694 5522 698 694 5523 710 719 5524 711 708 5525 699 709 5526 711 708 5527 700 710 5528 724 711 5529 713 721 5530 701 696 5531 701 696 5532 713 721 5533 714 712 5534 714 712 5535 715 723 5536 703 699 5537 703 699 5538 715 723 5539 716 713 5540 704 700 5541 716 713 5542 717 714 5543 705 702 5544 717 714 5545 718 715 5546 718 715 5547 719 724 5548 707 705 5549 707 705 5550 719 724 5551 720 716 5552 708 706 5553 720 716 5554 721 717 5555 709 707 5556 721 717 5557 722 718 5558 710 719 5559 722 718 5560 723 720 5561 723 720 5562 724 711 5563 700 710 5564 580 582 5565 581 581 5566 713 721 5567 581 581 5568 582 584 5569 714 712 5570 582 584 5571 583 586 5572 715 723 5573 583 586 5574 584 588 5575 716 713 5576 584 588 5577 585 590 5578 717 714 5579 585 590 5580 586 592 5581 718 715 5582 718 715 5583 586 592 5584 587 594 5585 719 724 5586 587 594 5587 588 596 5588 720 716 5589 588 596 5590 589 598 5591 721 717 5592 589 598 5593 590 599 5594 722 718 5595 590 599 5596 591 601 5597 723 720 5598 591 601 5599 580 582 5600 737 725 5601 738 728 5602 726 726 5603 738 728 5604 739 730 5605 727 729 5606 739 730 5607 740 751 5608 728 731 5609 728 731 5610 740 751 5611 741 732 5612 729 733 5613 741 732 5614 742 734 5615 730 735 5616 742 734 5617 743 736 5618 731 737 5619 743 736 5620 744 738 5621 732 739 5622 744 738 5623 745 740 5624 733 741 5625 745 740 5626 746 742 5627 746 742 5628 747 745 5629 735 744 5630 747 745 5631 748 747 5632 736 746 5633 725 727 5634 736 746 5635 748 747 5636 737 725 5637 749 761 5638 750 748 5639 738 728 5640 750 748 5641 751 749 5642 739 730 5643 751 749 5644 752 750 5645 740 751 5646 752 750 5647 753 752 5648 741 732 5649 753 752 5650 754 753 5651 742 734 5652 754 753 5653 755 754 5654 755 754 5655 756 755 5656 744 738 5657 756 755 5658 757 756 5659 745 740 5660 757 756 5661 758 757 5662 746 742 5663 758 757 5664 759 758 5665 747 745 5666 759 758 5667 760 759 5668 748 747 5669 760 759 5670 749 761 5671 737 725 5672 761 760 5673 762 769 5674 750 748 5675 750 748 5676 762 769 5677 763 762 5678 763 762 5679 764 763 5680 752 750 5681 764 763 5682 765 764 5683 753 752 5684 765 764 5685 766 774 5686 754 753 5687 754 753 5688 766 774 5689 767 765 5690 767 765 5691 768 777 5692 756 755 5693 756 755 5694 768 777 5695 769 766 5696 769 766 5697 770 779 5698 758 757 5699 758 757 5700 770 779 5701 771 767 5702 771 767 5703 772 782 5704 760 759 5705 760 759 5706 772 782 5707 761 760 5708 773 768 5709 774 770 5710 762 769 5711 774 770 5712 775 786 5713 763 762 5714 763 762 5715 775 786 5716 776 771 5717 764 763 5718 776 771 5719 777 772 5720 765 764 5721 777 772 5722 778 773 5723 766 774 5724 778 773 5725 779 775 5726 767 765 5727 779 775 5728 780 776 5729 768 777 5730 780 776 5731 781 778 5732 781 778 5733 782 780 5734 770 779 5735 782 780 5736 783 781 5737 771 767 5738 783 781 5739 784 783 5740 772 782 5741 784 783 5742 773 768 5743 761 760 5744 785 784 5745 786 785 5746 774 770 5747 786 785 5748 787 795 5749 775 786 5750 775 786 5751 787 795 5752 788 787 5753 788 787 5754 789 788 5755 777 772 5756 789 788 5757 790 789 5758 778 773 5759 790 789 5760 791 800 5761 779 775 5762 779 775 5763 791 800 5764 792 790 5765 792 790 5766 793 803 5767 781 778 5768 781 778 5769 793 803 5770 794 791 5771 782 780 5772 794 791 5773 795 792 5774 795 792 5775 796 807 5776 784 783 5777 784 783 5778 796 807 5779 785 784 5780 797 793 5781 798 794 5782 786 785 5783 798 794 5784 799 796 5785 787 795 5786 799 796 5787 800 797 5788 788 787 5789 800 797 5790 801 798 5791 789 788 5792 801 798 5793 802 799 5794 790 789 5795 802 799 5796 803 813 5797 791 800 5798 791 800 5799 803 813 5800 804 801 5801 792 790 5802 804 801 5803 805 802 5804 793 803 5805 805 802 5806 806 804 5807 794 791 5808 806 804 5809 807 805 5810 795 792 5811 807 805 5812 808 806 5813 796 807 5814 808 806 5815 797 793 5816 797 793 5817 809 819 5818 810 808 5819 798 794 5820 810 808 5821 811 809 5822 799 796 5823 811 809 5824 812 810 5825 812 810 5826 813 811 5827 801 798 5828 813 811 5829 814 812 5830 802 799 5831 814 812 5832 815 814 5833 803 813 5834 815 814 5835 816 815 5836 804 801 5837 816 815 5838 817 816 5839 805 802 5840 817 816 5841 818 828 5842 806 804 5843 806 804 5844 818 828 5845 819 817 5846 807 805 5847 819 817 5848 820 818 5849 808 806 5850 820 818 5851 809 819 5852 809 819 5853 821 833 5854 822 820 5855 810 808 5856 822 820 5857 823 821 5858 811 809 5859 823 821 5860 824 822 5861 812 810 5862 824 822 5863 825 823 5864 813 811 5865 825 823 5866 826 824 5867 814 812 5868 826 824 5869 827 825 5870 827 825 5871 828 826 5872 816 815 5873 828 826 5874 829 827 5875 817 816 5876 829 827 5877 830 829 5878 818 828 5879 830 829 5880 831 830 5881 819 817 5882 831 830 5883 832 831 5884 820 818 5885 832 831 5886 821 833 5887 809 819 5888 833 832 5889 834 841 5890 822 820 5891 822 820 5892 834 841 5893 835 834 5894 823 821 5895 835 834 5896 836 835 5897 836 835 5898 837 845 5899 825 823 5900 825 823 5901 837 845 5902 838 836 5903 838 836 5904 839 847 5905 827 825 5906 827 825 5907 839 847 5908 840 837 5909 840 837 5910 841 850 5911 829 827 5912 829 827 5913 841 850 5914 842 838 5915 830 829 5916 842 838 5917 843 839 5918 843 839 5919 844 854 5920 832 831 5921 832 831 5922 844 854 5923 833 832 5924 833 832 5925 845 855 5926 846 840 5927 834 841 5928 846 840 5929 847 842 5930 835 834 5931 847 842 5932 848 843 5933 836 835 5934 848 843 5935 849 844 5936 849 844 5937 850 846 5938 838 836 5939 850 846 5940 851 848 5941 839 847 5942 851 848 5943 852 849 5944 840 837 5945 852 849 5946 853 851 5947 841 850 5948 853 851 5949 854 852 5950 842 838 5951 854 852 5952 855 863 5953 843 839 5954 843 839 5955 855 863 5956 856 853 5957 844 854 5958 856 853 5959 845 855 5960 869 856 5961 858 857 5962 846 840 5963 858 857 5964 859 858 5965 847 842 5966 859 858 5967 860 866 5968 848 843 5969 848 843 5970 860 866 5971 861 859 5972 861 859 5973 862 867 5974 850 846 5975 850 846 5976 862 867 5977 863 860 5978 863 860 5979 864 868 5980 852 849 5981 852 849 5982 864 868 5983 865 861 5984 853 851 5985 865 861 5986 866 862 5987 866 862 5988 867 869 5989 855 863 5990 855 863 5991 867 869 5992 868 864 5993 868 864 5994 869 856 5995 845 855 5996 725 727 5997 726 726 5998 858 857 5999 726 726 6000 727 729 6001 859 858 6002 727 729 6003 728 731 6004 860 866 6005 728 731 6006 729 733 6007 861 859 6008 729 733 6009 730 735 6010 862 867 6011 730 735 6012 731 737 6013 863 860 6014 863 860 6015 731 737 6016 732 739 6017 864 868 6018 732 739 6019 733 741 6020 865 861 6021 733 741 6022 734 743 6023 866 862 6024 734 743 6025 735 744 6026 867 869 6027 735 744 6028 736 746 6029 868 864 6030 736 746 6031 725 727 6032 882 870 6033 883 873 6034 871 871 6035 883 873 6036 884 875 6037 872 874 6038 884 875 6039 885 896 6040 873 876 6041 873 876 6042 885 896 6043 886 877 6044 874 878 6045 886 877 6046 887 879 6047 875 880 6048 887 879 6049 888 881 6050 876 882 6051 888 881 6052 889 883 6053 877 884 6054 889 883 6055 890 885 6056 878 886 6057 890 885 6058 891 887 6059 891 887 6060 892 890 6061 880 889 6062 892 890 6063 893 892 6064 881 891 6065 870 872 6066 881 891 6067 893 892 6068 882 870 6069 894 905 6070 895 893 6071 883 873 6072 895 893 6073 896 894 6074 884 875 6075 896 894 6076 897 895 6077 885 896 6078 897 895 6079 898 897 6080 886 877 6081 898 897 6082 899 898 6083 887 879 6084 899 898 6085 900 899 6086 900 899 6087 901 900 6088 889 883 6089 901 900 6090 902 901 6091 890 885 6092 902 901 6093 903 902 6094 891 887 6095 903 902 6096 904 903 6097 892 890 6098 904 903 6099 905 904 6100 893 892 6101 905 904 6102 894 905 6103 882 870 6104 894 905 6105 906 916 6106 907 906 6107 895 893 6108 907 906 6109 908 907 6110 908 907 6111 909 908 6112 897 895 6113 909 908 6114 910 909 6115 898 897 6116 910 909 6117 911 921 6118 899 898 6119 899 898 6120 911 921 6121 912 910 6122 912 910 6123 913 911 6124 901 900 6125 913 911 6126 914 925 6127 902 901 6128 902 901 6129 914 925 6130 915 912 6131 903 902 6132 915 912 6133 916 913 6134 916 913 6135 917 914 6136 905 904 6137 917 914 6138 906 916 6139 894 905 6140 918 915 6141 919 917 6142 907 906 6143 919 917 6144 920 931 6145 908 907 6146 908 907 6147 920 931 6148 921 918 6149 909 908 6150 921 918 6151 922 919 6152 910 909 6153 922 919 6154 923 920 6155 911 921 6156 923 920 6157 924 922 6158 912 910 6159 924 922 6160 925 923 6161 913 911 6162 925 923 6163 926 924 6164 926 924 6165 927 926 6166 915 912 6167 927 926 6168 928 927 6169 916 913 6170 928 927 6171 929 928 6172 917 914 6173 929 928 6174 918 915 6175 906 916 6176 930 929 6177 931 938 6178 919 917 6179 919 917 6180 931 938 6181 932 930 6182 932 930 6183 933 941 6184 921 918 6185 921 918 6186 933 941 6187 934 932 6188 922 919 6189 934 932 6190 935 933 6191 935 933 6192 936 945 6193 924 922 6194 924 922 6195 936 945 6196 937 934 6197 925 923 6198 937 934 6199 938 935 6200 938 935 6201 939 949 6202 927 926 6203 927 926 6204 939 949 6205 940 936 6206 940 936 6207 941 952 6208 929 928 6209 929 928 6210 941 952 6211 930 929 6212 942 937 6213 943 939 6214 931 938 6215 943 939 6216 944 940 6217 932 930 6218 944 940 6219 945 942 6220 933 941 6221 945 942 6222 946 943 6223 934 932 6224 946 943 6225 947 944 6226 935 933 6227 947 944 6228 948 958 6229 936 945 6230 936 945 6231 948 958 6232 949 946 6233 937 934 6234 949 946 6235 950 947 6236 938 935 6237 950 947 6238 951 948 6239 939 949 6240 951 948 6241 952 950 6242 940 936 6243 952 950 6244 953 951 6245 941 952 6246 953 951 6247 942 937 6248 942 937 6249 954 964 6250 955 953 6251 943 939 6252 955 953 6253 956 954 6254 944 940 6255 956 954 6256 957 955 6257 957 955 6258 958 956 6259 946 943 6260 958 956 6261 959 957 6262 947 944 6263 959 957 6264 960 959 6265 948 958 6266 960 959 6267 961 960 6268 949 946 6269 961 960 6270 962 961 6271 950 947 6272 962 961 6273 963 973 6274 951 948 6275 951 948 6276 963 973 6277 964 962 6278 952 950 6279 964 962 6280 965 963 6281 953 951 6282 965 963 6283 954 964 6284 954 964 6285 966 977 6286 967 965 6287 955 953 6288 967 965 6289 968 966 6290 956 954 6291 968 966 6292 969 967 6293 957 955 6294 969 967 6295 970 968 6296 958 956 6297 970 968 6298 971 969 6299 959 957 6300 971 969 6301 972 970 6302 972 970 6303 973 971 6304 961 960 6305 973 971 6306 974 972 6307 962 961 6308 974 972 6309 975 974 6310 963 973 6311 975 974 6312 976 975 6313 964 962 6314 976 975 6315 977 976 6316 965 963 6317 977 976 6318 966 977 6319 954 964 6320 966 977 6321 978 987 6322 979 978 6323 979 978 6324 980 979 6325 968 966 6326 980 979 6327 981 991 6328 969 967 6329 969 967 6330 981 991 6331 982 980 6332 970 968 6333 982 980 6334 983 981 6335 971 969 6336 983 981 6337 984 982 6338 972 970 6339 984 982 6340 985 983 6341 985 983 6342 986 984 6343 974 972 6344 986 984 6345 987 997 6346 975 974 6347 975 974 6348 987 997 6349 988 985 6350 988 985 6351 989 986 6352 977 976 6353 989 986 6354 978 987 6355 966 977 6356 978 987 6357 990 1000 6358 991 988 6359 979 978 6360 991 988 6361 992 989 6362 980 979 6363 992 989 6364 993 990 6365 981 991 6366 993 990 6367 994 992 6368 994 992 6369 995 993 6370 983 981 6371 995 993 6372 996 994 6373 984 982 6374 996 994 6375 997 995 6376 985 983 6377 997 995 6378 998 996 6379 986 984 6380 998 996 6381 999 998 6382 987 997 6383 999 998 6384 1000 1009 6385 988 985 6386 988 985 6387 1000 1009 6388 1001 999 6389 989 986 6390 1001 999 6391 990 1000 6392 1014 1001 6393 1003 1011 6394 991 988 6395 991 988 6396 1003 1011 6397 1004 1002 6398 992 989 6399 1004 1002 6400 1005 1003 6401 1005 1003 6402 1006 1004 6403 994 992 6404 1006 1004 6405 1007 1013 6406 995 993 6407 995 993 6408 1007 1013 6409 1008 1005 6410 1008 1005 6411 1009 1014 6412 997 995 6413 997 995 6414 1009 1014 6415 1010 1006 6416 998 996 6417 1010 1006 6418 1011 1007 6419 999 998 6420 1011 1007 6421 1012 1008 6422 1012 1008 6423 1013 1010 6424 1001 999 6425 1013 1010 6426 1014 1001 6427 990 1000 6428 870 872 6429 871 871 6430 1003 1011 6431 871 871 6432 872 874 6433 1004 1002 6434 872 874 6435 873 876 6436 1005 1003 6437 873 876 6438 874 878 6439 1006 1004 6440 874 878 6441 875 880 6442 1007 1013 6443 875 880 6444 876 882 6445 1008 1005 6446 1008 1005 6447 876 882 6448 877 884 6449 1009 1014 6450 877 884 6451 878 886 6452 1010 1006 6453 878 886 6454 879 888 6455 1011 1007 6456 879 888 6457 880 889 6458 1012 1008 6459 880 889 6460 881 891 6461 1013 1010 6462 881 891 6463 870 872 6464 1027 1015 6465 1028 1018 6466 1016 1016 6467 1028 1018 6468 1029 1040 6469 1017 1019 6470 1017 1019 6471 1029 1040 6472 1030 1020 6473 1018 1021 6474 1030 1020 6475 1031 1022 6476 1019 1023 6477 1031 1022 6478 1032 1024 6479 1020 1025 6480 1032 1024 6481 1033 1026 6482 1021 1027 6483 1033 1026 6484 1034 1028 6485 1022 1029 6486 1034 1028 6487 1035 1030 6488 1035 1030 6489 1036 1033 6490 1024 1032 6491 1036 1033 6492 1037 1035 6493 1025 1034 6494 1037 1035 6495 1038 1037 6496 1026 1036 6497 1038 1037 6498 1027 1015 6499 1015 1017 6500 1039 1038 6501 1040 1049 6502 1028 1018 6503 1028 1018 6504 1040 1049 6505 1041 1039 6506 1029 1040 6507 1041 1039 6508 1042 1041 6509 1030 1020 6510 1042 1041 6511 1043 1042 6512 1031 1022 6513 1043 1042 6514 1044 1043 6515 1044 1043 6516 1045 1044 6517 1033 1026 6518 1045 1044 6519 1046 1054 6520 1034 1028 6521 1034 1028 6522 1046 1054 6523 1047 1045 6524 1047 1045 6525 1048 1046 6526 1036 1033 6527 1048 1046 6528 1049 1057 6529 1037 1035 6530 1037 1035 6531 1049 1057 6532 1050 1047 6533 1038 1037 6534 1050 1047 6535 1039 1038 6536 1039 1038 6537 1051 1059 6538 1052 1048 6539 1052 1048 6540 1053 1061 6541 1041 1039 6542 1041 1039 6543 1053 1061 6544 1054 1050 6545 1042 1041 6546 1054 1050 6547 1055 1051 6548 1055 1051 6549 1056 1052 6550 1044 1043 6551 1056 1052 6552 1057 1053 6553 1045 1044 6554 1057 1053 6555 1058 1066 6556 1046 1054 6557 1046 1054 6558 1058 1066 6559 1059 1055 6560 1047 1045 6561 1059 1055 6562 1060 1056 6563 1060 1056 6564 1061 1069 6565 1049 1057 6566 1049 1057 6567 1061 1069 6568 1062 1058 6569 1062 1058 6570 1051 1059 6571 1039 1038 6572 1051 1059 6573 1063 1071 6574 1064 1060 6575 1064 1060 6576 1065 1073 6577 1053 1061 6578 1053 1061 6579 1065 1073 6580 1066 1062 6581 1054 1050 6582 1066 1062 6583 1067 1063 6584 1067 1063 6585 1068 1077 6586 1056 1052 6587 1056 1052 6588 1068 1077 6589 1069 1064 6590 1057 1053 6591 1069 1064 6592 1070 1065 6593 1070 1065 6594 1071 1067 6595 1059 1055 6596 1071 1067 6597 1072 1068 6598 1060 1056 6599 1072 1068 6600 1073 1082 6601 1061 1069 6602 1061 1069 6603 1073 1082 6604 1074 1070 6605 1074 1070 6606 1063 1071 6607 1051 1059 6608 1063 1071 6609 1075 1084 6610 1076 1072 6611 1076 1072 6612 1077 1074 6613 1065 1073 6614 1077 1074 6615 1078 1075 6616 1066 1062 6617 1078 1075 6618 1079 1088 6619 1067 1063 6620 1067 1063 6621 1079 1088 6622 1080 1076 6623 1068 1077 6624 1080 1076 6625 1081 1078 6626 1081 1078 6627 1082 1079 6628 1070 1065 6629 1082 1079 6630 1083 1080 6631 1071 1067 6632 1083 1080 6633 1084 1094 6634 1072 1068 6635 1072 1068 6636 1084 1094 6637 1085 1081 6638 1073 1082 6639 1085 1081 6640 1086 1083 6641 1086 1083 6642 1075 1084 6643 1063 1071 6644 1075 1084 6645 1087 1097 6646 1088 1085 6647 1076 1072 6648 1088 1085 6649 1089 1086 6650 1089 1086 6651 1090 1087 6652 1078 1075 6653 1090 1087 6654 1091 1089 6655 1079 1088 6656 1091 1089 6657 1092 1090 6658 1080 1076 6659 1092 1090 6660 1093 1091 6661 1081 1078 6662 1093 1091 6663 1094 1092 6664 1082 1079 6665 1094 1092 6666 1095 1098 6667 1083 1080 6668 1083 1080 6669 1095 1098 6670 1096 1093 6671 1084 1094 6672 1096 1093 6673 1097 1095 6674 1085 1081 6675 1097 1095 6676 1098 1096 6677 1086 1083 6678 1098 1096 6679 1087 1097 6680 1018 1021 6681 1019 1023 6682 1020 1025 6683 1020 1025 6684 1021 1027 6685 1018 1021 6686 1022 1029 6687 1023 1031 6688 1024 1032 6689 1024 1032 6690 1025 1034 6691 1022 1029 6692 1026 1036 6693 1015 1017 6694 1016 1016 6695 1016 1016 6696 1017 1019 6697 1018 1021 6698 1018 1021 6699 1021 1027 6700 1022 1029 6701 1022 1029 6702 1025 1034 6703 1026 1036 6704 1026 1036 6705 1016 1016 6706 1018 1021 6707 1087 1097 6708 1098 1096 6709 1095 1098 6710 1097 1095 6711 1096 1093 6712 1095 1098 6713 1095 1098 6714 1094 1092 6715 1093 1091 6716 1093 1091 6717 1092 1090 6718 1095 1098 6719 1091 1089 6720 1090 1087 6721 1089 1086 6722 1089 1086 6723 1088 1085 6724 1087 1097 6725 1098 1096 6726 1097 1095 6727 1095 1098 6728 1095 1098 6729 1092 1090 6730 1091 1089 6731 1091 1089 6732 1089 1086 6733 1095 1098 6734 1099 1099 6735 1132 1146 6736 1163 1132 6737 1163 1132 6738 1132 1146 6739 1133 1145 6740 1133 1145 6741 1134 1152 6742 1163 1132 6743 1135 1155 6744 1136 1161 6745 1163 1132 6746 1137 1139 6747 1138 1138 6748 1139 1143 6749 1139 1143 6750 1140 1149 6751 1141 1153 6752 1141 1153 6753 1142 1157 6754 1143 1136 6755 1143 1136 6756 1144 1135 6757 1145 1141 6758 1145 1141 6759 1146 1148 6760 1147 1156 6761 1147 1156 6762 1148 1162 6763 1149 1163 6764 1149 1163 6765 1150 1140 6766 1151 1144 6767 1151 1144 6768 1152 1150 6769 1153 1133 6770 1153 1133 6771 1154 1158 6772 1155 1134 6773 1155 1134 6774 1156 1137 6775 1157 1142 6776 1157 1142 6777 1158 1147 6778 1163 1132 6779 1159 1151 6780 1160 1154 6781 1163 1132 6782 1161 1160 6783 1162 1159 6784 1163 1132 6785 1163 1132 6786 1134 1152 6787 1135 1155 6788 1136 1161 6789 1137 1139 6790 1163 1132 6791 1139 1143 6792 1141 1153 6793 1163 1132 6794 1143 1136 6795 1145 1141 6796 1163 1132 6797 1147 1156 6798 1149 1163 6799 1163 1132 6800 1151 1144 6801 1153 1133 6802 1163 1132 6803 1155 1134 6804 1157 1142 6805 1163 1132 6806 1160 1154 6807 1161 1160 6808 1163 1132 6809 1163 1132 6810 1137 1139 6811 1139 1143 6812 1141 1153 6813 1143 1136 6814 1163 1132 6815 1149 1163 6816 1151 1144 6817 1163 1132 6818 1158 1147 6819 1159 1151 6820 1163 1132 6821 1163 1132 6822 1145 1141 6823 1147 1156 6824 1110 1111 6825 1111 1112 6826 1144 1135 6827 1125 1125 6828 1157 1142 6829 1156 1137 6830 1104 1105 6831 1105 1106 6832 1138 1138 6833 1119 1119 6834 1151 1144 6835 1150 1140 6836 1111 1112 6837 1112 1113 6838 1145 1141 6839 1126 1126 6840 1158 1147 6841 1157 1142 6842 1105 1106 6843 1106 1107 6844 1139 1143 6845 1120 1120 6846 1152 1150 6847 1151 1144 6848 1099 1099 6849 1100 1101 6850 1133 1145 6851 1127 1127 6852 1159 1151 6853 1158 1147 6854 1112 1113 6855 1114 1114 6856 1146 1148 6857 1106 1107 6858 1107 1108 6859 1140 1149 6860 1121 1121 6861 1153 1133 6862 1152 1150 6863 1128 1128 6864 1160 1154 6865 1159 1151 6866 1100 1101 6867 1101 1102 6868 1134 1152 6869 1115 1115 6870 1147 1156 6871 1146 1148 6872 1107 1108 6873 1108 1109 6874 1141 1153 6875 1122 1122 6876 1154 1158 6877 1153 1133 6878 1129 1129 6879 1161 1160 6880 1160 1154 6881 1101 1102 6882 1102 1103 6883 1135 1155 6884 1116 1116 6885 1148 1162 6886 1147 1156 6887 1108 1109 6888 1109 1110 6889 1142 1157 6890 1123 1123 6891 1155 1134 6892 1154 1158 6893 1129 1129 6894 1130 1130 6895 1162 1159 6896 1102 1103 6897 1103 1104 6898 1136 1161 6899 1117 1117 6900 1149 1163 6901 1148 1162 6902 1109 1110 6903 1110 1111 6904 1143 1136 6905 1124 1124 6906 1156 1137 6907 1155 1134 6908 1130 1130 6909 1131 1131 6910 1163 1132 6911 1103 1104 6912 1104 1105 6913 1137 1139 6914 1118 1118 6915 1150 1140 6916 1149 1163 6917</p>
        </polylist>
      </mesh>
    </geometry>
    <geometry id="Sphere-mesh" name="Sphere">
      <mesh>
        <source id="Sphere-mesh-positions">
          <float_array id="Sphere-mesh-positions-array" count="534">0.2000724 0.2792342 0.9238802 0.3703167 0.5554 0.7071072 0.4355773 0.661264 0.5526648 0.4962461 0.7584459 -0.3403747 0.4355773 0.661264 -0.5588779 0.3703167 0.5554 -0.7082093 0.101631 0.1195452 -0.980786 0.170951 0.04610824 0.980786 0.3360481 0.1351823 0.9238802 0.4882023 0.2172732 0.8314703 0.6215665 0.2892267 0.7071072 0.731016 0.3482772 0.5555706 0.7832569 0.3774811 -0.5459547 0.731016 0.3482772 -0.6662126 0.6215665 0.2892267 -0.7410959 0.4882022 0.2172731 -0.847805 0.3360479 0.1351821 -0.9242202 0.1709507 0.04610812 -0.980786 0.1942651 -0.05215007 0.980786 0.3817804 -0.05755817 0.9238802 0.5545954 -0.06254255 0.8314703 0.706069 -0.06691122 0.7071072 0.8005269 -0.06809508 -0.6069148 0.706069 -0.06691122 -0.7535172 0.5545952 -0.06254249 -0.8321144 0.3817802 -0.05755829 -0.9238802 0.1942648 -0.05215001 -0.980786 0.1653266 -0.1489013 0.980786 0.3250154 -0.2473426 0.9238802 0.4721854 -0.3380665 0.8314703 0.601181 -0.4175869 0.7071072 0.6807752 -0.4684622 -0.6069393 0.601181 -0.4175869 -0.7534426 0.4721854 -0.3380665 -0.8322175 0.3250153 -0.2473425 -0.9238802 0.1653264 -0.1489012 -0.980786 0.09188944 -0.2182211 0.980786 0.1809634 -0.3833182 0.9238802 0.2630545 -0.5354726 0.8314703 0.3350079 -0.6688368 0.709425 0.3940585 -0.7782862 0.5689166 0.4216083 -0.7773134 -0.5437459 0.3940585 -0.7360382 -0.6589418 0.3350079 -0.6525818 -0.7296423 0.2630544 -0.5354725 -0.842226 0.1809633 -0.3833181 -0.9243123 0.09188932 -0.218221 -0.980786 -0.006368815 -0.2415353 0.980786 -0.0117771 -0.4290505 0.9238802 -0.0167613 -0.6018656 0.8313711 -0.02113014 -0.7533392 0.7028318 -0.02471542 -0.8610166 0.5370185 -0.02737951 -0.9700219 0.3655061 -0.01804631 -0.9921813 -0.3341584 -0.02020835 -0.9700221 -0.461405 -0.02183771 -0.8776503 -0.5569574 -0.02113014 -0.7533392 -0.7076781 -0.01676124 -0.6018655 -0.8319219 -0.01177704 -0.4290503 -0.9238802 -0.006368815 -0.2415351 -0.980786 -0.1031202 -0.2125968 0.980786 -0.2015613 -0.3722856 0.9238802 -0.2922853 -0.5194557 0.8314703 -0.3718057 -0.6484513 0.7071072 -0.4370663 -0.7543154 0.5555706 -0.4855591 -0.8329793 0.3812968 -0.515421 -0.8814203 0.1432062 -0.5174064 -0.8645383 -0.05684971 -0.515421 -0.8814204 -0.2055702 -0.4855593 -0.8329795 -0.3533152 -0.4370663 -0.7543154 -0.5555705 -0.3718057 -0.6484513 -0.7071071 -0.2922855 -0.5194556 -0.8314703 -0.2015613 -0.3722855 -0.9238802 -0.10312 -0.2125966 -0.980786 -7.44492e-4 -0.04652565 -1.000001 -7.4476e-4 -0.04652583 1.000001 -0.1724399 -0.1391596 0.980786 -0.3375369 -0.2282335 0.9238802 -0.4896913 -0.3103246 0.8314703 -0.6230557 -0.382278 0.7071072 -0.732505 -0.4413285 0.5555706 -0.8138332 -0.4852071 0.3826838 -0.8639148 -0.5122273 0.1950905 -0.8808252 -0.5213509 0 -0.8639147 -0.5122274 -0.1950903 -0.8138333 -0.4852072 -0.3826836 -0.732505 -0.4413285 -0.5555705 -0.6230557 -0.382278 -0.7071071 -0.4896912 -0.3103245 -0.8314703 -0.3375368 -0.2282335 -0.9238802 -0.1724398 -0.1391595 -0.980786 -0.1957541 -0.0409013 0.980786 -0.3832692 -0.03549307 0.9238802 -0.5560843 -0.03050881 0.8314703 -0.7075581 -0.02614003 0.7071072 -0.8318692 -0.02255469 0.5555706 -0.9242405 -0.0198906 0.3826838 -0.9811227 -0.01824998 0.1950905 -1.000329 -0.01769608 0 -0.9811228 -0.01825004 -0.1950903 -0.9242408 -0.01989054 -0.3826836 -0.8318692 -0.02255469 -0.5555705 -0.7075581 -0.02614003 -0.7071071 -0.5560843 -0.03050881 -0.8314703 -0.3832691 -0.03549307 -0.9238802 -0.1957539 -0.0409013 -0.980786 -0.1668156 0.05584996 0.980786 -0.3265044 0.1542912 0.9238802 -0.4736745 0.2450152 0.8314703 -0.60267 0.3245354 0.7071072 -0.7085341 0.3897961 0.5555706 -0.787198 0.438289 0.3826838 -0.8356392 0.4681509 0.1950905 -0.8519957 0.4782338 0 -0.8356391 0.4681507 -0.1950903 -0.7871983 0.4382891 -0.3826836 -0.7085341 0.3897961 -0.5555705 -0.60267 0.3245354 -0.7071071 -0.4736744 0.2450153 -0.8314703 -0.3265042 0.1542911 -0.9238802 -0.1668154 0.05584985 -0.980786 -0.09337848 0.1251698 0.980786 -0.1824523 0.2902668 0.9238802 -0.2645434 0.442421 0.8314703 -0.3364967 0.5757855 0.7071072 -0.3955473 0.6852349 0.5555706 -0.439426 0.7665629 0.3826838 -0.4664462 0.8166447 0.1950905 -0.4755698 0.8335551 0 -0.4664462 0.8166447 -0.1950903 -0.4394261 0.7665632 -0.3826836 -0.3955473 0.6852349 -0.5555705 -0.3364967 0.5757855 -0.7071071 -0.2645433 0.4424211 -0.8314703 -0.1824523 0.2902667 -0.9238802 -0.09337836 0.1251695 -0.980786 0.004879832 0.1484839 0.980786 0.01028805 0.3359991 0.9238802 0.01527231 0.5088141 0.8314703 0.01964116 0.6602877 0.7071072 0.02322649 0.7845989 0.5555706 0.02589052 0.8769704 0.3812968 0.0275312 0.9338524 0.1432062 0.01698964 0.9207246 -0.05667734 0.02753114 0.9338526 -0.2055703 0.02589046 0.8769705 -0.3533152 0.02322649 0.7845989 -0.5555705 0.01964116 0.6602877 -0.7071071 0.01527237 0.508814 -0.8314703 0.01028811 0.335999 -0.9238802 0.004879832 0.1484837 -0.980786 0.1016311 0.1195454 0.980786 0.2907964 0.4264042 0.8314703 0.4840701 0.7399278 0.3695193 0.4840702 0.7399279 -0.4661907 0.2907964 0.4264042 -0.8321145 0.2000723 0.279234 -0.9238802 0.8303802 -0.07049655 -0.624397 0.7070452 -0.4828475 -0.624397 0.02808511 0.953059 -0.05704146 0.7070452 -0.4828475 0.5555706 0.8303802 -0.07049655 0.5555706 0.513932 0.7883691 -0.3473104 0.437937 -0.804423 -0.5577895 0.4946142 0.7570317 0.2608834 -0.5255041 -0.8977769 -0.05704146 -0.03050625 -0.9760541 0.2595695 -0.01953458 -1.026904 -0.3409804 0.4328769 -0.8293665 0.4572768 0.8123441 0.3921558 -0.5593748 0.8123443 0.3921558 0.4643051 0.6803074 -0.4679912 0.5391065 0.799871 -0.06822991 0.5391165 0.4763169 0.7277446 0.2558826 -0.02962899 -0.9417045 0.2544347 0.417151 -0.7993471 0.4445959 0.7826752 0.3762074 0.451187</float_array>
          <technique_common>
            <accessor source="#Sphere-mesh-positions-array" count="178" stride="3">
              <param name="X" type="float"/>
              <param name="Y" type="float"/>
              <param name="Z" type="float"/>
            </accessor>
          </technique_common>
        </source>
        <source id="Sphere-mesh-normals">
          <float_array id="Sphere-mesh-normals-array" count="534">0.2080175 0.3374486 0.9180726 0.1854034 0.1000415 0.9775568 0.348892 0.18821 0.9180694 0.3654374 0.7550156 -0.5444328 0.6693312 0.6685072 0.324182 0.9380815 0.3231922 0.1246991 0.2973192 0.4823274 0.8239912 0.4986795 0.2690244 0.8239809 0.3206934 0.6670839 -0.6724246 0.571953 0.3622583 -0.7359611 0.6293038 0.339525 0.6990705 0.3766098 0.610938 0.696362 0.3156265 0.6278958 -0.711426 0.4531492 0.2914279 -0.8424522 0.646309 0.3506982 0.6777134 0.4224763 0.7233338 0.5461704 0.2692134 0.4940819 -0.8266845 0.4507353 0.2431755 -0.8588967 0.9510098 0.2818756 -0.1269905 0.4792071 0.8235209 0.3036016 0.1939821 0.3364472 -0.9215065 0.3135555 0.1691685 -0.9343795 0.1101726 0.1792975 -0.9776064 0.1845774 0.09958267 -0.97776 0.1105403 0.1793305 0.977559 0 0 1 0 0 -1 0.2103647 -0.006347835 -0.9776024 0.2105818 -0.006073296 0.9775575 0.3962571 -0.01141405 0.9180688 0.5663743 -0.01632773 0.8239864 0.9866936 -0.1296466 0.09811997 0.7147566 -0.02060037 0.6990698 0.6022025 -0.02777236 -0.7978603 0.9846458 -0.1154242 -0.1309585 0.4748152 -0.01834189 -0.8798944 0.3876556 -0.02252316 -0.9215291 0.5061996 -0.3323594 -0.7958009 0.8874386 -0.4410336 -0.1339489 0.4022713 -0.2608461 -0.8775746 0.3364131 -0.1985273 -0.9205505 0.1792999 -0.110052 -0.9776196 0.1793305 -0.1105403 0.977559 0.3374486 -0.2080175 0.9180726 0.4823878 -0.296037 0.8244174 0.6103793 -0.3693711 0.7007156 0.1000415 -0.1854034 0.9775568 0.09946274 -0.1843678 -0.9778117 0.18821 -0.348892 0.9180694 0.2669202 -0.4949896 0.8268851 0.8803988 -0.4649355 0.09345096 0.6283872 -0.7654176 0.1388006 0.3012304 -0.641343 -0.7056483 0.3291503 -0.6166112 0.7151579 0.2438484 -0.5393353 -0.8060121 0.3670227 -0.7394779 0.5643287 0.259538 -0.4893499 -0.8325724 0.1760048 -0.3262209 -0.9287638 -0.03848439 -0.7540932 0.655639 -0.04190307 -0.8423345 0.537324 -0.02920675 -0.566923 -0.823253 0.6125733 -0.7508233 -0.2470191 -0.01290971 -0.9604495 0.2781549 -0.01898294 -0.3907373 -0.9203065 -0.006439507 -0.2102771 -0.9776207 -0.006073296 -0.2105818 0.9775575 -0.01141399 -0.3964079 0.9180036 -0.01760947 -0.5711941 0.8206261 -0.05493474 -0.7438781 -0.6660538 -0.04651057 -0.7065705 -0.7061127 0.2281007 -0.9201546 0.3182545 -0.2722331 -0.9622157 0.005493462 -0.5335334 -0.8131791 -0.2325549 -0.1105403 -0.1793305 0.977559 -0.2080175 -0.3374486 0.9180726 -0.5182158 -0.7657264 -0.3809404 -0.0563994 -0.8426954 -0.5354284 -0.297258 -0.4824185 0.8239601 -0.4573918 -0.7103047 -0.5350328 -0.3660778 -0.6212489 0.692847 -0.3756929 -0.6084332 -0.6990451 -0.415641 -0.7265706 0.5471177 -0.2978991 -0.4820221 -0.8239606 -0.4699011 -0.8100659 0.3506939 -0.2081695 -0.337112 -0.9181618 0.244886 -0.8368058 -0.4896805 -0.4846826 -0.8608069 0.155223 -0.1105403 -0.1793305 -0.977559 -0.6293038 -0.339525 -0.6990705 -0.4986795 -0.2690244 -0.8239809 -0.8150119 -0.4400546 0.3769716 -0.348892 -0.18821 -0.9180694 -0.8618619 -0.4698429 0.1908975 -0.1854034 -0.1000415 -0.9775568 -0.8799949 -0.4749726 0.003204524 -0.1854034 -0.1000415 0.9775568 -0.862844 -0.4658479 -0.1961786 -0.348892 -0.18821 0.9180694 -0.8128147 -0.4458532 -0.3748964 -0.4986795 -0.2690244 0.8239809 -0.7360512 -0.39711 -0.5482083 -0.6293038 -0.339525 0.6990705 -0.7360512 -0.39711 0.5482083 -0.3962571 0.01141405 0.9180688 -0.980976 0.02829122 -0.1920568 -0.9258024 0.02667385 -0.3770657 -0.5663743 0.01632773 0.8239864 -0.835996 0.02410966 -0.5482056 -0.7147566 0.02060037 0.6990698 -0.7147566 0.02060037 -0.6990698 -0.835996 0.02410966 0.5482056 -0.5663743 0.01632773 -0.8239864 -0.9258024 0.02667385 0.3770657 -0.3962571 0.01141405 -0.9180688 -0.980976 0.02829122 0.1920568 -0.2105818 0.006073296 -0.9775575 -0.9995849 0.02880978 0 -0.2105818 0.006073296 0.9775575 -0.7884144 0.4860256 0.3770704 -0.3374486 0.2080175 -0.9180726 -0.8354071 0.5149841 0.1920585 -0.1793305 0.1105403 -0.977559 -0.8512536 0.5247546 0 -0.1793305 0.1105403 0.977559 -0.8354071 0.5149841 -0.1920585 -0.3374486 0.2080175 0.9180726 -0.7884144 0.4860256 -0.3770704 -0.4823274 0.2973192 0.8239912 -0.7119448 0.4388617 -0.5482109 -0.6086786 0.3752358 0.699077 -0.6086786 0.3752358 -0.699077 -0.7119448 0.4388617 0.5482109 -0.4823274 0.2973192 -0.8239912 -0.4344969 0.8189429 -0.3748936 -0.2690244 0.4986795 0.8239809 -0.39711 0.7360512 -0.5482083 -0.339525 0.6293038 0.6990705 -0.339525 0.6293038 -0.6990705 -0.39711 0.7360512 0.5482083 -0.2690244 0.4986795 -0.8239809 -0.439513 0.815301 0.3769783 -0.18821 0.348892 -0.9180694 -0.4623078 0.8659269 0.1908988 -0.1000415 0.1854034 -0.9775568 -0.4746596 0.8801636 0.003204464 -0.1000415 0.1854034 0.9775568 -0.4653311 0.8631226 -0.1961795 -0.18821 0.348892 0.9180694 0.01095628 0.395983 -0.9181925 0.03763031 0.9367913 0.3478595 0.05438423 0.9863629 0.1553399 0.006073296 0.2105818 -0.9775575 0.2990552 0.9542359 2.13633e-4 0.006073296 0.2105818 0.9775575 -0.003662288 0.9727073 -0.2320068 0.01141405 0.3962571 0.9180688 -0.01794523 0.9243629 -0.3810921 0.01632773 0.5663743 0.8239864 0.00427258 0.8443619 -0.5357564 0.02060037 0.7147566 0.6990698 0.01886105 0.7145245 -0.6993563 0.02563613 0.8370214 0.5465695 0.01525944 0.5663697 -0.8240102 0.6690225 0.5912888 -0.4503183 0.4750616 -0.1769196 0.8619838 0.4941055 -0.1229007 0.8606714 0.4660869 -0.1308351 -0.8750116 0.4918122 -0.09119045 0.8659129 0.9457469 -0.3246589 -0.01263475 0.4697195 -0.1449657 -0.8708321 0.4719172 -0.1418223 -0.8701613 0.9715477 -0.2366153 -0.01040703 0.4489952 -0.1375491 -0.8828837 0.4692306 -0.1878448 0.8628656 0.46292 -0.1716417 0.869623 0.4577625 -0.1292197 -0.8796339 0.461089 -0.1466768 -0.8751474 0.4638004 -0.1120055 0.8788311</float_array>
          <technique_common>
            <accessor source="#Sphere-mesh-normals-array" count="178" stride="3">
              <param name="X" type="float"/>
              <param name="Y" type="float"/>
              <param name="Z" type="float"/>
            </accessor>
          </technique_common>
        </source>
        <source id="Sphere-mesh-map-0">
          <float_array id="Sphere-mesh-map-0-array" count="2040">0.1631541 0.5469254 0.1634662 0.5985295 0.1342355 0.568942 0.7243552 0.8843523 0.747066 0.868856 0.747066 0.9880285 0.1444548 0.5097308 0.1342355 0.568942 0.1024714 0.5416941 0.7012182 0.8988906 0.747066 0.9880285 0.7184433 0.9946818 0.1444548 0.5097308 0.0693947 0.5178327 0.1228293 0.4771512 0.666713 0.92106 0.7184433 0.9946818 0.6893579 0.9963409 0.1228293 0.4771512 0.03627634 0.4982749 0.0987581 0.45044 0.6326181 0.9419266 0.6893579 0.9963409 0.6517998 1 0.0987581 0.45044 0.01424306 0.4837315 0.07261562 0.4306261 0.6005111 0.9604819 0.6517998 1 0.6151571 0.9993752 0.8279075 0.09412771 0.873552 0.07392263 0.8433526 0.1029699 0.1782088 0.5873055 0.1890403 0.6293196 0.1634662 0.5985295 0.8160908 0.1351182 0.8279075 0.09412771 0.8433526 0.1029699 0.873552 0.07392263 0.8520317 0.1206784 0.8433526 0.1029699 0.1634662 0.5985295 0.1890403 0.6293196 0.1549545 0.6180063 0.8160908 0.1351182 0.8433526 0.1029699 0.8520317 0.1206784 0.1634662 0.5985295 0.1175393 0.607147 0.1342355 0.568942 0.1024714 0.5416941 0.1175393 0.607147 0.07823234 0.5971591 0.958635 0.01044082 0.981774 0 1 0.08796203 0.1024714 0.5416941 0.03854411 0.5884263 0.0693947 0.5178327 0.958635 0.01044082 0.9648612 0.09144252 0.9347033 0.0278663 0.03627634 0.4982749 0.03854411 0.5884263 0 0.5812842 0.9347033 0.0278663 0.9302822 0.09953999 0.9039247 0.04834198 0.01424306 0.4837315 0.03627634 0.4982749 0 0.5812842 0.9039247 0.04834198 0.8906123 0.1086758 0.873552 0.07392263 1 0.08796203 0.9633735 0.1705685 0.9648612 0.09144252 0.03854411 0.5884263 0 0.6772241 0 0.5812842 0.9302822 0.09953999 0.9633735 0.1705685 0.9290965 0.161701 0.8906123 0.1086758 0.9290965 0.161701 0.8898029 0.1514964 0.8906123 0.1086758 0.8516191 0.1425082 0.8520317 0.1206784 0.1549545 0.6180063 0.1890403 0.6293196 0.1549545 0.640517 0.8160908 0.1351182 0.8520317 0.1206784 0.8516191 0.1425082 0.1549545 0.6180063 0.1175393 0.6513034 0.1175393 0.607147 0.1175393 0.607147 0.07823234 0.6612641 0.07823234 0.5971591 0.07823234 0.5971591 0.03854417 0.6700165 0.03854411 0.5884263 0.1549545 0.640517 0.1890403 0.6293196 0.1634662 0.66003 0.8160908 0.1351182 0.8516191 0.1425082 0.8422254 0.1626101 0.1549545 0.640517 0.1342355 0.6895793 0.1175393 0.6513034 0.07823234 0.6612641 0.1342355 0.6895793 0.1024715 0.7168322 0.9982416 0.1810001 0.9739874 0.2714571 0.9525902 0.2565189 0.07823234 0.6612641 0.06967455 0.74074 0.03854417 0.6700165 0.9633735 0.1705685 0.9525902 0.2565189 0.9310461 0.2413375 0.03854417 0.6700165 0.03788763 0.7603809 0 0.6772241 0.9290965 0.161701 0.9310461 0.2413375 0.9012983 0.218456 0.8898029 0.1514964 0.9012983 0.218456 0.8713312 0.1909065 0.8516191 0.1425082 0.8713312 0.1909065 0.8422254 0.1626101 0.03788763 0.7603809 0.1223133 0.781652 0.09767276 0.8049499 0.9310461 0.2413375 0.8572171 0.2559463 0.9012983 0.218456 0.01567298 0.7688474 0.09767276 0.8049499 0.07213121 0.8284748 0.9012983 0.218456 0.8402702 0.2164037 0.8713312 0.1909065 0.8713312 0.1909065 0.8263676 0.1755977 0.8422254 0.1626101 0.1634662 0.66003 0.1890403 0.6293196 0.1782088 0.6713166 0.8160908 0.1351182 0.8422254 0.1626101 0.8263676 0.1755977 0.1634662 0.66003 0.1631542 0.7117189 0.1342355 0.6895793 0.1024715 0.7168322 0.1631542 0.7117189 0.1444429 0.748974 0.9739874 0.2714571 0.8981729 0.325086 0.9525902 0.2565189 0.06967455 0.74074 0.1444429 0.748974 0.1223133 0.781652 0.9525902 0.2565189 0.8766372 0.2927432 0.9310461 0.2413375 0.5022584 0.2962162 0.5907029 0.2506436 0.5922123 0.2816429 0.1631542 0.7117189 0.1952321 0.6713528 0.1965466 0.71179 0.5022584 0.2962162 0.5960457 0.3104293 0.5115087 0.3200303 0.1631542 0.7117189 0.1929331 0.749077 0.1444429 0.748974 0.912827 0.3481312 0.8207954 0.335598 0.8981729 0.325086 0.5658005 0.0268194 0.6071111 0.06991571 0.5429853 0.06056386 0.8766372 0.2927432 0.8207954 0.335598 0.8111919 0.3014459 0.5269943 0.1006295 0.6071111 0.06991571 0.5997673 0.1093495 0.8766372 0.2927432 0.8057973 0.2627841 0.8572171 0.2559463 0.5269943 0.1006295 0.5944447 0.1519556 0.5106826 0.1419382 0.8572171 0.2559463 0.8048192 0.2210985 0.8402702 0.2164037 0.5103957 0.1651514 0.5944447 0.1519556 0.5914521 0.2064033 0.8402702 0.2164037 0.8082948 0.177991 0.8263676 0.1755977 0.1782088 0.6713166 0.1890403 0.6293196 0.1952321 0.6713528 0.8160908 0.1351182 0.8263676 0.1755977 0.8082948 0.177991 0.8030542 0.6448053 0.730177 0.6621437 0.7548387 0.6282044 0.5997673 0.1093495 0.6935141 0.1516564 0.5944447 0.1519556 0.8030542 0.6448053 0.7770342 0.5915981 0.8102457 0.603033 0.5944447 0.1519556 0.6965137 0.1952106 0.5914521 0.2064033 0.8128418 0.5595609 0.7770342 0.5915981 0.7959107 0.5537315 0.5914521 0.2064033 0.6978137 0.2383383 0.5907029 0.2506436 0.1952321 0.6713528 0.1890403 0.6293196 0.2099747 0.6601288 0.8160908 0.1351182 0.8082948 0.177991 0.7928496 0.1691488 0.5907029 0.2506436 0.697364 0.2793821 0.5922123 0.2816429 0.1952321 0.6713528 0.2254652 0.6897733 0.1965466 0.71179 0.5960457 0.3104293 0.697364 0.2793821 0.6951821 0.3167648 0.6161909 0.03487032 0.667695 0.005560278 0.6757676 0.03487032 0.6021889 0.3490496 0.6951821 0.3167648 0.6913517 0.3490496 0.6071111 0.06991571 0.6757676 0.03487032 0.6829378 0.06991571 0.7915439 0.6832726 0.703997 0.6921116 0.730177 0.6621437 0.6071111 0.06991571 0.68893 0.1093496 0.5997673 0.1093495 0.2099747 0.6601288 0.2421614 0.6515682 0.2254652 0.6897733 0.6951821 0.3167648 0.7905739 0.2651315 0.7829839 0.3033409 0.6757676 0.03487032 0.7040637 0 0.7285667 0.026798 0.6773048 0.7169565 0.6461406 0.6251837 0.703997 0.6921116 0.6829378 0.06991571 0.7285667 0.026798 0.7501384 0.05964154 0.703997 0.6921116 0.6809741 0.6052262 0.730177 0.6621437 0.68893 0.1093496 0.7501384 0.05964154 0.7679495 0.09726846 0.730177 0.6621437 0.7161802 0.5834847 0.7548387 0.6282044 0.68893 0.1093496 0.7813158 0.1382326 0.6935141 0.1516564 0.7548387 0.6282044 0.7504058 0.5607946 0.7770342 0.5915981 0.6965137 0.1952106 0.7813158 0.1382326 0.7897235 0.18096 0.7959107 0.5537315 0.7504058 0.5607946 0.7823356 0.538028 0.6965137 0.1952106 0.7928496 0.2238085 0.6978137 0.2383383 0.2099747 0.6601288 0.1890403 0.6293196 0.2184864 0.6406521 0.8107427 0.5160596 0.7959107 0.5537315 0.7823356 0.538028 0.6978137 0.2383383 0.7905739 0.2651315 0.697364 0.2793821 0.2499395 0.5654669 0.3335497 0.5953643 0.2478128 0.6088802 0.7161802 0.5834847 0.7374956 0.5188762 0.7504058 0.5607946 0.2511588 0.6523925 0.3335497 0.5953643 0.3421766 0.6380441 0.7504058 0.5607946 0.775754 0.5166581 0.7823356 0.538028 0.2511588 0.6523925 0.3526498 0.6797018 0.2598489 0.6943314 0.2184864 0.6406521 0.1890403 0.6293196 0.2184864 0.6181414 0.8107427 0.5160596 0.7823356 0.538028 0.775754 0.5166581 0.2598489 0.6943314 0.364567 0.7187369 0.2735491 0.7330853 0.2421614 0.6515682 0.2184864 0.6181414 0.2421614 0.607412 0.6130182 0.6425902 0.5497919 0.5493435 0.5818501 0.5413903 0.2700769 0.4855422 0.3228271 0.4465038 0.3216344 0.4774144 0.6461406 0.6251837 0.5818501 0.5413903 0.61809 0.5341061 0.2700769 0.4855422 0.3230774 0.5134761 0.2574571 0.5238207 0.6809741 0.6052262 0.61809 0.5341061 0.6571191 0.5277711 0.2574571 0.5238207 0.3271007 0.5533029 0.2499395 0.5654669 0.7161802 0.5834847 0.6571191 0.5277711 0.6974374 0.5226286 0.364567 0.7187369 0.472508 0.7232378 0.37747 0.753649 0.3228271 0.4465038 0.3787849 0.4591267 0.3216344 0.4774144 0.61809 0.5341061 0.5921519 0.440473 0.6273614 0.443283 0.3230774 0.5134761 0.3787849 0.4591267 0.3958163 0.4902003 0.61809 0.5341061 0.6650038 0.4505324 0.6571191 0.5277711 0.3271007 0.5533029 0.3958163 0.4902003 0.4126326 0.5259335 0.6974374 0.5226286 0.6650038 0.4505324 0.7036324 0.4619425 0.3271007 0.5533029 0.4285876 0.564953 0.3335497 0.5953643 0.6974374 0.5226286 0.7417627 0.4770749 0.7374956 0.5188762 0.3421766 0.6380441 0.4285876 0.564953 0.4430683 0.6057596 0.7374956 0.5188762 0.7779294 0.495348 0.775754 0.5166581 0.3421766 0.6380441 0.4555182 0.6467849 0.3526498 0.6797018 0.2184864 0.6181414 0.1890403 0.6293196 0.2099747 0.5986284 0.8107427 0.5160596 0.775754 0.5166581 0.7779294 0.495348 0.364567 0.7187369 0.4555182 0.6467849 0.4654588 0.6864525 0.2184864 0.6181414 0.2254652 0.569136 0.2421614 0.607412 0.7036324 0.4619425 0.7620639 0.4465913 0.7417627 0.4770749 0.4430683 0.6057596 0.5075409 0.5260819 0.5297775 0.5749198 0.7417627 0.4770749 0.7882789 0.4798076 0.7779294 0.495348 0.4555182 0.6467849 0.5297775 0.5749198 0.5441637 0.6161974 0.2099747 0.5986284 0.1890403 0.6293196 0.1952321 0.5873417 0.8107427 0.5160596 0.7779294 0.495348 0.7882789 0.4798076 0.4654588 0.6864525 0.5441637 0.6161974 0.5497919 0.6470499 0.2254652 0.569136 0.1952321 0.5873417 0.1965466 0.5469964 0.6215357 0.7169565 0.6763603 0.7912482 0.5979084 0.7476062 0.3787849 0.4591267 0.3948637 0.4176872 0.4262152 0.4355793 0.5979084 0.7476062 0.6445663 0.8255046 0.5775808 0.7834295 0.3958163 0.4902003 0.4262152 0.4355793 0.4561836 0.4602301 0.5775808 0.7834295 0.6183003 0.8588314 0.5613338 0.8230494 0.4126326 0.5259335 0.4561836 0.4602301 0.483617 0.4906922 0.5613338 0.8230494 0.5945501 0.8930574 0.5497919 0.8649436 0.4285876 0.564953 0.483617 0.4906922 0.5075409 0.5260819 0.6445663 0.8255046 0.7243552 0.8843523 0.7012182 0.8988906 0.1845304 0.4772824 0.1444548 0.5097308 0.1228293 0.4771512 0.6183003 0.8588314 0.7012182 0.8988906 0.666713 0.92106 0.483617 0.4906922 0.4880038 0.4315959 0.5212004 0.457623 0.5945501 0.8930574 0.666713 0.92106 0.6326181 0.9419266 0.5075409 0.5260819 0.5212004 0.457623 0.5497919 0.4911053 0.5742287 0.9268672 0.6326181 0.9419266 0.6005111 0.9604819 0.8128418 0.6112746 0.8538099 0.5138708 0.8435381 0.6272729 0.5581166 0.9589616 0.6005111 0.9604819 0.5715153 0.9760982 0.8730981 0.6394942 0.8435381 0.6272729 0.8538099 0.5138708 0.1952321 0.5873417 0.1890403 0.6293196 0.1782088 0.5873055 0.8160908 0.1351182 0.8098346 0.09652107 0.8279075 0.09412771 0.6991153 0.7676972 0.7203062 0.749301 0.747066 0.868856 0.1965466 0.5469964 0.1782088 0.5873055 0.1631541 0.5469254 0.6763603 0.7912482 0.747066 0.868856 0.7243552 0.8843523 0.192933 0.5098339 0.1631541 0.5469254 0.1444548 0.5097308 0.5907029 0.2506436 0.5103957 0.1651514 0.5914521 0.2064033 0.379908 0.01341438 0.2873244 0.07439792 0.3685016 0.009949982 0.9282373 0.3653665 0.912827 0.3481312 0.9739874 0.2714571 0.8730982 0.4176872 0.8538099 0.5138708 0.8385192 0.5090616 0.01567298 0.7688474 0 0.6772241 0.03788763 0.7603809 0.007045269 0.2617624 1.08508e-5 0.1672139 0.00705856 0.1686106 0.2548823 0.1644577 0.2478336 0.256152 0.2478128 0.1630948 0.128323 0.01160264 0.2475396 0 0.2478128 0.007614374 0.3808594 0.3978446 0.5020549 0.4176872 0.3787024 0.4050642 0.007045269 0.2617624 0.035959 0.34905 0 0.2631539 0.3820582 0.02057468 0.5019617 0 0.5022584 0.007329046 0.2928881 0.07957911 0.379908 0.01341438 0.3820582 0.02057468 0.1275216 0.4183116 0.035959 0.34905 0.04160159 0.3443055 0.2898728 0.3457953 0.3787024 0.4050642 0.2842321 0.3509847 0.2928881 0.07957911 0.2478128 0.1630948 0.2873244 0.07439792 0.2898728 0.3457953 0.2478336 0.256152 0.2549024 0.2546728 0.03874164 0.0745818 0.1260757 0.004082679 0.128323 0.01160264 0.03874164 0.0745818 1.08508e-5 0.1672139 0.03313326 0.0695874 0.1275216 0.4183116 0.247491 0.4306261 0.1252602 0.4258221 0.1631541 0.5469254 0.1782088 0.5873055 0.1634662 0.5985295 0.1444548 0.5097308 0.1631541 0.5469254 0.1342355 0.568942 0.7012182 0.8988906 0.7243552 0.8843523 0.747066 0.9880285 0.1444548 0.5097308 0.1024714 0.5416941 0.0693947 0.5178327 0.666713 0.92106 0.7012182 0.8988906 0.7184433 0.9946818 0.1228293 0.4771512 0.0693947 0.5178327 0.03627634 0.4982749 0.6326181 0.9419266 0.666713 0.92106 0.6893579 0.9963409 0.0987581 0.45044 0.03627634 0.4982749 0.01424306 0.4837315 0.6005111 0.9604819 0.6326181 0.9419266 0.6517998 1 0.8279075 0.09412771 0.8432907 0.05659472 0.873552 0.07392263 0.873552 0.07392263 0.8906123 0.1086758 0.8520317 0.1206784 0.1634662 0.5985295 0.1549545 0.6180063 0.1175393 0.607147 0.1024714 0.5416941 0.1342355 0.568942 0.1175393 0.607147 0.1024714 0.5416941 0.07823234 0.5971591 0.03854411 0.5884263 0.958635 0.01044082 1 0.08796203 0.9648612 0.09144252 0.03627634 0.4982749 0.0693947 0.5178327 0.03854411 0.5884263 0.9347033 0.0278663 0.9648612 0.09144252 0.9302822 0.09953999 0.9039247 0.04834198 0.9302822 0.09953999 0.8906123 0.1086758 1 0.08796203 0.9982416 0.1810001 0.9633735 0.1705685 0.03854411 0.5884263 0.03854417 0.6700165 0 0.6772241 0.9302822 0.09953999 0.9648612 0.09144252 0.9633735 0.1705685 0.8906123 0.1086758 0.9302822 0.09953999 0.9290965 0.161701 0.8906123 0.1086758 0.8898029 0.1514964 0.8516191 0.1425082 0.1549545 0.6180063 0.1549545 0.640517 0.1175393 0.6513034 0.1175393 0.607147 0.1175393 0.6513034 0.07823234 0.6612641 0.07823234 0.5971591 0.07823234 0.6612641 0.03854417 0.6700165 0.1549545 0.640517 0.1634662 0.66003 0.1342355 0.6895793 0.07823234 0.6612641 0.1175393 0.6513034 0.1342355 0.6895793 0.07823234 0.6612641 0.1024715 0.7168322 0.06967455 0.74074 0.9633735 0.1705685 0.9982416 0.1810001 0.9525902 0.2565189 0.03854417 0.6700165 0.06967455 0.74074 0.03788763 0.7603809 0.9290965 0.161701 0.9633735 0.1705685 0.9310461 0.2413375 0.8898029 0.1514964 0.9290965 0.161701 0.9012983 0.218456 0.8516191 0.1425082 0.8898029 0.1514964 0.8713312 0.1909065 0.03788763 0.7603809 0.06967455 0.74074 0.1223133 0.781652 0.9310461 0.2413375 0.8766372 0.2927432 0.8572171 0.2559463 0.01567298 0.7688474 0.03788763 0.7603809 0.09767276 0.8049499 0.9012983 0.218456 0.8572171 0.2559463 0.8402702 0.2164037 0.8713312 0.1909065 0.8402702 0.2164037 0.8263676 0.1755977 0.1634662 0.66003 0.1782088 0.6713166 0.1631542 0.7117189 0.1024715 0.7168322 0.1342355 0.6895793 0.1631542 0.7117189 0.9739874 0.2714571 0.912827 0.3481312 0.8981729 0.325086 0.06967455 0.74074 0.1024715 0.7168322 0.1444429 0.748974 0.9525902 0.2565189 0.8981729 0.325086 0.8766372 0.2927432 0.1631542 0.7117189 0.1782088 0.6713166 0.1952321 0.6713528 0.5022584 0.2962162 0.5922123 0.2816429 0.5960457 0.3104293 0.1631542 0.7117189 0.1965466 0.71179 0.1929331 0.749077 0.912827 0.3481312 0.8373115 0.3653665 0.8207954 0.335598 0.5658005 0.0268194 0.6161909 0.03487032 0.6071111 0.06991571 0.8766372 0.2927432 0.8981729 0.325086 0.8207954 0.335598 0.5269943 0.1006295 0.5429853 0.06056386 0.6071111 0.06991571 0.8766372 0.2927432 0.8111919 0.3014459 0.8057973 0.2627841 0.5269943 0.1006295 0.5997673 0.1093495 0.5944447 0.1519556 0.8572171 0.2559463 0.8057973 0.2627841 0.8048192 0.2210985 0.5103957 0.1651514 0.5106826 0.1419382 0.5944447 0.1519556 0.8402702 0.2164037 0.8048192 0.2210985 0.8082948 0.177991 0.8030542 0.6448053 0.7915439 0.6832726 0.730177 0.6621437 0.5997673 0.1093495 0.68893 0.1093496 0.6935141 0.1516564 0.8030542 0.6448053 0.7548387 0.6282044 0.7770342 0.5915981 0.5944447 0.1519556 0.6935141 0.1516564 0.6965137 0.1952106 0.8128418 0.5595609 0.8102457 0.603033 0.7770342 0.5915981 0.5914521 0.2064033 0.6965137 0.1952106 0.6978137 0.2383383 0.5907029 0.2506436 0.6978137 0.2383383 0.697364 0.2793821 0.1952321 0.6713528 0.2099747 0.6601288 0.2254652 0.6897733 0.5960457 0.3104293 0.5922123 0.2816429 0.697364 0.2793821 0.6161909 0.03487032 0.6266579 0.005560278 0.667695 0.005560278 0.6021889 0.3490496 0.5960457 0.3104293 0.6951821 0.3167648 0.6071111 0.06991571 0.6161909 0.03487032 0.6757676 0.03487032 0.7915439 0.6832726 0.7761568 0.7169565 0.703997 0.6921116 0.6071111 0.06991571 0.6829378 0.06991571 0.68893 0.1093496 0.2099747 0.6601288 0.2184864 0.6406521 0.2421614 0.6515682 0.6951821 0.3167648 0.697364 0.2793821 0.7905739 0.2651315 0.6757676 0.03487032 0.667695 0.005560278 0.7040637 0 0.6773048 0.7169565 0.6130182 0.6425902 0.6461406 0.6251837 0.6829378 0.06991571 0.6757676 0.03487032 0.7285667 0.026798 0.703997 0.6921116 0.6461406 0.6251837 0.6809741 0.6052262 0.68893 0.1093496 0.6829378 0.06991571 0.7501384 0.05964154 0.730177 0.6621437 0.6809741 0.6052262 0.7161802 0.5834847 0.68893 0.1093496 0.7679495 0.09726846 0.7813158 0.1382326 0.7548387 0.6282044 0.7161802 0.5834847 0.7504058 0.5607946 0.6965137 0.1952106 0.6935141 0.1516564 0.7813158 0.1382326 0.7959107 0.5537315 0.7770342 0.5915981 0.7504058 0.5607946 0.6965137 0.1952106 0.7897235 0.18096 0.7928496 0.2238085 0.6978137 0.2383383 0.7928496 0.2238085 0.7905739 0.2651315 0.2499395 0.5654669 0.3271007 0.5533029 0.3335497 0.5953643 0.7161802 0.5834847 0.6974374 0.5226286 0.7374956 0.5188762 0.2511588 0.6523925 0.2478128 0.6088802 0.3335497 0.5953643 0.7504058 0.5607946 0.7374956 0.5188762 0.775754 0.5166581 0.2511588 0.6523925 0.3421766 0.6380441 0.3526498 0.6797018 0.2598489 0.6943314 0.3526498 0.6797018 0.364567 0.7187369 0.2421614 0.6515682 0.2184864 0.6406521 0.2184864 0.6181414 0.6130182 0.6425902 0.5828798 0.6567769 0.5497919 0.5493435 0.2700769 0.4855422 0.2873137 0.4521023 0.3228271 0.4465038 0.6461406 0.6251837 0.6130182 0.6425902 0.5818501 0.5413903 0.2700769 0.4855422 0.3216344 0.4774144 0.3230774 0.5134761 0.6809741 0.6052262 0.6461406 0.6251837 0.61809 0.5341061 0.2574571 0.5238207 0.3230774 0.5134761 0.3271007 0.5533029 0.7161802 0.5834847 0.6809741 0.6052262 0.6571191 0.5277711 0.364567 0.7187369 0.4654588 0.6864525 0.472508 0.7232378 0.3228271 0.4465038 0.3621931 0.433907 0.3787849 0.4591267 0.61809 0.5341061 0.5818501 0.5413903 0.5921519 0.440473 0.3230774 0.5134761 0.3216344 0.4774144 0.3787849 0.4591267 0.61809 0.5341061 0.6273614 0.443283 0.6650038 0.4505324 0.3271007 0.5533029 0.3230774 0.5134761 0.3958163 0.4902003 0.6974374 0.5226286 0.6571191 0.5277711 0.6650038 0.4505324 0.3271007 0.5533029 0.4126326 0.5259335 0.4285876 0.564953 0.6974374 0.5226286 0.7036324 0.4619425 0.7417627 0.4770749 0.3421766 0.6380441 0.3335497 0.5953643 0.4285876 0.564953 0.7374956 0.5188762 0.7417627 0.4770749 0.7779294 0.495348 0.3421766 0.6380441 0.4430683 0.6057596 0.4555182 0.6467849 0.364567 0.7187369 0.3526498 0.6797018 0.4555182 0.6467849 0.2184864 0.6181414 0.2099747 0.5986284 0.2254652 0.569136 0.7036324 0.4619425 0.7331052 0.4176872 0.7620639 0.4465913 0.4430683 0.6057596 0.4285876 0.564953 0.5075409 0.5260819 0.7417627 0.4770749 0.7620639 0.4465913 0.7882789 0.4798076 0.4555182 0.6467849 0.4430683 0.6057596 0.5297775 0.5749198 0.4654588 0.6864525 0.4555182 0.6467849 0.5441637 0.6161974 0.2254652 0.569136 0.2099747 0.5986284 0.1952321 0.5873417 0.6215357 0.7169565 0.6991153 0.7676972 0.6763603 0.7912482 0.3787849 0.4591267 0.3621931 0.433907 0.3948637 0.4176872 0.5979084 0.7476062 0.6763603 0.7912482 0.6445663 0.8255046 0.3958163 0.4902003 0.3787849 0.4591267 0.4262152 0.4355793 0.5775808 0.7834295 0.6445663 0.8255046 0.6183003 0.8588314 0.4126326 0.5259335 0.3958163 0.4902003 0.4561836 0.4602301 0.5613338 0.8230494 0.6183003 0.8588314 0.5945501 0.8930574 0.4285876 0.564953 0.4126326 0.5259335 0.483617 0.4906922 0.6445663 0.8255046 0.6763603 0.7912482 0.7243552 0.8843523 0.1845304 0.4772824 0.192933 0.5098339 0.1444548 0.5097308 0.6183003 0.8588314 0.6445663 0.8255046 0.7012182 0.8988906 0.483617 0.4906922 0.4561836 0.4602301 0.4880038 0.4315959 0.5945501 0.8930574 0.6183003 0.8588314 0.666713 0.92106 0.5075409 0.5260819 0.483617 0.4906922 0.5212004 0.457623 0.5742287 0.9268672 0.5945501 0.8930574 0.6326181 0.9419266 0.8128418 0.6112746 0.8385192 0.5090616 0.8538099 0.5138708 0.5581166 0.9589616 0.5742287 0.9268672 0.6005111 0.9604819 0.1965466 0.5469964 0.1952321 0.5873417 0.1782088 0.5873055 0.6763603 0.7912482 0.6991153 0.7676972 0.747066 0.868856 0.192933 0.5098339 0.1965466 0.5469964 0.1631541 0.5469254 0.007045269 0.2617624 0 0.2631539 1.08508e-5 0.1672139 0.2548823 0.1644577 0.2549024 0.2546728 0.2478336 0.256152 0.128323 0.01160264 0.1260757 0.004082679 0.2475396 0 0.3808594 0.3978446 0.5022583 0.4102472 0.5020549 0.4176872 0.007045269 0.2617624 0.04160159 0.3443055 0.035959 0.34905 0.3820582 0.02057468 0.379908 0.01341438 0.5019617 0 0.2928881 0.07957911 0.2873244 0.07439792 0.379908 0.01341438 0.1275216 0.4183116 0.1252602 0.4258221 0.035959 0.34905 0.2898728 0.3457953 0.3808594 0.3978446 0.3787024 0.4050642 0.2928881 0.07957911 0.2548823 0.1644577 0.2478128 0.1630948 0.2898728 0.3457953 0.2842321 0.3509847 0.2478336 0.256152 0.03874164 0.0745818 0.03313326 0.0695874 0.1260757 0.004082679 0.03874164 0.0745818 0.00705856 0.1686106 1.08508e-5 0.1672139 0.1275216 0.4183116 0.2478128 0.423011 0.247491 0.4306261</float_array>
          <technique_common>
            <accessor source="#Sphere-mesh-map-0-array" count="1020" stride="2">
              <param name="S" type="float"/>
              <param name="T" type="float"/>
            </accessor>
          </technique_common>
        </source>
        <vertices id="Sphere-mesh-vertices">
          <input semantic="POSITION" source="#Sphere-mesh-positions"/>
        </vertices>
        <polylist material="body-material" count="340">
          <input semantic="VERTEX" source="#Sphere-mesh-vertices" offset="0"/>
          <input semantic="NORMAL" source="#Sphere-mesh-normals" offset="1"/>
          <input semantic="TEXCOORD" source="#Sphere-mesh-map-0" offset="2" set="0"/>
          <vcount>3 3 3 3 3 3 3 3 3 3 3 3 3 3 3 3 3 3 3 3 3 3 3 3 3 3 3 3 3 3 3 3 3 3 3 3 3 3 3 3 3 3 3 3 3 3 3 3 3 3 3 3 3 3 3 3 3 3 3 3 3 3 3 3 3 3 3 3 3 3 3 3 3 3 3 3 3 3 3 3 3 3 3 3 3 3 3 3 3 3 3 3 3 3 3 3 3 3 3 3 3 3 3 3 3 3 3 3 3 3 3 3 3 3 3 3 3 3 3 3 3 3 3 3 3 3 3 3 3 3 3 3 3 3 3 3 3 3 3 3 3 3 3 3 3 3 3 3 3 3 3 3 3 3 3 3 3 3 3 3 3 3 3 3 3 3 3 3 3 3 3 3 3 3 3 3 3 3 3 3 3 3 3 3 3 3 3 3 3 3 3 3 3 3 3 3 3 3 3 3 3 3 3 3 3 3 3 3 3 3 3 3 3 3 3 3 3 3 3 3 3 3 3 3 3 3 3 3 3 3 3 3 3 3 3 3 3 3 3 3 3 3 3 3 3 3 3 3 3 3 3 3 3 3 3 3 3 3 3 3 3 3 3 3 3 3 3 3 3 3 3 3 3 3 3 3 3 3 3 3 3 3 3 3 3 3 3 3 3 3 3 3 3 3 3 3 3 3 3 3 3 3 3 3 3 3 3 3 3 3 3 3 3 3 3 3 3 3 3 3 3 3 3 3 3 3 3 3 3 3 3 3 3 3 3 3 3 3 3 3 </vcount>
          <p>0 0 0 7 1 1 8 2 2 155 3 3 163 4 4 170 5 5 153 6 6 8 2 7 9 7 8 4 8 9 170 5 10 13 9 11 153 6 12 10 10 13 1 11 14 5 12 15 13 9 16 14 13 17 1 11 18 11 14 19 2 15 20 156 16 21 14 13 22 15 17 23 2 15 24 171 18 25 154 19 26 157 20 27 15 17 28 16 21 29 6 22 30 16 21 31 17 23 32 152 24 33 76 25 34 7 1 35 75 26 36 6 22 37 17 23 38 16 21 39 26 27 40 17 23 41 7 1 42 76 25 43 18 28 44 75 26 45 17 23 46 26 27 47 7 1 48 19 29 49 8 2 50 9 7 51 19 29 52 20 30 53 13 9 54 170 5 55 158 31 56 9 7 57 21 32 58 10 10 59 13 9 60 23 33 61 14 13 62 11 14 63 21 32 64 162 34 65 14 13 66 24 35 67 15 17 68 171 18 69 11 14 70 162 34 71 15 17 72 25 36 73 16 21 74 158 31 75 32 37 76 23 33 77 21 32 78 161 38 79 162 34 80 24 35 81 32 37 82 33 39 83 25 36 84 33 39 85 34 40 86 25 36 87 35 41 88 26 27 89 18 28 90 76 25 91 27 42 92 75 26 93 26 27 94 35 41 95 18 28 96 28 43 97 19 29 98 19 29 99 29 44 100 20 30 101 20 30 102 30 45 103 21 32 104 27 42 105 76 25 106 36 46 107 75 26 108 35 41 109 46 47 110 27 42 111 37 48 112 28 43 113 29 44 114 37 48 115 38 49 116 159 50 117 164 51 118 42 52 119 29 44 120 39 53 121 30 45 122 32 37 123 42 52 124 43 54 125 30 45 126 40 55 127 161 38 128 33 39 129 43 54 130 44 56 131 34 40 132 44 56 133 45 57 134 35 41 135 45 57 136 46 47 137 40 55 138 50 58 139 51 59 140 43 54 141 57 60 142 44 56 143 169 61 144 51 59 145 52 62 146 44 56 147 58 63 148 45 57 149 45 57 150 59 64 151 46 47 152 36 46 153 76 25 154 47 65 155 75 26 156 46 47 157 59 64 158 36 46 159 48 66 160 37 48 161 38 49 162 48 66 163 49 67 164 164 51 165 55 68 166 42 52 167 39 53 168 49 67 169 50 58 170 42 52 171 56 69 172 43 54 173 168 70 174 166 71 175 68 72 176 48 66 177 60 73 178 61 74 179 168 70 180 69 75 181 54 76 182 48 66 183 62 77 184 49 67 185 54 76 186 70 78 187 55 68 188 49 67 189 63 79 190 50 58 191 56 69 192 70 78 193 71 80 194 51 59 195 63 79 196 64 81 197 56 69 198 72 82 199 57 60 200 51 59 201 65 83 202 52 62 203 57 60 204 73 84 205 58 63 206 167 85 207 65 83 208 66 86 209 58 63 210 74 87 211 59 64 212 47 65 213 76 25 214 60 73 215 75 26 216 59 64 217 74 87 218 72 82 219 88 88 220 89 89 221 64 81 222 82 90 223 65 83 224 72 82 225 90 91 226 73 84 227 65 83 228 83 92 229 66 86 230 74 87 231 90 91 232 91 93 233 66 86 234 84 94 235 166 71 236 60 73 237 76 25 238 77 95 239 75 26 240 74 87 241 91 93 242 166 71 243 85 96 244 68 72 245 60 73 246 78 97 247 61 74 248 69 75 249 85 96 250 86 98 251 62 77 252 78 97 253 79 99 254 70 78 255 86 98 256 87 100 257 63 79 258 79 99 259 80 101 260 71 80 261 87 100 262 88 88 263 63 79 264 81 102 265 64 81 266 77 95 267 93 103 268 78 97 269 86 98 270 100 104 271 101 105 272 79 99 273 93 103 274 94 106 275 86 98 276 102 107 277 87 100 278 80 101 279 94 106 280 95 108 281 87 100 282 103 109 283 88 88 284 81 102 285 95 108 286 96 110 287 88 88 288 104 111 289 89 89 290 81 102 291 97 112 292 82 90 293 89 89 294 105 113 295 90 91 296 83 92 297 97 112 298 98 114 299 91 93 300 105 113 301 106 115 302 83 92 303 99 116 304 84 94 305 77 95 306 76 25 307 92 117 308 75 26 309 91 93 310 106 115 311 84 94 312 100 104 313 85 96 314 96 110 315 112 118 316 97 112 317 104 111 318 120 119 319 105 113 320 98 114 321 112 118 322 113 120 323 105 113 324 121 121 325 106 115 326 98 114 327 114 122 328 99 116 329 92 117 330 76 25 331 107 123 332 75 26 333 106 115 334 121 121 335 99 116 336 115 124 337 100 104 338 93 103 339 107 123 340 108 125 341 101 105 342 115 124 343 116 126 344 94 106 345 108 125 346 109 127 347 102 107 348 116 126 349 117 128 350 94 106 351 110 129 352 95 108 353 103 109 354 117 128 355 118 130 356 95 108 357 111 131 358 96 110 359 104 111 360 118 130 361 119 132 362 115 124 363 131 133 364 116 126 365 108 125 366 124 134 367 109 127 368 117 128 369 131 133 370 132 135 371 110 129 372 124 134 373 125 136 374 117 128 375 133 137 376 118 130 377 111 131 378 125 136 379 126 138 380 119 132 381 133 137 382 134 139 383 111 131 384 127 140 385 112 118 386 119 132 387 135 141 388 120 119 389 113 120 390 127 140 391 128 142 392 120 119 393 136 143 394 121 121 395 113 120 396 129 144 397 114 122 398 107 123 399 76 25 400 122 145 401 75 26 402 121 121 403 136 143 404 115 124 405 129 144 406 130 146 407 107 123 408 123 147 409 108 125 410 134 139 411 150 148 412 135 141 413 128 142 414 142 149 415 143 150 416 135 141 417 151 151 418 136 143 419 129 144 420 143 150 421 160 152 422 122 145 423 76 25 424 137 153 425 75 26 426 136 143 427 151 151 428 130 146 429 160 152 430 145 154 431 123 147 432 137 153 433 138 155 434 130 146 435 146 156 436 131 133 437 124 134 438 138 155 439 139 157 440 131 133 441 147 158 442 132 135 443 125 136 444 139 157 445 140 159 446 132 135 447 148 160 448 133 137 449 126 138 450 140 159 451 141 161 452 133 137 453 149 162 454 134 139 455 127 140 456 141 161 457 142 149 458 147 158 459 155 3 460 4 8 461 140 159 462 153 6 463 1 11 464 148 160 465 4 8 466 5 12 467 141 161 468 1 11 469 2 15 470 149 162 471 5 12 472 156 16 473 142 149 474 2 15 475 154 19 476 150 148 477 156 16 478 157 20 479 142 149 480 165 163 481 143 150 482 151 151 483 157 20 484 6 22 485 160 152 486 143 150 487 165 163 488 137 153 489 76 25 490 152 24 491 75 26 492 151 151 493 6 22 494 145 154 495 160 152 496 163 4 497 138 155 498 152 24 499 0 0 500 146 156 501 163 4 502 155 3 503 139 157 504 0 0 505 153 6 506 166 71 507 167 85 508 66 86 509 167 85 510 169 61 511 52 62 512 168 70 513 54 76 514 164 51 515 171 18 516 165 163 517 154 19 518 169 61 519 161 38 520 40 55 521 31 164 522 158 31 523 22 165 524 172 166 525 162 34 526 161 38 527 3 167 528 160 152 529 144 168 530 174 169 531 160 152 532 165 163 533 31 164 534 164 51 535 159 50 536 175 170 537 166 71 538 67 171 539 176 172 540 167 85 541 175 170 542 53 173 543 164 51 544 41 174 545 177 175 546 165 163 547 171 18 548 176 172 549 161 38 550 169 61 551 177 175 552 162 34 553 173 176 554 12 177 555 163 4 556 3 167 557 12 177 558 158 31 559 170 5 560 53 173 561 166 71 562 168 70 563 0 0 564 152 24 565 7 1 566 153 6 567 0 0 568 8 2 569 4 8 570 155 3 571 170 5 572 153 6 573 9 7 574 10 10 575 5 12 576 4 8 577 13 9 578 1 11 579 10 10 580 11 14 581 156 16 582 5 12 583 14 13 584 2 15 585 11 14 586 171 18 587 157 20 588 156 16 589 15 17 590 6 22 591 157 20 592 16 21 593 16 21 594 25 36 595 26 27 596 7 1 597 18 28 598 19 29 599 9 7 600 8 2 601 19 29 602 9 7 603 20 30 604 21 32 605 13 9 606 158 31 607 23 33 608 11 14 609 10 10 610 21 32 611 14 13 612 23 33 613 24 35 614 15 17 615 24 35 616 25 36 617 158 31 618 159 50 619 32 37 620 21 32 621 30 45 622 161 38 623 24 35 624 23 33 625 32 37 626 25 36 627 24 35 628 33 39 629 25 36 630 34 40 631 35 41 632 18 28 633 27 42 634 28 43 635 19 29 636 28 43 637 29 44 638 20 30 639 29 44 640 30 45 641 27 42 642 36 46 643 37 48 644 29 44 645 28 43 646 37 48 647 29 44 648 38 49 649 39 53 650 32 37 651 159 50 652 42 52 653 30 45 654 39 53 655 40 55 656 33 39 657 32 37 658 43 54 659 34 40 660 33 39 661 44 56 662 35 41 663 34 40 664 45 57 665 40 55 666 39 53 667 50 58 668 43 54 669 56 69 670 57 60 671 169 61 672 40 55 673 51 59 674 44 56 675 57 60 676 58 63 677 45 57 678 58 63 679 59 64 680 36 46 681 47 65 682 48 66 683 38 49 684 37 48 685 48 66 686 164 51 687 54 76 688 55 68 689 39 53 690 38 49 691 49 67 692 42 52 693 55 68 694 56 69 695 48 66 696 47 65 697 60 73 698 168 70 699 68 72 700 69 75 701 48 66 702 61 74 703 62 77 704 54 76 705 69 75 706 70 78 707 49 67 708 62 77 709 63 79 710 56 69 711 55 68 712 70 78 713 51 59 714 50 58 715 63 79 716 56 69 717 71 80 718 72 82 719 51 59 720 64 81 721 65 83 722 57 60 723 72 82 724 73 84 725 167 85 726 52 62 727 65 83 728 58 63 729 73 84 730 74 87 731 72 82 732 71 80 733 88 88 734 64 81 735 81 102 736 82 90 737 72 82 738 89 89 739 90 91 740 65 83 741 82 90 742 83 92 743 74 87 744 73 84 745 90 91 746 66 86 747 83 92 748 84 94 749 166 71 750 84 94 751 85 96 752 60 73 753 77 95 754 78 97 755 69 75 756 68 72 757 85 96 758 62 77 759 61 74 760 78 97 761 70 78 762 69 75 763 86 98 764 63 79 765 62 77 766 79 99 767 71 80 768 70 78 769 87 100 770 63 79 771 80 101 772 81 102 773 77 95 774 92 117 775 93 103 776 86 98 777 85 96 778 100 104 779 79 99 780 78 97 781 93 103 782 86 98 783 101 105 784 102 107 785 80 101 786 79 99 787 94 106 788 87 100 789 102 107 790 103 109 791 81 102 792 80 101 793 95 108 794 88 88 795 103 109 796 104 111 797 81 102 798 96 110 799 97 112 800 89 89 801 104 111 802 105 113 803 83 92 804 82 90 805 97 112 806 91 93 807 90 91 808 105 113 809 83 92 810 98 114 811 99 116 812 84 94 813 99 116 814 100 104 815 96 110 816 111 131 817 112 118 818 104 111 819 119 132 820 120 119 821 98 114 822 97 112 823 112 118 824 105 113 825 120 119 826 121 121 827 98 114 828 113 120 829 114 122 830 99 116 831 114 122 832 115 124 833 93 103 834 92 117 835 107 123 836 101 105 837 100 104 838 115 124 839 94 106 840 93 103 841 108 125 842 102 107 843 101 105 844 116 126 845 94 106 846 109 127 847 110 129 848 103 109 849 102 107 850 117 128 851 95 108 852 110 129 853 111 131 854 104 111 855 103 109 856 118 130 857 115 124 858 130 146 859 131 133 860 108 125 861 123 147 862 124 134 863 117 128 864 116 126 865 131 133 866 110 129 867 109 127 868 124 134 869 117 128 870 132 135 871 133 137 872 111 131 873 110 129 874 125 136 875 119 132 876 118 130 877 133 137 878 111 131 879 126 138 880 127 140 881 119 132 882 134 139 883 135 141 884 113 120 885 112 118 886 127 140 887 120 119 888 135 141 889 136 143 890 113 120 891 128 142 892 129 144 893 115 124 894 114 122 895 129 144 896 107 123 897 122 145 898 123 147 899 134 139 900 149 162 901 150 148 902 128 142 903 127 140 904 142 149 905 135 141 906 150 148 907 151 151 908 129 144 909 128 142 910 143 150 911 130 146 912 129 144 913 160 152 914 123 147 915 122 145 916 137 153 917 130 146 918 145 154 919 146 156 920 124 134 921 123 147 922 138 155 923 131 133 924 146 156 925 147 158 926 125 136 927 124 134 928 139 157 929 132 135 930 147 158 931 148 160 932 126 138 933 125 136 934 140 159 935 133 137 936 148 160 937 149 162 938 127 140 939 126 138 940 141 161 941 147 158 942 146 156 943 155 3 944 140 159 945 139 157 946 153 6 947 148 160 948 147 158 949 4 8 950 141 161 951 140 159 952 1 11 953 149 162 954 148 160 955 5 12 956 142 149 957 141 161 958 2 15 959 150 148 960 149 162 961 156 16 962 142 149 963 154 19 964 165 163 965 151 151 966 150 148 967 157 20 968 138 155 969 137 153 970 152 24 971 146 156 972 145 154 973 163 4 974 139 157 975 138 155 976 0 0 977 31 164 978 159 50 979 158 31 980 172 166 981 173 176 982 162 34 983 3 167 984 163 4 985 160 152 986 174 169 987 144 168 988 160 152 989 31 164 990 41 174 991 164 51 992 175 170 993 167 85 994 166 71 995 176 172 996 169 61 997 167 85 998 53 173 999 168 70 1000 164 51 1001 177 175 1002 174 169 1003 165 163 1004 176 172 1005 172 166 1006 161 38 1007 177 175 1008 171 18 1009 162 34 1010 12 177 1011 170 5 1012 163 4 1013 12 177 1014 22 165 1015 158 31 1016 53 173 1017 67 171 1018 166 71 1019</p>
        </polylist>
      </mesh>
    </geometry>
    <geometry id="Sphere_003-mesh" name="Sphere.003">
      <mesh>
        <source id="Sphere_003-mesh-positions">
          <float_array id="Sphere_003-mesh-positions-array" count="45">0.7397151 0.3531219 0.4322133 0.7556928 -0.0649451 0.5153171 0.6415889 -0.4464811 0.5152924 0.3994367 -0.7861337 0.4323462 -0.02836173 -0.8919767 0.248669 0.4498249 0.6853475 0.24865 -0.239224 0.02764099 0 0.7573062 -0.06461781 -0.5816105 0.6427426 -0.4476364 -0.5816137 9.52637e-4 0.8739028 -0.0560972 0.4706746 0.7151213 -0.3302771 0.3979657 -0.7904158 -0.5148051 -0.5056523 -0.8164225 -0.05651241 -0.015863 -0.9419268 -0.3242245 0.7411467 0.3562374 -0.5144422</float_array>
          <technique_common>
            <accessor source="#Sphere_003-mesh-positions-array" count="15" stride="3">
              <param name="X" type="float"/>
              <param name="Y" type="float"/>
              <param name="Z" type="float"/>
            </accessor>
          </technique_common>
        </source>
        <source id="Sphere_003-mesh-normals">
          <float_array id="Sphere_003-mesh-normals-array" count="45">0.4823896 -0.1589755 0.86141 0.4904417 -0.1325138 0.8613402 0.957746 -0.284925 -0.03924733 0.4888814 -0.1022381 0.8663386 0.4836733 -0.08075463 0.8715153 0.9593305 -0.2660025 0.09448641 0.4714 -0.1765842 0.8640603 0.4523564 -0.1873577 0.8719351 0.9447866 -0.3060477 0.1171026 0.4514939 -0.1218612 -0.8839136 0.4442636 -0.1458193 -0.8839494 0.4385054 -0.1400238 -0.8877536 0.4414516 -0.1255535 -0.8884576 0.4626765 -0.1309899 -0.8767965 0.4578742 -0.148291 -0.8765622</float_array>
          <technique_common>
            <accessor source="#Sphere_003-mesh-normals-array" count="15" stride="3">
              <param name="X" type="float"/>
              <param name="Y" type="float"/>
              <param name="Z" type="float"/>
            </accessor>
          </technique_common>
        </source>
        <source id="Sphere_003-mesh-map-0">
          <float_array id="Sphere_003-mesh-map-0-array" count="84">1 0.3866642 0.9999999 0.6132207 0.5010703 0.501455 0.5010703 0.501455 0.9999999 0.6132207 0.9337251 0.8391041 0.5010703 0.501455 0.9337251 0.8391041 0.7562459 0.9900576 0.7562459 0.9900576 0.5085056 0.9999959 0.5010703 0.501455 1 0.3866642 0.5010703 0.501455 0.9337256 0.1608225 0.9337256 0.1608225 0.5010703 0.501455 0.7582454 0.01137304 0.7582454 0.01137304 0.5010703 0.501455 0.5082222 0 0 0.3875341 0.4842684 0.5015257 1.04749e-4 0.6132116 0.06952029 0.8375487 1.04749e-4 0.6132116 0.4842684 0.5015257 0 0.3875341 0.06900495 0.1637527 0.4842684 0.5015257 0.2531633 0.03666144 0.5010704 0 0.4842684 0.5015257 0.4842684 0.5015257 0.5010703 1 0.2512475 0.9706977 0.2512475 0.9706977 0.06952029 0.8375487 0.4842684 0.5015257 0.06900495 0.1637527 0.2531633 0.03666144 0.4842684 0.5015257</float_array>
          <technique_common>
            <accessor source="#Sphere_003-mesh-map-0-array" count="42" stride="2">
              <param name="S" type="float"/>
              <param name="T" type="float"/>
            </accessor>
          </technique_common>
        </source>
        <vertices id="Sphere_003-mesh-vertices">
          <input semantic="POSITION" source="#Sphere_003-mesh-positions"/>
        </vertices>
        <polylist material="mouth-material" count="14">
          <input semantic="VERTEX" source="#Sphere_003-mesh-vertices" offset="0"/>
          <input semantic="NORMAL" source="#Sphere_003-mesh-normals" offset="1"/>
          <input semantic="TEXCOORD" source="#Sphere_003-mesh-map-0" offset="2" set="0"/>
          <vcount>3 3 3 3 3 3 3 3 3 3 3 3 3 3 </vcount>
          <p>8 0 0 7 1 1 6 2 2 6 2 3 7 1 4 14 3 5 6 2 6 14 3 7 10 4 8 10 4 9 9 5 10 6 2 11 8 0 12 6 2 13 11 6 14 11 6 15 6 2 16 13 7 17 13 7 18 6 2 19 12 8 20 2 9 21 6 2 22 1 10 23 0 11 24 1 10 25 6 2 26 2 9 27 3 12 28 6 2 29 4 13 30 12 8 31 6 2 32 6 2 33 9 5 34 5 14 35 5 14 36 0 11 37 6 2 38 3 12 39 4 13 40 6 2 41</p>
        </polylist>
      </mesh>
    </geometry>
    <geometry id="Sphere_004-mesh" name="Sphere.004">
      <mesh>
        <source id="Sphere_004-mesh-positions">
          <float_array id="Sphere_004-mesh-positions-array" count="138">0.4962461 0.7392637 -0.3403747 0.7397151 0.3531219 0.4322133 0.7832569 0.3774811 -0.1799373 0.8278229 -0.0649451 0.02092975 0.7819525 -0.06809508 -0.6069144 0.6415889 -0.4464811 0.5152924 0.7661268 -0.5500434 -0.07584899 0.4498409 -0.7516826 0.02669554 0.4133518 -0.7953981 -0.5378333 0.02989155 -0.8919767 0.004269123 -0.01804631 -0.9634716 -0.3435723 -0.501844 -0.8645383 -0.05684971 0.01698964 0.9207246 -0.05667734 0.3298246 0.7298716 0.1740038 0.7573062 -0.06461781 -0.5816105 0.7284264 -0.5294436 -0.05054634 0.6803074 -0.4679912 0.5391065 0.8720011 -0.06822991 0.04472911 9.52637e-4 0.8739028 -0.0560972 0.4706746 0.7151213 -0.3302771 0.3563166 0.7722687 0.1812365 0.3900504 -0.7560071 -0.5171227 0.02862435 -0.9417045 0.011491 -0.5056523 -0.8164225 -0.05651241 0.4726153 -0.7951436 0.04559105 -0.015863 -0.9419268 -0.3242245 0.7499403 0.3762074 0.451187 0.7411467 0.3562374 -0.1582875 0.2991883 -0.9151462 -0.07996261 0.2899751 -0.8704196 -0.06427103 -0.2661432 -0.9101749 -0.02738404 -0.257811 -0.8612944 -0.02361565 0.416866 0.7958314 -0.02245748 0.3965132 0.7505926 -0.0175693 0.7465152 0.3831206 -0.5560557 0.6596431 -0.4533964 -0.606457 -0.2185893 -0.9118111 0.1347382 -0.2132595 -0.8627078 0.1304447 0.1880179 -0.8877024 0.3499895 0.1777244 -0.8410014 0.3371445 0.6419326 0.6453824 0.00176388 0.6066586 0.6132836 -0.01172989 0.7841959 -0.06794399 0.5461787 0.4133021 -0.7702224 0.4845367 -0.04132795 -0.9391371 0.2528051 0.5815351 0.661311 0.31353</float_array>
          <technique_common>
            <accessor source="#Sphere_004-mesh-positions-array" count="46" stride="3">
              <param name="X" type="float"/>
              <param name="Y" type="float"/>
              <param name="Z" type="float"/>
            </accessor>
          </technique_common>
        </source>
        <source id="Sphere_004-mesh-normals">
          <float_array id="Sphere_004-mesh-normals-array" count="138">0.3260954 0.03671431 0.9446237 0.7390434 -0.413774 0.531607 0.9462442 -0.05536156 0.3186802 0.028535 0.0163275 -0.9994595 0.8142971 -0.105995 -0.5706886 0.7038128 -0.5341543 -0.4683235 0.1767378 -0.6235419 0.7615506 0.6699638 0.436978 0.6001657 0.2406434 -0.6684607 0.7037408 -0.07947081 -0.1754828 -0.9812697 0.8718562 0.38818 0.2986353 0.1796962 0.4668502 -0.8658869 -0.1000106 0.4176519 0.9030863 -0.1930629 0.1031236 0.9757522 0.06784498 0.2308805 -0.9706138 0.2618578 -0.6552853 -0.708542 -0.01202458 -0.4346861 -0.9005018 -0.07669544 0.3923281 -0.9166224 0.4442391 -0.6210375 -0.6457276 0.4198902 -0.8440837 -0.3334889 -0.009247243 -0.3365947 0.9416043 0.4246419 -0.6481634 0.6321104 0.1480168 0.4235113 0.8937165 -0.08203452 -0.3420243 -0.9361035 0.6403741 0.4122772 -0.6480343 0.3124527 -0.2158298 -0.9250897 0.07803678 0.3236833 -0.942942 -0.659582 0.01202458 -0.7515365 0.802347 0.1904086 0.5656714 0.6936996 0.3904922 0.6052247 -0.2549273 -0.3313781 0.9084056 0.401759 0.565832 0.7200167 0.6416697 -0.6680994 0.3767005 0.1658406 -0.6758447 0.7181442 0.6474301 -0.6944293 0.31401 0.1331849 -0.9180726 0.3733695 0.5363807 -0.8252174 0.1769522 0.3683702 -0.1161876 -0.9223904 0.3658618 0.3279266 -0.8709818 0.7247206 0.6833664 0.08826291 0.2856926 0.4380457 -0.8523473 0.05270618 -0.9982748 0.02588003 0.6236676 -0.7782188 0.0735827 -0.01611387 0.08981674 0.995828 0.8977274 0.2607575 -0.355093 0.6842069 0.7229967 0.0955857</float_array>
          <technique_common>
            <accessor source="#Sphere_004-mesh-normals-array" count="46" stride="3">
              <param name="X" type="float"/>
              <param name="Y" type="float"/>
              <param name="Z" type="float"/>
            </accessor>
          </technique_common>
        </source>
        <source id="Sphere_004-mesh-map-0">
          <float_array id="Sphere_004-mesh-map-0-array" count="420">0.4477375 0.6582186 0.428164 0.8700385 0.4353898 0.6491916 0.2628656 0.3001084 0.2415059 0.5340824 0.2433171 0.2953096 0.2708558 0.8568567 0.2840039 0.9986917 0.2628656 0.9991374 0.9050874 0.992247 0.9264281 0.804835 0.9264281 0.9965469 0.6264817 0.6028795 0.6400054 0.8527923 0.6203988 0.8511015 0.2415089 0.6001605 0.2628656 0.5399404 0.2628656 0.6010375 0.1486611 0.6194601 0.01208686 0.6125136 0.1590817 0.6016163 0.1423717 0.8266972 0.157832 0.9754293 0.1384503 0.9754293 0.670975 0.703131 0.8034487 0.6335207 0.6721382 0.7169156 0.2401299 0.5280005 0.2180443 0.2981231 0.2401299 0.2953096 0.6614288 0.8148491 0.6400054 0.6052398 0.6614287 0.6028394 0.9675902 0.8329015 0.9824249 0.6251918 0.9824249 0.8343479 0.7998622 0.2635428 0.7822294 0 0.7998623 2.90806e-5 0.3053699 0.852468 0.2852557 0.9592531 0.2840039 0.852411 0.9632117 0.6321136 0.9437095 0.8402783 0.9462701 0.6251918 0.6614287 0.8319528 0.6402752 0.979766 0.652819 0.8226473 0.5799049 0.8127537 0.6011229 0.9960366 0.5797954 0.9966003 0.9370561 0.08383291 0.9999999 0 1 0.2490742 0.4605105 0.6789096 0.6203987 0.6028394 0.6203988 0.8103672 0.2180442 0.6016163 0 0.5675256 0.09329032 0.419097 0.7822294 0 0.7905918 0.2724231 0.6761109 0.1180381 0.1590817 0.7060431 0.2598524 0.6016163 0.2598523 0.859928 0.9649569 0.9955424 0.9451593 0.8463225 0.9649568 0.8431194 0.9437094 0.6251918 0.9437095 0.804835 0.8034487 0.7092784 0.09329032 0.419097 0.2180443 0.2953096 0.2180442 0.6016163 0.1181298 0.8292568 0.1384503 0.9749492 0.116869 0.9752988 0.5797954 0.8103672 0.5084103 0.8937523 0.4605105 0.8128312 0.6761108 0.00470972 0.5552615 0.1640566 0.5209072 0.08757102 0.2628656 0 0.124171 0.1843996 0 0.03269976 0.428164 0.6505056 0.4071506 0.8674539 0.4156978 0.6491916 0.6721382 0.7169156 0.8034487 0.6335207 0.8034487 0.7556796 0.5209072 0.2914482 0.2628656 0.2914482 0.3656604 0.1324758 0.9050874 0.804835 0.9050874 1 0.8034487 0.9568181 0.3656604 0.1324758 0.488177 0 0.5209072 0.2914482 0.5552615 0.1640566 0.6596757 0 0.6761109 0.2594026 0.5084103 0.8937523 0.5797954 0.8103672 0.5797954 0.9740691 0.8034487 0.7556796 0.8022101 0.8707412 0.6721382 0.7169156 0.116869 0.9838602 0 0.9718375 0.116869 0.8233364 0.9128623 0.4529395 0.9764901 0.2914482 0.9764901 0.5440818 0.670975 0.3635861 0.8119997 0.4638735 0.701815 0.6251918 0.8119997 0.2914482 0.8119997 0.4638735 0.670975 0.3635861 0.8119997 0.4362469 0.9128623 0.2914482 0.9128623 0.5327687 0.670975 0.6028394 0.5366951 0.4942175 0.6709749 0.2914482 0.6709749 0.2914482 0.5366951 0.4942175 0.4605105 0.3644995 0.937056 0 0.937056 0.1967813 0.7998623 0.09906661 0 0.6278371 0.1486611 0.6194601 0.1590817 0.8233364 0.2628656 0.4891669 0.4605104 0.2914482 0.4605105 0.6491916 0.2628656 0.852411 0.31674 0.6491916 0.4071506 0.852411 0.4477375 0.6582186 0.4477376 0.8782936 0.428164 0.8700385 0.2628656 0.3001084 0.2628656 0.5378882 0.2415059 0.5340824 0.2708558 0.8568567 0.2840039 0.852411 0.2840039 0.9986917 0.9050874 0.992247 0.9051581 0.8065654 0.9264281 0.804835 0.6264817 0.6028795 0.6400053 0.6028394 0.6400054 0.8527923 0.2415089 0.6001605 0.2413508 0.5378882 0.2628656 0.5399404 0.1486611 0.6194601 0 0.6278371 0.01208686 0.6125136 0.1423717 0.8266972 0.1510264 0.8233364 0.157832 0.9754293 0.670975 0.703131 0.8022332 0.6251918 0.8034487 0.6335207 0.2401299 0.5280005 0.2236921 0.5415002 0.2180443 0.2981231 0.6614288 0.8148491 0.6561878 0.8226473 0.6400054 0.6052398 0.9675902 0.8329015 0.9632117 0.6289303 0.9824249 0.6251918 0.7998622 0.2635428 0.7905918 0.2724231 0.7822294 0 0.3053699 0.852468 0.3053699 0.9646558 0.2852557 0.9592531 0.9632117 0.6321136 0.9632117 0.8431194 0.9437095 0.8402783 0.6614287 0.8319528 0.6614288 0.9832516 0.6402752 0.979766 0.5799049 0.8127537 0.6011229 0.8103672 0.6011229 0.9960366 0.9649569 0.9955424 0.9437095 0.9971851 0.9451593 0.8463225 0.1181298 0.8292568 0.1384503 0.8233364 0.1384503 0.9749492 0.6761108 0.00470972 0.6761109 0.2594026 0.5552615 0.1640566 0.2628656 0 0.2628656 0.2953096 0.124171 0.1843996 0.428164 0.6505056 0.428164 0.8704862 0.4071506 0.8674539</float_array>
          <technique_common>
            <accessor source="#Sphere_004-mesh-map-0-array" count="210" stride="2">
              <param name="S" type="float"/>
              <param name="T" type="float"/>
            </accessor>
          </technique_common>
        </source>
        <vertices id="Sphere_004-mesh-vertices">
          <input semantic="POSITION" source="#Sphere_004-mesh-positions"/>
        </vertices>
        <polylist material="teeths-material" count="70">
          <input semantic="VERTEX" source="#Sphere_004-mesh-vertices" offset="0"/>
          <input semantic="NORMAL" source="#Sphere_004-mesh-normals" offset="1"/>
          <input semantic="TEXCOORD" source="#Sphere_004-mesh-map-0" offset="2" set="0"/>
          <vcount>3 3 3 3 3 3 3 3 3 3 3 3 3 3 3 3 3 3 3 3 3 3 3 3 3 3 3 3 3 3 3 3 3 3 3 3 3 3 3 3 3 3 3 3 3 3 3 3 3 3 3 3 3 3 3 3 3 3 3 3 3 3 3 3 3 3 3 3 3 3 </vcount>
          <p>14 0 0 6 1 1 4 2 2 5 3 3 17 4 4 16 5 5 19 6 6 32 7 7 33 8 8 13 9 9 12 10 10 20 11 11 21 12 12 6 1 13 15 13 14 37 14 15 22 15 16 36 16 17 39 17 18 24 18 19 38 19 20 25 20 21 28 21 22 29 22 23 41 23 24 20 11 25 40 24 26 5 3 27 24 18 28 7 25 29 1 26 30 17 4 31 3 27 32 19 6 33 2 28 34 0 29 35 14 0 36 2 28 37 27 30 38 31 31 39 11 32 40 30 33 41 21 12 42 28 21 43 8 34 44 25 20 45 30 33 46 10 35 47 33 8 48 12 10 49 18 36 50 30 33 51 11 32 52 10 35 53 28 21 54 10 35 55 8 34 56 6 1 57 8 34 58 35 37 59 2 28 60 4 2 61 34 38 62 32 7 63 0 29 64 12 10 65 37 14 66 11 32 67 23 39 68 34 38 69 0 29 70 2 28 71 35 37 72 4 2 73 6 1 74 39 17 75 22 15 76 9 40 77 22 15 78 44 41 79 36 16 80 7 25 81 43 42 82 38 19 83 3 27 84 42 43 85 26 44 86 1 26 87 40 24 88 26 44 89 40 24 90 20 11 91 45 45 92 17 4 93 26 44 94 42 43 95 24 18 96 43 42 97 38 19 98 42 43 99 16 5 100 17 4 101 43 42 102 24 18 103 16 5 104 44 41 105 22 15 106 38 19 107 45 45 108 26 44 109 40 24 110 9 40 111 37 14 112 39 17 113 31 31 114 25 20 115 23 39 116 27 30 117 34 38 118 14 0 119 19 6 120 34 38 121 27 30 122 33 8 123 18 36 124 19 6 125 14 0 126 35 37 127 15 13 128 15 13 129 35 37 130 21 12 131 29 22 132 21 12 133 25 20 134 7 25 135 39 17 136 5 3 137 3 27 138 5 3 139 1 26 140 41 23 141 1 26 142 13 9 143 14 0 144 15 13 145 6 1 146 5 3 147 3 27 148 17 4 149 19 6 150 0 29 151 32 7 152 13 9 153 18 36 154 12 10 155 21 12 156 8 34 157 6 1 158 37 14 159 9 40 160 22 15 161 39 17 162 7 25 163 24 18 164 25 20 165 10 35 166 28 21 167 41 23 168 13 9 169 20 11 170 5 3 171 16 5 172 24 18 173 1 26 174 26 44 175 17 4 176 19 6 177 27 30 178 2 28 179 14 0 180 4 2 181 2 28 182 31 31 183 23 39 184 11 32 185 21 12 186 29 22 187 28 21 188 25 20 189 31 31 190 30 33 191 33 8 192 32 7 193 12 10 194 37 14 195 36 16 196 11 32 197 39 17 198 38 19 199 22 15 200 7 25 201 16 5 202 43 42 203 3 27 204 16 5 205 42 43 206 1 26 207 41 23 208 40 24 209</p>
        </polylist>
      </mesh>
    </geometry>
    <geometry id="Circle-mesh" name="Circle">
      <mesh>
        <source id="Circle-mesh-positions">
          <float_array id="Circle-mesh-positions-array" count="576">2.313161 -0.6193053 0.2494847 2.412114 -0.6756727 0.2436479 2.516531 -0.7164545 0.2227474 2.622401 -0.7400832 0.1875861 2.725654 -0.7456509 0.1395152 2.822323 -0.7329439 0.08038228 2.908692 -0.7024503 0.01245969 2.981443 -0.6553419 -0.0616424 3.03778 -0.593429 -0.1390762 3.075538 -0.5190912 -0.2168661 3.093265 -0.4351848 -0.2920227 3.09028 -0.3449345 -0.3616577 3.066699 -0.2518087 -0.423095 3.023428 -0.1593859 -0.4739736 2.962128 -0.07121801 -0.5123385 2.885157 0.00930655 -0.5367148 2.795471 0.07909363 -0.5461664 2.696518 0.135461 -0.5403296 2.5921 0.1762427 -0.5194289 2.486231 0.1998715 -0.4842677 2.382977 0.2054394 -0.4361969 2.286309 0.1927323 -0.3770638 2.199939 0.1622385 -0.309141 2.127188 0.1151299 -0.2350388 2.070851 0.05321693 -0.157605 2.033094 -0.02112108 -0.07981497 2.015367 -0.1050274 -0.00465846 2.018352 -0.1952778 0.06497633 2.041933 -0.2884037 0.1264137 2.085205 -0.3808265 0.1772922 2.146504 -0.4689944 0.2156569 2.223476 -0.5495188 0.2400332 2.413064 -0.4576556 0.3169698 2.499005 -0.5066106 0.3119006 2.589691 -0.5420294 0.2937486 2.681639 -0.5625509 0.2632111 2.771313 -0.5673866 0.2214617 2.85527 -0.5563506 0.170105 2.930281 -0.5298669 0.1111144 2.993466 -0.4889534 0.04675698 3.042394 -0.4351824 -0.0204941 3.075187 -0.3706202 -0.08805435 3.090583 -0.2977477 -0.1533275 3.08799 -0.2193655 -0.2138053 3.06751 -0.1384861 -0.2671634 3.029929 -0.05821728 -0.3113513 2.97669 0.01835632 -0.344671 2.909841 0.0882917 -0.3658418 2.831949 0.1489012 -0.3740504 2.746009 0.1978564 -0.3689813 2.655323 0.233275 -0.3508292 2.563375 0.2537966 -0.3202916 2.4737 0.2586323 -0.2785423 2.389743 0.2475962 -0.2271854 2.314732 0.2211124 -0.1681948 2.251548 0.1801989 -0.1038373 2.20262 0.1264275 -0.03658616 2.169828 0.06186527 0.03097409 2.154432 -0.01100724 0.09624725 2.157024 -0.08938932 0.156725 2.177504 -0.1702688 0.210083 2.215085 -0.2505375 0.2542709 2.268324 -0.3271113 0.2875906 2.335174 -0.3970464 0.3087614 2.471805 -0.5685207 0.3014772 2.37532 -0.5135596 0.3071683 2.573617 -0.6082854 0.281098 2.676846 -0.6313247 0.2468136 2.777524 -0.6367537 0.1999421 2.871781 -0.6243635 0.1422842 2.955996 -0.5946305 0.07605594 3.026932 -0.5486972 0.003802359 3.081863 -0.4883286 -0.07169979 3.118679 -0.4158453 -0.1475492 3.135964 -0.334032 -0.2208309 3.133054 -0.2460331 -0.2887288 3.110061 -0.1552302 -0.3486335 3.067868 -0.06511306 -0.398243 3.008099 0.02085524 -0.4356506 2.933047 0.09937131 -0.4594191 2.845599 0.1674174 -0.4686347 2.749114 0.2223786 -0.4629437 2.647301 0.2621432 -0.4425644 2.544073 0.2851824 -0.4082801 2.443395 0.2906114 -0.3614086 2.349138 0.2782213 -0.3037506 2.264923 0.248488 -0.2375223 2.193987 0.2025545 -0.1652686 2.139055 0.1421861 -0.08976632 2.10224 0.06970262 -0.01391685 2.084955 -0.01211071 0.05936485 2.087865 -0.1001096 0.1272627 2.110858 -0.1909124 0.1871673 2.153051 -0.2810298 0.2367766 2.212821 -0.3669982 0.2741843 2.287873 -0.445514 0.2979527 1.75881 -3.521599 -0.5937073 1.872643 -3.5149 -0.5933409 1.983331 -3.492925 -0.5769609 2.08662 -3.456518 -0.5451966 2.17854 -3.407078 -0.4992688 2.255559 -3.346505 -0.4409425 2.314719 -3.277127 -0.3724594 2.353743 -3.20161 -0.2964511 2.371134 -3.122857 -0.2158378 2.366223 -3.043893 -0.1337186 2.339199 -2.967753 -0.05324864 2.291099 -2.897363 0.02247923 2.223774 -2.835428 0.09055554 2.139809 -2.784329 0.1483638 2.042431 -2.746028 0.1936821 1.935383 -2.721999 0.2247692 1.822779 -2.713164 0.2404305 1.708945 -2.719863 0.2400639 1.598257 -2.741838 0.2236838 1.494969 -2.778245 0.1919196 1.403048 -2.827685 0.1459919 1.326029 -2.888258 0.08766561 1.266869 -2.957636 0.01918214 1.227845 -3.033153 -0.05682623 1.210454 -3.111907 -0.1374394 1.215365 -3.190871 -0.2195584 1.24239 -3.267011 -0.3000286 1.290489 -3.337401 -0.3757568 1.357816 -3.399335 -0.4438328 1.441781 -3.450435 -0.5016409 1.539158 -3.488735 -0.5469593 1.646206 -3.512764 -0.5780461 1.765339 -3.586254 -0.4028072 1.864203 -3.580435 -0.402489 1.960334 -3.56135 -0.3882631 2.050041 -3.529731 -0.3606756 2.129873 -3.486792 -0.3207881 2.196764 -3.434185 -0.2701317 2.248143 -3.373931 -0.2106544 2.282037 -3.308344 -0.144641 2.297141 -3.239947 -0.074629 2.292876 -3.171367 -0.003308713 2.269405 -3.10524 0.0665791 2.227631 -3.044106 0.1323487 2.169159 -2.990316 0.1914727 2.096235 -2.945936 0.2416788 2.011663 -2.912673 0.2810376 1.918692 -2.891803 0.3080368 1.820896 -2.88413 0.3216384 1.722032 -2.889948 0.3213202 1.6259 -2.909033 0.3070943 1.536194 -2.940653 0.2795069 1.456361 -2.983591 0.2396188 1.38947 -3.036199 0.1889628 1.338091 -3.096453 0.1294853 1.304198 -3.162039 0.06347209 1.289094 -3.230437 -0.00654006 1.293359 -3.299017 -0.07786035 1.31683 -3.365144 -0.1477482 1.358605 -3.426278 -0.2135179 1.417077 -3.480067 -0.2726418 1.49 -3.524447 -0.322848 1.574573 -3.557711 -0.3622066 1.667543 -3.57858 -0.3892055 1.871407 -3.570942 -0.4698636 1.760414 -3.577473 -0.4702209 1.979334 -3.549515 -0.4538925 2.080046 -3.514015 -0.4229202 2.169674 -3.465809 -0.3781385 2.244772 -3.406747 -0.3212672 2.302455 -3.3391 -0.2544921 2.340507 -3.265467 -0.1803796 2.357464 -3.188678 -0.1017777 2.352674 -3.111683 -0.02170699 2.326324 -3.037443 0.0567553 2.279425 -2.968809 0.1305946 2.213778 -2.908419 0.1969725 2.131908 -2.858594 0.2533384 2.03696 -2.821249 0.2975265 1.932582 -2.79782 0.3278381 1.822787 -2.789205 0.3431087 1.711794 -2.795737 0.3427515 1.603867 -2.817164 0.32678 1.503154 -2.852662 0.295808 1.413527 -2.900869 0.2510261 1.338428 -2.959931 0.1941548 1.280745 -3.027578 0.1273798 1.242694 -3.101211 0.05326688 1.225737 -3.178 -0.02533489 1.230526 -3.254995 -0.1054056 1.256876 -3.329236 -0.183868 1.303776 -3.39787 -0.2577072 1.369423 -3.458259 -0.3240851 1.451294 -3.508084 -0.380451 1.546242 -3.545428 -0.4246389 1.650619 -3.568859 -0.4549505</float_array>
          <technique_common>
            <accessor source="#Circle-mesh-positions-array" count="192" stride="3">
              <param name="X" type="float"/>
              <param name="Y" type="float"/>
              <param name="Z" type="float"/>
            </accessor>
          </technique_common>
        </source>
        <source id="Circle-mesh-normals">
          <float_array id="Circle-mesh-normals-array" count="576">-0.2338382 0.08835309 -0.9682528 0.2696372 -0.9429826 -0.1951398 -0.2575795 -0.9555467 0.1434693 0.2549291 0.8051034 0.5355556 0.03842365 0.7350852 0.6768851 0.1413338 0.2385065 0.9608015 -0.9292072 -0.0472126 -0.3665313 -0.6512404 0.52709 0.5459507 -0.6304342 0.6506683 0.4233006 0.3003376 -0.2863599 -0.9098327 0.9514737 0.2824268 -0.1221998 0.3703818 -0.3894868 -0.8432778 -0.9581164 -0.1423105 -0.2485169 -0.6410818 0.393878 0.6586913 0.2135704 -0.1900709 -0.9582593 0.8832336 0.4185441 -0.2114694 -0.5470553 -0.8169663 0.1824738 -0.02511733 -0.3165766 0.9482344 -0.1767668 -0.2340818 0.9560121 -0.9584273 -0.25096 -0.1357802 -0.6004359 0.2561176 0.7575491 0.1136533 -0.10288 -0.9881796 0.7866936 0.5500782 -0.2802273 -0.4056912 -0.8969581 0.1757293 -0.9290087 -0.368521 -0.03369331 -0.5307881 0.119116 0.839092 0.003875851 -0.02652072 -0.9996408 0.6656031 0.6716155 -0.3254311 -0.1093809 -0.9901657 0.08722394 0.1338557 -0.3755344 0.9170914 -0.8703736 -0.4895565 0.05276745 -0.4345282 -0.0116887 0.9005824 -0.1128282 0.03766024 -0.9929007 0.524748 0.7781493 -0.3451422 0.03204506 -0.9994412 0.009521961 0.2939032 -0.4091144 0.8638556 -0.7846181 -0.6083391 0.1195742 -0.3150188 -0.1310797 0.9399902 0.2070132 0.9293165 -0.3058046 0.369804 0.8652566 -0.3384911 0.1603186 -0.9833061 -0.08606481 0.4488732 -0.4166756 0.7905026 -0.6752575 -0.719235 0.1634888 0.04300189 0.967711 -0.2483673 0.5930594 -0.3986487 0.6995427 -0.3564676 0.1241532 -0.9260221 -0.1156073 0.9788782 -0.1686195 0.3552787 -0.8809483 -0.3125817 0.7213496 -0.3561275 0.5939934 -0.4777703 0.1435905 -0.8666703 -0.2624678 0.962402 -0.06995069 0.413926 -0.8007513 -0.4329696 0.8292601 -0.2907842 0.4772549 -0.5943613 0.1451187 -0.7909964 -0.3917778 0.9190314 0.04349017 0.4439382 -0.7067426 -0.5508484 0.9128299 -0.2048144 0.35326 -0.7023122 0.1273269 -0.7003895 -0.4985935 0.8506029 0.166971 0.4453944 -0.603727 -0.6611638 0.9687962 -0.1008349 0.2264207 -0.7971854 0.08923739 -0.5971032 -0.5790457 0.7599346 0.2953063 0.4199187 -0.4965228 -0.759693 0.9946733 0.017762 0.1015365 -0.874288 0.03073298 -0.4844337 0.9889869 0.1470998 -0.01632744 0.2179393 0.1965757 0.9559605 0.2992403 0.1704494 0.9388302 0.3803007 0.1612638 0.9106951 0.4564132 0.1688011 0.8736093 0.5236532 0.1916317 0.8300992 0.5791053 0.2273389 0.7829138 0.6210695 0.2730264 0.7346627 0.6489585 0.3255474 0.6876568 0.663096 0.3820119 0.6437162 0.6644355 0.4399051 0.6041599 0.6542402 0.4971578 0.5699157 0.6340074 0.5521547 0.5414424 0.6050714 0.6037285 0.5190381 0.5687606 0.650919 0.502808 0.526214 0.693002 0.4927953 0.4785127 0.7293512 0.4889503 0.4265378 0.7593814 0.4913303 0.3712942 0.7824768 0.4998708 0.3137387 0.7979584 0.5146169 0.1962049 0.8031005 0.5626129 0.1391965 0.7911706 0.5955448 0.08581966 0.7686541 0.6338817 -3.05192e-4 0.690528 0.7233057 -0.02765011 0.6356792 0.771458 -0.04092609 0.5721418 0.819133 -0.03802704 0.5024701 0.8637579 -0.01763981 0.4300705 0.9026231 0.02017301 0.359086 0.9330865 0.0740996 0.2938349 0.9529798 -0.2540398 0.9656807 -0.05407953 0.6820706 0.6618365 -0.3110503 0.2541044 -0.1555573 -0.9545853 0.05487376 -0.4757661 0.8778585 -0.3279895 -0.6697127 0.6662641 0.01083421 -0.9565878 0.2912429 -0.7847123 0.3532304 -0.5093672 -0.823197 -0.5501409 0.1403277 -0.867663 -0.4261407 0.2560567 0.3962611 0.9113029 -0.1118223 0.6830873 0.1378565 0.717208 0.5088802 0.844807 -0.165354 -0.7614758 0.233988 -0.6044868 -0.7471129 -0.6639478 0.03155696 0.2726913 0.9593788 -0.07233107 0.5553868 0.2273674 0.799906 -0.06558609 -0.1973076 -0.9781453 0.1431646 -0.9512776 -0.2730841 -0.02935963 -0.9604142 -0.2770244 -0.706731 0.1203063 -0.6971785 -0.6424887 -0.763436 -0.06613492 0.1424015 0.9886926 -0.04699921 0.4056338 0.295947 0.8647987 0.09674644 -0.1893118 -0.9771393 -0.6218703 0.01757937 -0.782923 -0.5132116 -0.8452304 -0.1489949 0.009064197 0.9993235 -0.03564649 0.2397304 0.3405668 0.9091445 0.3994011 -0.09756898 -0.9115697 0.3101354 -0.9184731 -0.2454043 -0.5100693 -0.06915676 -0.8573487 -0.3640628 -0.906571 -0.2135118 -0.1240612 0.9915433 -0.03808814 0.06436449 0.3592693 0.9310117 0.526056 -0.0180062 -0.8502594 0.4652081 -0.8633345 -0.1955381 -0.3759968 -0.1358105 -0.9166144 -0.2006615 -0.945383 -0.2568773 -0.2860859 0.3169101 0.9042804 -0.1132864 0.3512733 0.929394 0.6285006 0.07947051 -0.7737388 0.6027781 -0.7879055 -0.1259513 -0.2255678 -0.1792091 -0.9576029 -0.4469802 0.2575492 0.8566663 0.7023462 0.1904114 -0.6858961 0.7180795 -0.6948241 -0.03976613 -0.3778612 0.9220837 -0.08356219 -0.5894466 0.1757292 0.7884619 0.7447683 0.3095902 -0.5911635 0.8073135 -0.5871205 0.05945056 -0.4922673 0.8612389 -0.126256 -0.7078015 0.07489413 0.7024301 0.7547367 0.4314787 -0.4941648 0.8673921 -0.4683508 0.1681619 -0.593533 0.7839714 -0.1819541 -0.7974247 -0.04071199 0.6020436 0.7330067 0.5505943 -0.3994334 0.89605 -0.3424584 0.2825182 -0.6775469 0.6917381 -0.249857 -0.8549761 -0.1662402 0.4913045 0.8917986 -0.2139083 0.398671 -0.7400283 0.5868222 -0.3286302 -0.8785551 -0.2964631 0.3745006 0.6058073 0.7609673 -0.232221 0.8541438 -0.08762091 0.5126023 -0.7768576 0.472554 -0.4161552 0.7838577 0.03128224 0.6201522 0.0981183 -0.9510609 0.2930121 0.1814666 -0.9330605 0.3105929 0.2560847 -0.9038805 0.3426671 0.318045 -0.8656891 0.3865615 0.3646478 -0.8210374 0.4392376 0.394554 -0.7727803 0.4971296 0.4078025 -0.7235579 0.5569211 0.4054489 -0.6756973 0.6156658 0.3892079 -0.6310704 0.6710197 0.3612263 -0.5909756 0.7212929 0.3235974 -0.556369 0.7653355 0.2783952 -0.5276753 0.8025304 0.2274607 -0.5052174 0.8324764 0.1723408 -0.489067 0.855051 0.1144177 -0.4792787 0.8701728 -0.005066156 -0.4785702 0.8780348 -0.06439453 -0.4876897 0.870639 -0.1219246 -0.5031107 0.8555781 -0.1763098 -0.5247791 0.8327796 -0.2259956 -0.5526746 0.8021702 -0.2692412 -0.5864892 0.7638978 -0.3039743 -0.625772 0.7183377 -0.3390442 -0.7170622 0.6089917 -0.3350433 -0.7660704 0.5485273 -0.3145335 -0.8144726 0.4875482 -0.2769314 -0.859696 0.4292224 -0.2229118 -0.898911 0.3771862 -0.1544557 -0.9294813 0.3349746 -0.07504624 -0.9492022 0.3055868</float_array>
          <technique_common>
            <accessor source="#Circle-mesh-normals-array" count="192" stride="3">
              <param name="X" type="float"/>
              <param name="Y" type="float"/>
              <param name="Z" type="float"/>
            </accessor>
          </technique_common>
        </source>
        <source id="Circle-mesh-map-0">
          <float_array id="Circle-mesh-map-0-array" count="2256">0.597545 0.009607315 0.08426553 0.7777857 0.4024556 0.9903928 0.2222146 0.08426535 0.009607255 0.4024553 0.4024556 0.9903928 0 0 1 1 0 1 1 0 0 1 0 0 0 0 1 1 0 1 1 0 0 1 0 0 0 0 1 1 0 1 0 0 1 1 0 1 1 0 0 1 0 0 1 0 0 1 0 0 0 0 1 1 0 1 1 0 0 1 0 0 1 0 0 1 0 0 0 0 1 1 0 1 1 0 0 1 0 0 1 0 0 1 0 0 0 0 1 1 0 1 0 0 1 1 0 1 1 0 0 1 0 0 0 0 1 1 0 1 0 0 1 1 0 1 1 0 0 1 0 0 0 0 1 1 0 1 1 0 0 1 0 0 0 0 1 1 0 1 1 0 0 1 0 0 0 0 1 1 0 1 1 0 0 1 0 0 0 0 1 1 0 1 1 0 0 1 0 0 0 0 1 1 0 1 1 0 0 1 0 0 0 0 1 1 0 1 1 0 0 1 0 0 0 0 1 1 0 1 0 0 1 1 0 1 0 0 1 1 0 1 0 0 1 1 0 1 0 0 1 1 0 1 0 0 1 1 0 1 0 0 1 1 0 1 0 0 1 1 0 1 0 0 1 1 0 1 0 0 1 1 0 1 0 0 1 1 0 1 0 0 1 1 0 1 0 0 1 1 0 1 0 0 1 1 0 1 0 0 1 1 0 1 0 0 1 1 0 1 1 0 0 1 0 0 1 0 0 1 0 0 1 0 0 1 0 0 1 0 0 1 0 0 1 0 0 1 0 0 1 0 0 1 0 0 1 0 0 1 0 0 1 0 0 1 0 0 1 0 0 1 0 0 1 0 0 1 0 0 1 0 0 1 0 0 1 0 0 1 0 0 1 0 0 1 0 0 1 0 0 1 0 0 1 0 0 1 0 0 1 0 0 1 0 0 0.597545 0.009607315 0.009607255 0.4024553 0.4024556 0.9903928 0.597545 0.009607315 0.009607255 0.4024553 0.4024556 0.9903928 0 0 1 1 0 1 1 0 0 1 0 0 0 0 1 1 0 1 1 0 0 1 0 0 0 0 1 1 0 1 0 0 1 1 0 1 1 0 0 1 0 0 1 0 0 1 0 0 0 0 1 1 0 1 1 0 0 1 0 0 1 0 0 1 0 0 0 0 1 1 0 1 1 0 0 1 0 0 1 0 0 1 0 0 0 0 1 1 0 1 0 0 1 1 0 1 1 0 0 1 0 0 0 0 1 1 0 1 0 0 1 1 0 1 1 0 0 1 0 0 0 0 1 1 0 1 1 0 0 1 0 0 0 0 1 1 0 1 1 0 0 1 0 0 0 0 1 1 0 1 1 0 0 1 0 0 0 0 1 1 0 1 1 0 0 1 0 0 0 0 1 1 0 1 1 0 0 1 0 0 0 0 1 1 0 1 1 0 0 1 0 0 0 0 1 1 0 1 0 0 1 1 0 1 0 0 1 1 0 1 0 0 1 1 0 1 0 0 1 1 0 1 0 0 1 1 0 1 0 0 1 1 0 1 0 0 1 1 0 1 0 0 1 1 0 1 0 0 1 1 0 1 0 0 1 1 0 1 0 0 1 1 0 1 0 0 1 1 0 1 0 0 1 1 0 1 0 0 1 1 0 1 0 0 1 1 0 1 1 0 0 1 0 0 1 0 0 1 0 0 1 0 0 1 0 0 1 0 0 1 0 0 1 0 0 1 0 0 1 0 0 1 0 0 1 0 0 1 0 0 1 0 0 1 0 0 1 0 0 1 0 0 1 0 0 1 0 0 1 0 0 1 0 0 1 0 0 1 0 0 1 0 0 1 0 0 1 0 0 1 0 0 1 0 0 1 0 0 1 0 0 1 0 0 0.4024556 0.9903928 0.5 1 0.7777851 0.9157348 0.5975452 0.9903926 0.6913418 0.9619398 0.7777851 0.9157348 0.7777851 0.9157348 0.8535534 0.8535534 0.9157348 0.7777851 0.9157348 0.7777851 0.9619398 0.6913417 0.9903926 0.5975452 0.9903926 0.5975452 1 0.5000001 0.9903927 0.4024549 0.9903927 0.4024549 0.9619398 0.3086584 0.9903926 0.5975452 0.9157348 0.2222149 0.8535534 0.1464466 0.7777851 0.08426517 0.7777851 0.08426517 0.6913416 0.03806018 0.597545 0.009607315 0.597545 0.009607315 0.4999998 0 0.4024546 0.009607374 0.4024546 0.009607374 0.3086581 0.0380603 0.2222146 0.08426535 0.2222146 0.08426535 0.1464464 0.1464468 0.08426499 0.2222151 0.08426499 0.2222151 0.03806006 0.3086587 0.2222146 0.08426535 0.009607255 0.4024553 0 0.5000005 0.009607434 0.5975457 0.009607434 0.5975457 0.03806042 0.6913422 0.009607255 0.4024553 0.08426553 0.7777857 0.146447 0.8535538 0.2222154 0.9157352 0.2222154 0.9157352 0.308659 0.9619401 0.4024556 0.9903928 0.5 1 0.5975452 0.9903926 0.7777851 0.9157348 0.7777851 0.9157348 0.9157348 0.7777851 0.4024556 0.9903928 0.9903926 0.5975452 0.9619398 0.3086584 0.9157348 0.2222149 0.9157348 0.2222149 0.7777851 0.08426517 0.9903926 0.5975452 0.597545 0.009607315 0.4024546 0.009607374 0.009607255 0.4024553 0.2222146 0.08426535 0.03806006 0.3086587 0.009607255 0.4024553 0.009607255 0.4024553 0.03806042 0.6913422 0.08426553 0.7777857 0.08426553 0.7777857 0.2222154 0.9157352 0.4024556 0.9903928 0.4024556 0.9903928 0.9157348 0.7777851 0.9903926 0.5975452 0.9903926 0.5975452 0.7777851 0.08426517 0.597545 0.009607315 0.4024546 0.009607374 0.2222146 0.08426535 0.009607255 0.4024553 0.009607255 0.4024553 0.08426553 0.7777857 0.597545 0.009607315 0.4024556 0.9903928 0.9903926 0.5975452 0.597545 0.009607315 0.4024556 0.9903928 0.5 1 0.7777851 0.9157348 0.5975452 0.9903926 0.6913418 0.9619398 0.7777851 0.9157348 0.7777851 0.9157348 0.8535534 0.8535534 0.9157348 0.7777851 0.9157348 0.7777851 0.9619398 0.6913417 0.7777851 0.9157348 0.9903926 0.5975452 1 0.5000001 0.9903927 0.4024549 0.9903927 0.4024549 0.9619398 0.3086584 0.9903926 0.5975452 0.9157348 0.2222149 0.8535534 0.1464466 0.7777851 0.08426517 0.7777851 0.08426517 0.6913416 0.03806018 0.597545 0.009607315 0.597545 0.009607315 0.4999998 0 0.4024546 0.009607374 0.4024546 0.009607374 0.3086581 0.0380603 0.597545 0.009607315 0.2222146 0.08426535 0.1464464 0.1464468 0.08426499 0.2222151 0.08426499 0.2222151 0.03806006 0.3086587 0.009607255 0.4024553 0.009607255 0.4024553 0 0.5000005 0.009607434 0.5975457 0.009607434 0.5975457 0.03806042 0.6913422 0.08426553 0.7777857 0.08426553 0.7777857 0.146447 0.8535538 0.2222154 0.9157352 0.2222154 0.9157352 0.308659 0.9619401 0.4024556 0.9903928 0.5 1 0.5975452 0.9903926 0.7777851 0.9157348 0.7777851 0.9157348 0.9619398 0.6913417 0.9903926 0.5975452 0.9903926 0.5975452 0.9619398 0.3086584 0.9157348 0.2222149 0.9157348 0.2222149 0.7777851 0.08426517 0.9903926 0.5975452 0.597545 0.009607315 0.3086581 0.0380603 0.2222146 0.08426535 0.2222146 0.08426535 0.08426499 0.2222151 0.009607255 0.4024553 0.009607255 0.4024553 0.009607434 0.5975457 0.4024556 0.9903928 0.08426553 0.7777857 0.2222154 0.9157352 0.4024556 0.9903928 0.4024556 0.9903928 0.7777851 0.9157348 0.597545 0.009607315 0.9903926 0.5975452 0.7777851 0.08426517 0.597545 0.009607315 0.597545 0.009607315 0.2222146 0.08426535 0.4024556 0.9903928 0.009607434 0.5975457 0.08426553 0.7777857 0.4024556 0.9903928 0.7777851 0.9157348 0.9903926 0.5975452 0.597545 0.009607315 0 0 1 0 1 1 1 0 1 1 0 1 0 0 1 0 1 1 1 0 1 1 0 1 0 0 1 0 1 1 0 0 1 0 1 1 1 0 1 1 0 1 1 0 1 1 0 1 0 0 1 0 1 1 1 0 1 1 0 1 1 0 1 1 0 1 0 0 1 0 1 1 1 0 1 1 0 1 1 0 1 1 0 1 0 0 1 0 1 1 0 0 1 0 1 1 1 0 1 1 0 1 0 0 1 0 1 1 0 0 1 0 1 1 1 0 1 1 0 1 0 0 1 0 1 1 1 0 1 1 0 1 0 0 1 0 1 1 1 0 1 1 0 1 0 0 1 0 1 1 1 0 1 1 0 1 0 0 1 0 1 1 1 0 1 1 0 1 0 0 1 0 1 1 1 0 1 1 0 1 0 0 1 0 1 1 1 0 1 1 0 1 0 0 1 0 1 1 0 0 1 0 1 1 0 0 1 0 1 1 0 0 1 0 1 1 0 0 1 0 1 1 0 0 1 0 1 1 0 0 1 0 1 1 0 0 1 0 1 1 0 0 1 0 1 1 0 0 1 0 1 1 0 0 1 0 1 1 0 0 1 0 1 1 0 0 1 0 1 1 0 0 1 0 1 1 0 0 1 0 1 1 0 0 1 0 1 1 1 0 1 1 0 1 1 0 1 1 0 1 1 0 1 1 0 1 1 0 1 1 0 1 1 0 1 1 0 1 1 0 1 1 0 1 1 0 1 1 0 1 1 0 1 1 0 1 1 0 1 1 0 1 1 0 1 1 0 1 1 0 1 1 0 1 1 0 1 1 0 1 1 0 1 1 0 1 1 0 1 1 0 1 1 0 1 1 0 1 1 0 1 1 0 1 0.4024556 0.9903928 0.5 1 0.7777851 0.9157348 0.5975452 0.9903926 0.6913418 0.9619398 0.7777851 0.9157348 0.7777851 0.9157348 0.8535534 0.8535534 0.9157348 0.7777851 0.9157348 0.7777851 0.9619398 0.6913417 0.7777851 0.9157348 0.9903926 0.5975452 1 0.5000001 0.9903927 0.4024549 0.9903927 0.4024549 0.9619398 0.3086584 0.9903926 0.5975452 0.9157348 0.2222149 0.8535534 0.1464466 0.597545 0.009607315 0.7777851 0.08426517 0.6913416 0.03806018 0.597545 0.009607315 0.597545 0.009607315 0.4999998 0 0.4024546 0.009607374 0.4024546 0.009607374 0.3086581 0.0380603 0.597545 0.009607315 0.2222146 0.08426535 0.1464464 0.1464468 0.08426499 0.2222151 0.08426499 0.2222151 0.03806006 0.3086587 0.2222146 0.08426535 0.009607255 0.4024553 0 0.5000005 0.009607434 0.5975457 0.009607434 0.5975457 0.03806042 0.6913422 0.009607255 0.4024553 0.08426553 0.7777857 0.146447 0.8535538 0.2222154 0.9157352 0.2222154 0.9157352 0.308659 0.9619401 0.4024556 0.9903928 0.5 1 0.5975452 0.9903926 0.7777851 0.9157348 0.7777851 0.9157348 0.9619398 0.6913417 0.9903926 0.5975452 0.9903926 0.5975452 0.9619398 0.3086584 0.9157348 0.2222149 0.8535534 0.1464466 0.7777851 0.08426517 0.597545 0.009607315 0.597545 0.009607315 0.3086581 0.0380603 0.2222146 0.08426535 0.2222146 0.08426535 0.03806006 0.3086587 0.009607255 0.4024553 0.009607255 0.4024553 0.03806042 0.6913422 0.08426553 0.7777857 0.08426553 0.7777857 0.2222154 0.9157352 0.009607255 0.4024553 0.4024556 0.9903928 0.7777851 0.9157348 0.597545 0.009607315 0.9903926 0.5975452 0.9157348 0.2222149 0.597545 0.009607315 0.597545 0.009607315 0.2222146 0.08426535 0.009607255 0.4024553 0.009607255 0.4024553 0.2222154 0.9157352 0.4024556 0.9903928 0.7777851 0.9157348 0.9903926 0.5975452 0.597545 0.009607315 0.4024556 0.9903928 0.5 1 0.5975452 0.9903926 0.5975452 0.9903926 0.6913418 0.9619398 0.7777851 0.9157348 0.7777851 0.9157348 0.8535534 0.8535534 0.9157348 0.7777851 0.9157348 0.7777851 0.9619398 0.6913417 0.7777851 0.9157348 0.9903926 0.5975452 1 0.5000001 0.9903927 0.4024549 0.9903927 0.4024549 0.9619398 0.3086584 0.9903926 0.5975452 0.9157348 0.2222149 0.8535534 0.1464466 0.7777851 0.08426517 0.7777851 0.08426517 0.6913416 0.03806018 0.597545 0.009607315 0.597545 0.009607315 0.4999998 0 0.4024546 0.009607374 0.4024546 0.009607374 0.3086581 0.0380603 0.597545 0.009607315 0.2222146 0.08426535 0.1464464 0.1464468 0.08426499 0.2222151 0.08426499 0.2222151 0.03806006 0.3086587 0.009607255 0.4024553 0.009607255 0.4024553 0 0.5000005 0.009607434 0.5975457 0.009607434 0.5975457 0.03806042 0.6913422 0.08426553 0.7777857 0.08426553 0.7777857 0.146447 0.8535538 0.2222154 0.9157352 0.2222154 0.9157352 0.308659 0.9619401 0.08426553 0.7777857 0.4024556 0.9903928 0.5975452 0.9903926 0.7777851 0.9157348 0.7777851 0.9157348 0.9619398 0.6913417 0.9903926 0.5975452 0.9903926 0.5975452 0.9619398 0.3086584 0.9157348 0.2222149 0.9157348 0.2222149 0.7777851 0.08426517 0.9903926 0.5975452 0.597545 0.009607315 0.3086581 0.0380603 0.2222146 0.08426535 0.2222146 0.08426535 0.08426499 0.2222151 0.597545 0.009607315 0.009607255 0.4024553 0.009607434 0.5975457 0.4024556 0.9903928 0.08426553 0.7777857 0.308659 0.9619401 0.4024556 0.9903928 0.4024556 0.9903928 0.7777851 0.9157348 0.597545 0.009607315 0.9903926 0.5975452 0.7777851 0.08426517 0.597545 0.009607315 0.597545 0.009607315 0.08426499 0.2222151 0.009607255 0.4024553 0.009607434 0.5975457 0.08426553 0.7777857 0.4024556 0.9903928 0.7777851 0.9157348 0.9903926 0.5975452 0.597545 0.009607315 0 0 1 0 1 1 1 0 1 1 0 1 0 0 1 0 1 1 1 0 1 1 0 1 0 0 1 0 1 1 0 0 1 0 1 1 1 0 1 1 0 1 1 0 1 1 0 1 0 0 1 0 1 1 1 0 1 1 0 1 1 0 1 1 0 1 0 0 1 0 1 1 1 0 1 1 0 1 1 0 1 1 0 1 0 0 1 0 1 1 0 0 1 0 1 1 1 0 1 1 0 1 0 0 1 0 1 1 0 0 1 0 1 1 1 0 1 1 0 1 0 0 1 0 1 1 1 0 1 1 0 1 0 0 1 0 1 1 1 0 1 1 0 1 0 0 1 0 1 1 1 0 1 1 0 1 0 0 1 0 1 1 1 0 1 1 0 1 0 0 1 0 1 1 1 0 1 1 0 1 0 0 1 0 1 1 1 0 1 1 0 1 0 0 1 0 1 1 0 0 1 0 1 1 0 0 1 0 1 1 0 0 1 0 1 1 0 0 1 0 1 1 0 0 1 0 1 1 0 0 1 0 1 1 0 0 1 0 1 1 0 0 1 0 1 1 0 0 1 0 1 1 0 0 1 0 1 1 0 0 1 0 1 1 0 0 1 0 1 1 0 0 1 0 1 1 0 0 1 0 1 1 0 0 1 0 1 1 1 0 1 1 0 1 1 0 1 1 0 1 1 0 1 1 0 1 1 0 1 1 0 1 1 0 1 1 0 1 1 0 1 1 0 1 1 0 1 1 0 1 1 0 1 1 0 1 1 0 1 1 0 1 1 0 1 1 0 1 1 0 1 1 0 1 1 0 1 1 0 1 1 0 1 1 0 1 1 0 1 1 0 1 1 0 1 1 0 1 1 0 1 1 0 1</float_array>
          <technique_common>
            <accessor source="#Circle-mesh-map-0-array" count="1128" stride="2">
              <param name="S" type="float"/>
              <param name="T" type="float"/>
            </accessor>
          </technique_common>
        </source>
        <vertices id="Circle-mesh-vertices">
          <input semantic="POSITION" source="#Circle-mesh-positions"/>
        </vertices>
        <polylist material="eyes-material" count="376">
          <input semantic="VERTEX" source="#Circle-mesh-vertices" offset="0"/>
          <input semantic="NORMAL" source="#Circle-mesh-normals" offset="1"/>
          <input semantic="TEXCOORD" source="#Circle-mesh-map-0" offset="2" set="0"/>
          <vcount>3 3 3 3 3 3 3 3 3 3 3 3 3 3 3 3 3 3 3 3 3 3 3 3 3 3 3 3 3 3 3 3 3 3 3 3 3 3 3 3 3 3 3 3 3 3 3 3 3 3 3 3 3 3 3 3 3 3 3 3 3 3 3 3 3 3 3 3 3 3 3 3 3 3 3 3 3 3 3 3 3 3 3 3 3 3 3 3 3 3 3 3 3 3 3 3 3 3 3 3 3 3 3 3 3 3 3 3 3 3 3 3 3 3 3 3 3 3 3 3 3 3 3 3 3 3 3 3 3 3 3 3 3 3 3 3 3 3 3 3 3 3 3 3 3 3 3 3 3 3 3 3 3 3 3 3 3 3 3 3 3 3 3 3 3 3 3 3 3 3 3 3 3 3 3 3 3 3 3 3 3 3 3 3 3 3 3 3 3 3 3 3 3 3 3 3 3 3 3 3 3 3 3 3 3 3 3 3 3 3 3 3 3 3 3 3 3 3 3 3 3 3 3 3 3 3 3 3 3 3 3 3 3 3 3 3 3 3 3 3 3 3 3 3 3 3 3 3 3 3 3 3 3 3 3 3 3 3 3 3 3 3 3 3 3 3 3 3 3 3 3 3 3 3 3 3 3 3 3 3 3 3 3 3 3 3 3 3 3 3 3 3 3 3 3 3 3 3 3 3 3 3 3 3 3 3 3 3 3 3 3 3 3 3 3 3 3 3 3 3 3 3 3 3 3 3 3 3 3 3 3 3 3 3 3 3 3 3 3 3 3 3 3 3 3 3 3 3 3 3 3 3 3 3 3 3 3 3 3 3 3 3 3 3 3 3 3 3 3 3 3 3 3 3 3 3 </vcount>
          <p>18 0 0 6 1 1 2 2 2 52 3 3 56 4 4 32 5 5 25 6 6 90 7 7 89 8 8 13 9 9 76 10 10 12 11 11 26 12 12 91 13 13 90 7 14 14 14 15 77 15 16 13 9 17 0 16 18 64 17 19 65 18 20 27 19 21 92 20 22 91 13 23 15 21 24 78 22 25 14 14 26 2 2 27 64 17 28 1 23 29 28 24 30 93 25 31 92 20 32 16 26 33 79 27 34 15 21 35 3 28 36 66 29 37 2 2 38 29 30 39 94 31 40 93 25 41 17 32 42 80 33 43 16 26 44 4 34 45 67 35 46 3 28 47 30 36 48 95 37 49 94 31 50 17 32 51 82 38 52 81 39 53 5 40 54 68 41 55 4 34 56 31 42 57 65 18 58 95 37 59 18 0 60 83 43 61 82 38 62 6 1 63 69 44 64 5 40 65 19 45 66 84 46 67 83 43 68 7 47 69 70 48 70 6 1 71 20 49 72 85 50 73 84 46 74 8 51 75 71 52 76 7 47 77 21 53 78 86 54 79 85 50 80 9 55 81 72 56 82 8 51 83 22 57 84 87 58 85 86 54 86 10 59 87 73 60 88 9 55 89 23 61 90 88 62 91 87 58 92 11 63 93 74 64 94 10 59 95 24 65 96 89 8 97 88 62 98 12 11 99 75 66 100 11 63 101 33 67 102 65 18 103 64 17 104 34 68 105 64 17 106 66 29 107 35 69 108 66 29 109 67 35 110 36 70 111 67 35 112 68 41 113 37 71 114 68 41 115 69 44 116 38 72 117 69 44 118 70 48 119 39 73 120 70 48 121 71 52 122 40 74 123 71 52 124 72 56 125 41 75 126 72 56 127 73 60 128 42 76 129 73 60 130 74 64 131 43 77 132 74 64 133 75 66 134 44 78 135 75 66 136 76 10 137 45 79 138 76 10 139 77 15 140 46 80 141 77 15 142 78 22 143 47 81 144 78 22 145 79 27 146 48 82 147 79 27 148 80 33 149 48 82 150 81 39 151 49 83 152 49 83 153 82 38 154 50 84 155 50 84 156 83 43 157 51 85 158 51 85 159 84 46 160 52 3 161 52 3 162 85 50 163 53 86 164 53 86 165 86 54 166 54 87 167 54 87 168 87 58 169 55 88 170 55 88 171 88 62 172 56 4 173 56 4 174 89 8 175 57 89 176 57 89 177 90 7 178 58 90 179 58 90 180 91 13 181 59 91 182 59 91 183 92 20 184 60 92 185 60 92 186 93 25 187 61 93 188 61 93 189 94 31 190 62 94 191 62 94 192 95 37 193 63 95 194 63 95 195 65 18 196 32 5 197 114 96 198 106 97 199 98 98 200 144 99 201 152 100 202 128 101 203 121 102 204 186 103 205 185 104 206 109 105 207 172 106 208 108 107 209 122 108 210 187 109 211 186 103 212 110 110 213 173 111 214 109 105 215 96 112 216 160 113 217 161 114 218 123 115 219 188 116 220 187 109 221 111 117 222 174 118 223 110 110 224 98 98 225 160 113 226 97 119 227 124 120 228 189 121 229 188 116 230 112 122 231 175 123 232 111 117 233 99 124 234 162 125 235 98 98 236 125 126 237 190 127 238 189 121 239 113 128 240 176 129 241 112 122 242 100 130 243 163 131 244 99 124 245 126 132 246 191 133 247 190 127 248 113 128 249 178 134 250 177 135 251 101 136 252 164 137 253 100 130 254 127 138 255 161 114 256 191 133 257 114 96 258 179 139 259 178 134 260 102 140 261 165 141 262 101 136 263 115 142 264 180 143 265 179 139 266 103 144 267 166 145 268 102 140 269 116 146 270 181 147 271 180 143 272 104 148 273 167 149 274 103 144 275 117 150 276 182 151 277 181 147 278 105 152 279 168 153 280 104 148 281 118 154 282 183 155 283 182 151 284 106 97 285 169 156 286 105 152 287 119 157 288 184 158 289 183 155 290 107 159 291 170 160 292 106 97 293 120 161 294 185 104 295 184 158 296 108 107 297 171 162 298 107 159 299 129 163 300 161 114 301 160 113 302 130 164 303 160 113 304 162 125 305 131 165 306 162 125 307 163 131 308 132 166 309 163 131 310 164 137 311 133 167 312 164 137 313 165 141 314 134 168 315 165 141 316 166 145 317 135 169 318 166 145 319 167 149 320 136 170 321 167 149 322 168 153 323 137 171 324 168 153 325 169 156 326 138 172 327 169 156 328 170 160 329 139 173 330 170 160 331 171 162 332 140 174 333 171 162 334 172 106 335 141 175 336 172 106 337 173 111 338 142 176 339 173 111 340 174 118 341 143 177 342 174 118 343 175 123 344 144 99 345 175 123 346 176 129 347 144 99 348 177 135 349 145 178 350 145 178 351 178 134 352 146 179 353 146 179 354 179 139 355 147 180 356 147 180 357 180 143 358 148 181 359 148 181 360 181 147 361 149 182 362 149 182 363 182 151 364 150 183 365 150 183 366 183 155 367 151 184 368 151 184 369 184 158 370 152 100 371 152 100 372 185 104 373 153 185 374 153 185 375 186 103 376 154 186 377 154 186 378 187 109 379 155 187 380 155 187 381 188 116 382 156 188 383 156 188 384 189 121 385 157 189 386 157 189 387 190 127 388 158 190 389 158 190 390 191 133 391 159 191 392 159 191 393 161 114 394 128 101 395 2 2 396 1 23 397 30 36 398 0 16 399 31 42 400 30 36 401 30 36 402 29 30 403 28 24 404 28 24 405 27 19 406 26 12 407 26 12 408 25 6 409 24 65 410 24 65 411 23 61 412 26 12 413 22 57 414 21 53 415 20 49 416 20 49 417 19 45 418 18 0 419 18 0 420 17 32 421 16 26 422 16 26 423 15 21 424 14 14 425 14 14 426 13 9 427 12 11 428 12 11 429 11 63 430 14 14 431 10 59 432 9 55 433 8 51 434 8 51 435 7 47 436 10 59 437 6 1 438 5 40 439 4 34 440 4 34 441 3 28 442 2 2 443 1 23 444 0 16 445 30 36 446 30 36 447 28 24 448 2 2 449 26 12 450 23 61 451 22 57 452 22 57 453 20 49 454 26 12 455 18 0 456 16 26 457 10 59 458 14 14 459 11 63 460 10 59 461 10 59 462 7 47 463 6 1 464 6 1 465 4 34 466 2 2 467 2 2 468 28 24 469 26 12 470 26 12 471 20 49 472 18 0 473 16 26 474 14 14 475 10 59 476 10 59 477 6 1 478 18 0 479 2 2 480 26 12 481 18 0 482 32 5 483 33 67 484 36 70 485 34 68 486 35 69 487 36 70 488 36 70 489 37 71 490 38 72 491 38 72 492 39 73 493 36 70 494 40 74 495 41 75 496 42 76 497 42 76 498 43 77 499 40 74 500 44 78 501 45 79 502 46 80 503 46 80 504 47 81 505 48 82 506 48 82 507 49 83 508 50 84 509 50 84 510 51 85 511 48 82 512 52 3 513 53 86 514 54 87 515 54 87 516 55 88 517 56 4 518 56 4 519 57 89 520 58 90 521 58 90 522 59 91 523 60 92 524 60 92 525 61 93 526 62 94 527 62 94 528 63 95 529 32 5 530 33 67 531 34 68 532 36 70 533 36 70 534 39 73 535 40 74 536 40 74 537 43 77 538 44 78 539 44 78 540 46 80 541 40 74 542 48 82 543 51 85 544 52 3 545 52 3 546 54 87 547 56 4 548 56 4 549 58 90 550 32 5 551 60 92 552 62 94 553 32 5 554 32 5 555 36 70 556 48 82 557 40 74 558 46 80 559 48 82 560 48 82 561 52 3 562 32 5 563 58 90 564 60 92 565 32 5 566 36 70 567 40 74 568 48 82 569 25 6 570 26 12 571 90 7 572 13 9 573 77 15 574 76 10 575 26 12 576 27 19 577 91 13 578 14 14 579 78 22 580 77 15 581 0 16 582 1 23 583 64 17 584 27 19 585 28 24 586 92 20 587 15 21 588 79 27 589 78 22 590 2 2 591 66 29 592 64 17 593 28 24 594 29 30 595 93 25 596 16 26 597 80 33 598 79 27 599 3 28 600 67 35 601 66 29 602 29 30 603 30 36 604 94 31 605 17 32 606 81 39 607 80 33 608 4 34 609 68 41 610 67 35 611 30 36 612 31 42 613 95 37 614 17 32 615 18 0 616 82 38 617 5 40 618 69 44 619 68 41 620 31 42 621 0 16 622 65 18 623 18 0 624 19 45 625 83 43 626 6 1 627 70 48 628 69 44 629 19 45 630 20 49 631 84 46 632 7 47 633 71 52 634 70 48 635 20 49 636 21 53 637 85 50 638 8 51 639 72 56 640 71 52 641 21 53 642 22 57 643 86 54 644 9 55 645 73 60 646 72 56 647 22 57 648 23 61 649 87 58 650 10 59 651 74 64 652 73 60 653 23 61 654 24 65 655 88 62 656 11 63 657 75 66 658 74 64 659 24 65 660 25 6 661 89 8 662 12 11 663 76 10 664 75 66 665 33 67 666 32 5 667 65 18 668 34 68 669 33 67 670 64 17 671 35 69 672 34 68 673 66 29 674 36 70 675 35 69 676 67 35 677 37 71 678 36 70 679 68 41 680 38 72 681 37 71 682 69 44 683 39 73 684 38 72 685 70 48 686 40 74 687 39 73 688 71 52 689 41 75 690 40 74 691 72 56 692 42 76 693 41 75 694 73 60 695 43 77 696 42 76 697 74 64 698 44 78 699 43 77 700 75 66 701 45 79 702 44 78 703 76 10 704 46 80 705 45 79 706 77 15 707 47 81 708 46 80 709 78 22 710 48 82 711 47 81 712 79 27 713 48 82 714 80 33 715 81 39 716 49 83 717 81 39 718 82 38 719 50 84 720 82 38 721 83 43 722 51 85 723 83 43 724 84 46 725 52 3 726 84 46 727 85 50 728 53 86 729 85 50 730 86 54 731 54 87 732 86 54 733 87 58 734 55 88 735 87 58 736 88 62 737 56 4 738 88 62 739 89 8 740 57 89 741 89 8 742 90 7 743 58 90 744 90 7 745 91 13 746 59 91 747 91 13 748 92 20 749 60 92 750 92 20 751 93 25 752 61 93 753 93 25 754 94 31 755 62 94 756 94 31 757 95 37 758 63 95 759 95 37 760 65 18 761 98 98 762 97 119 763 126 132 764 96 112 765 127 138 766 126 132 767 126 132 768 125 126 769 124 120 770 124 120 771 123 115 772 126 132 773 122 108 774 121 102 775 120 161 776 120 161 777 119 157 778 122 108 779 118 154 780 117 150 781 114 96 782 116 146 783 115 142 784 114 96 785 114 96 786 113 128 787 112 122 788 112 122 789 111 117 790 114 96 791 110 110 792 109 105 793 108 107 794 108 107 795 107 159 796 110 110 797 106 97 798 105 152 799 104 148 800 104 148 801 103 144 802 106 97 803 102 140 804 101 136 805 100 130 806 100 130 807 99 124 808 98 98 809 97 119 810 96 112 811 126 132 812 126 132 813 123 115 814 122 108 815 122 108 816 119 157 817 118 154 818 117 150 819 116 146 820 114 96 821 114 96 822 111 117 823 110 110 824 110 110 825 107 159 826 106 97 827 106 97 828 103 144 829 102 140 830 102 140 831 100 130 832 106 97 833 98 98 834 126 132 835 114 96 836 122 108 837 118 154 838 114 96 839 114 96 840 110 110 841 106 97 842 106 97 843 100 130 844 98 98 845 126 132 846 122 108 847 114 96 848 128 101 849 129 163 850 130 164 851 130 164 852 131 165 853 132 166 854 132 166 855 133 167 856 134 168 857 134 168 858 135 169 859 132 166 860 136 170 861 137 171 862 138 172 863 138 172 864 139 173 865 136 170 866 140 174 867 141 175 868 142 176 869 142 176 870 143 177 871 144 99 872 144 99 873 145 178 874 146 179 875 146 179 876 147 180 877 144 99 878 148 181 879 149 182 880 150 183 881 150 183 882 151 184 883 152 100 884 152 100 885 153 185 886 154 186 887 154 186 888 155 187 889 156 188 890 156 188 891 157 189 892 158 190 893 158 190 894 159 191 895 156 188 896 128 101 897 130 164 898 132 166 899 132 166 900 135 169 901 136 170 902 136 170 903 139 173 904 140 174 905 140 174 906 142 176 907 136 170 908 144 99 909 147 180 910 148 181 911 148 181 912 150 183 913 144 99 914 152 100 915 154 186 916 128 101 917 156 188 918 159 191 919 128 101 920 128 101 921 132 166 922 144 99 923 136 170 924 142 176 925 144 99 926 144 99 927 150 183 928 152 100 929 154 186 930 156 188 931 128 101 932 132 166 933 136 170 934 144 99 935 121 102 936 122 108 937 186 103 938 109 105 939 173 111 940 172 106 941 122 108 942 123 115 943 187 109 944 110 110 945 174 118 946 173 111 947 96 112 948 97 119 949 160 113 950 123 115 951 124 120 952 188 116 953 111 117 954 175 123 955 174 118 956 98 98 957 162 125 958 160 113 959 124 120 960 125 126 961 189 121 962 112 122 963 176 129 964 175 123 965 99 124 966 163 131 967 162 125 968 125 126 969 126 132 970 190 127 971 113 128 972 177 135 973 176 129 974 100 130 975 164 137 976 163 131 977 126 132 978 127 138 979 191 133 980 113 128 981 114 96 982 178 134 983 101 136 984 165 141 985 164 137 986 127 138 987 96 112 988 161 114 989 114 96 990 115 142 991 179 139 992 102 140 993 166 145 994 165 141 995 115 142 996 116 146 997 180 143 998 103 144 999 167 149 1000 166 145 1001 116 146 1002 117 150 1003 181 147 1004 104 148 1005 168 153 1006 167 149 1007 117 150 1008 118 154 1009 182 151 1010 105 152 1011 169 156 1012 168 153 1013 118 154 1014 119 157 1015 183 155 1016 106 97 1017 170 160 1018 169 156 1019 119 157 1020 120 161 1021 184 158 1022 107 159 1023 171 162 1024 170 160 1025 120 161 1026 121 102 1027 185 104 1028 108 107 1029 172 106 1030 171 162 1031 129 163 1032 128 101 1033 161 114 1034 130 164 1035 129 163 1036 160 113 1037 131 165 1038 130 164 1039 162 125 1040 132 166 1041 131 165 1042 163 131 1043 133 167 1044 132 166 1045 164 137 1046 134 168 1047 133 167 1048 165 141 1049 135 169 1050 134 168 1051 166 145 1052 136 170 1053 135 169 1054 167 149 1055 137 171 1056 136 170 1057 168 153 1058 138 172 1059 137 171 1060 169 156 1061 139 173 1062 138 172 1063 170 160 1064 140 174 1065 139 173 1066 171 162 1067 141 175 1068 140 174 1069 172 106 1070 142 176 1071 141 175 1072 173 111 1073 143 177 1074 142 176 1075 174 118 1076 144 99 1077 143 177 1078 175 123 1079 144 99 1080 176 129 1081 177 135 1082 145 178 1083 177 135 1084 178 134 1085 146 179 1086 178 134 1087 179 139 1088 147 180 1089 179 139 1090 180 143 1091 148 181 1092 180 143 1093 181 147 1094 149 182 1095 181 147 1096 182 151 1097 150 183 1098 182 151 1099 183 155 1100 151 184 1101 183 155 1102 184 158 1103 152 100 1104 184 158 1105 185 104 1106 153 185 1107 185 104 1108 186 103 1109 154 186 1110 186 103 1111 187 109 1112 155 187 1113 187 109 1114 188 116 1115 156 188 1116 188 116 1117 189 121 1118 157 189 1119 189 121 1120 190 127 1121 158 190 1122 190 127 1123 191 133 1124 159 191 1125 191 133 1126 161 114 1127</p>
        </polylist>
      </mesh>
    </geometry>
    <geometry id="Circle_001-mesh" name="Circle.001">
      <mesh>
        <source id="Circle_001-mesh-positions">
          <float_array id="Circle_001-mesh-positions-array" count="576">1.772068 -3.446559 -0.3006668 1.844355 -3.442305 -0.3004341 1.914644 -3.42835 -0.2900325 1.980236 -3.40523 -0.2698613 2.038607 -3.373835 -0.240696 2.087517 -3.33537 -0.2036573 2.125084 -3.291313 -0.1601688 2.149866 -3.243358 -0.1119017 2.16091 -3.193347 -0.06071025 2.157791 -3.143203 -0.008562505 2.14063 -3.094852 0.04253792 2.110085 -3.050153 0.09062701 2.067332 -3.010823 0.1338571 2.014012 -2.978374 0.1705668 1.952175 -2.954052 0.1993451 1.884197 -2.938793 0.2190862 1.81269 -2.933182 0.2290315 1.740403 -2.937436 0.2287987 1.670113 -2.951391 0.218397 1.604522 -2.97451 0.1982259 1.546151 -3.005906 0.1690606 1.497241 -3.044371 0.132022 1.459674 -3.088428 0.08853328 1.434892 -3.136383 0.04026603 1.423848 -3.186394 -0.01092535 1.426967 -3.236538 -0.06307291 1.444129 -3.284888 -0.1141735 1.474673 -3.329588 -0.1622627 1.517427 -3.368918 -0.2054927 1.570747 -3.401367 -0.2422023 1.632584 -3.425689 -0.2709807 1.700562 -3.440948 -0.2907215 1.776214 -3.471709 -0.2213966 1.838995 -3.468014 -0.2211945 1.900041 -3.455894 -0.2121607 1.957007 -3.435815 -0.1946419 2.007703 -3.408548 -0.1693123 2.05018 -3.375141 -0.1371442 2.082807 -3.336878 -0.09937477 2.104331 -3.295229 -0.05745458 2.113922 -3.251795 -0.01299518 2.111214 -3.208245 0.03229492 2.096309 -3.166253 0.07667547 2.069781 -3.127431 0.1184408 2.03265 -3.093273 0.155986 1.986342 -3.065091 0.1878682 1.932636 -3.043968 0.2128619 1.873598 -3.030715 0.2300071 1.811495 -3.025843 0.2386444 1.748713 -3.029537 0.2384424 1.687667 -3.041657 0.2294086 1.630702 -3.061736 0.2118899 1.580006 -3.089003 0.18656 1.537528 -3.12241 0.1543921 1.504901 -3.160673 0.1166225 1.483378 -3.202322 0.07470244 1.473787 -3.245756 0.03024291 1.476495 -3.289306 -0.01504719 1.4914 -3.331298 -0.05942773 1.517928 -3.37012 -0.1011931 1.555059 -3.404278 -0.1387383 1.601367 -3.43246 -0.1706205 1.655073 -3.453583 -0.1956141 1.714112 -3.466835 -0.2127591 1.84357 -3.461985 -0.263979 1.773087 -3.466133 -0.2642059 1.912106 -3.448378 -0.2538369 1.976061 -3.425835 -0.2341687 2.032977 -3.395223 -0.2057313 2.080666 -3.357717 -0.1696166 2.117296 -3.31476 -0.1272128 2.14146 -3.268001 -0.08014953 2.152228 -3.219238 -0.03023529 2.149187 -3.170345 0.02061158 2.132454 -3.1232 0.07043707 2.102672 -3.079616 0.1173269 2.060985 -3.041267 0.1594786 2.008995 -3.009627 0.1952723 1.948701 -2.985912 0.2233328 1.882418 -2.971033 0.2425814 1.812695 -2.965563 0.2522787 1.742212 -2.96971 0.2520518 1.673675 -2.983317 0.2419095 1.609721 -3.00586 0.2222415 1.552805 -3.036472 0.1938039 1.505115 -3.073978 0.1576892 1.468485 -3.116936 0.1152855 1.444322 -3.163695 0.06822186 1.433554 -3.212457 0.01830774 1.436595 -3.261351 -0.03253906 1.453328 -3.308495 -0.08236467 1.48311 -3.35208 -0.1292544 1.524798 -3.390429 -0.171406 1.576788 -3.422069 -0.2071998 1.637082 -3.445784 -0.2352601 1.703364 -3.460662 -0.2545089 2.725731 -0.4689522 0.1363378 2.787273 -0.4626922 0.09869402 2.84247 -0.4451438 0.05523353 2.889203 -0.4169812 0.007625997 2.925676 -0.379287 -0.04229867 2.950485 -0.3335096 -0.09262228 2.96268 -0.2814084 -0.1414108 2.961789 -0.2249855 -0.1867892 2.947849 -0.1664087 -0.2270138 2.921394 -0.1079299 -0.2605386 2.883441 -0.05179595 -0.2860754 2.835448 -1.643e-4 -0.3026426 2.779262 0.04498136 -0.3096042 2.717039 0.08190578 -0.306692 2.651171 0.1091898 -0.294018 2.584191 0.1257852 -0.2720692 2.518671 0.131054 -0.2416892 2.457129 0.1247938 -0.2040456 2.401932 0.1072453 -0.1605849 2.355199 0.0790829 -0.1129778 2.318726 0.04138863 -0.06305277 2.293917 -0.004388749 -0.01272904 2.281723 -0.05649012 0.03605937 2.282613 -0.112913 0.08143764 2.296554 -0.1714898 0.1216624 2.323009 -0.2299685 0.1551871 2.360961 -0.2861026 0.1807237 2.408954 -0.3377344 0.1972911 2.465141 -0.3828798 0.2042524 2.527364 -0.4198042 0.2013401 2.593231 -0.4470883 0.1886659 2.660212 -0.4636834 0.1667174 2.741601 -0.3940749 0.169125 2.79505 -0.388638 0.1364313 2.842988 -0.3733973 0.09868597 2.883576 -0.3489381 0.05733919 2.915252 -0.3162011 0.01397949 2.936799 -0.2764435 -0.02972614 2.94739 -0.2311939 -0.07209879 2.946617 -0.1821904 -0.1115101 2.934509 -0.1313169 -0.1464449 2.911534 -0.08052819 -0.1755612 2.878572 -0.03177607 -0.1977397 2.83689 0.01306593 -0.2121285 2.788092 0.0522747 -0.2181742 2.734052 0.08434343 -0.215645 2.676846 0.1080394 -0.2046377 2.618674 0.1224525 -0.1855751 2.56177 0.1270283 -0.1591905 2.508321 0.1215916 -0.1264975 2.460382 0.1063509 -0.08875191 2.419795 0.08189177 -0.04740518 2.388119 0.04915446 -0.004045665 2.366572 0.00939691 0.03966081 2.355982 -0.03585278 0.08203303 2.356755 -0.08485603 0.1214442 2.368862 -0.1357297 0.1563792 2.391838 -0.1865183 0.1854952 2.4248 -0.2352705 0.2076737 2.466481 -0.2801126 0.2220627 2.515279 -0.3193213 0.2281082 2.569319 -0.35139 0.225579 2.626526 -0.375086 0.2145717 2.684698 -0.3894988 0.1955091 2.796068 -0.429634 0.122076 2.736062 -0.435738 0.1587803 2.849889 -0.4125236 0.07969963 2.895456 -0.3850634 0.03327953 2.931018 -0.3483097 -0.01539993 2.955209 -0.3036742 -0.0644682 2.967099 -0.2528725 -0.1120395 2.966231 -0.197857 -0.156286 2.952638 -0.1407417 -0.1955071 2.926843 -0.08372169 -0.2281954 2.889837 -0.02898812 -0.2530954 2.843042 0.02135586 -0.2692496 2.788257 0.06537514 -0.276037 2.727586 0.1013783 -0.2731976 2.663362 0.1279819 -0.2608397 2.598052 0.1441632 -0.2394385 2.534166 0.1493006 -0.2098166 2.47416 0.1431967 -0.1731121 2.42034 0.1260859 -0.1307356 2.374772 0.09862607 -0.08431589 2.33921 0.06187218 -0.03563612 2.315019 0.0172367 0.01343226 2.303129 -0.03356486 0.0610035 2.303997 -0.08858072 0.1052499 2.31759 -0.1456959 0.1444709 2.343385 -0.2027159 0.1771596 2.380391 -0.2574495 0.2020592 2.427186 -0.3077935 0.2182136 2.481972 -0.3518128 0.225001 2.542643 -0.3878158 0.2221609 2.606867 -0.4144193 0.2098032 2.672177 -0.4306007 0.1884021</float_array>
          <technique_common>
            <accessor source="#Circle_001-mesh-positions-array" count="192" stride="3">
              <param name="X" type="float"/>
              <param name="Y" type="float"/>
              <param name="Z" type="float"/>
            </accessor>
          </technique_common>
        </source>
        <source id="Circle_001-mesh-normals">
          <float_array id="Circle_001-mesh-normals-array" count="576">-0.2817519 0.9549108 0.09360194 0.7122018 0.1870842 -0.6765856 0.2503486 -0.1267155 -0.9598275 0.05487376 -0.4757661 0.8778585 -0.3279895 -0.6697127 0.6662641 0.01083421 -0.9565878 0.2912429 -0.8120956 0.3305576 -0.4808665 -0.8061714 -0.5701034 0.1583349 -0.8417034 -0.4594134 0.2836808 0.4494189 0.8932835 0.008209526 0.6474064 0.02935957 0.7615792 0.5663041 0.8216842 -0.0643028 -0.7786986 0.2202574 -0.5874651 -0.7383326 -0.6733256 0.03869897 0.3157827 0.9466769 0.06390732 0.5254246 0.1031255 0.8445675 -0.06650131 -0.1649258 -0.9840616 0.143684 -0.9412404 -0.3056491 -0.03100746 -0.950306 -0.3097696 -0.7155871 0.1169196 -0.6886691 -0.6401693 -0.7650231 -0.07016348 0.1705113 0.9801576 0.1010799 0.3844874 0.1593434 0.909274 0.09409111 -0.1572967 -0.9830589 0.3124251 -0.9094115 -0.2745203 -0.6248535 0.02475118 -0.7803497 -0.5150483 -0.8414246 -0.1634933 0.01886093 0.9927632 0.1185981 0.2296898 0.1957827 0.9533687 0.3958345 -0.0744059 -0.9153026 -0.5097401 -0.05237179 -0.858733 -0.3676633 -0.8993057 -0.2367975 -0.133643 0.9842097 0.116064 0.06665354 0.2108864 0.9752355 0.5246235 -0.002594113 -0.8513305 0.4679808 -0.8563981 -0.2181204 -0.3746565 -0.1112433 -0.9204659 -0.2039884 -0.936137 -0.2864199 -0.09860795 0.2039912 0.9739938 0.6314714 0.08578926 -0.7706387 0.6040639 -0.7846148 -0.1395942 -0.2248941 -0.1493291 -0.9628725 -0.4114912 0.1257393 0.9026986 -0.2600205 0.1752697 0.9495631 0.7155963 -0.6971929 -0.04294127 -0.4202772 0.9058956 0.05215692 -0.5473708 0.05728542 0.8349274 0.7637216 0.2970774 -0.5731269 0.7988311 -0.5977728 0.06735509 -0.5443475 0.838831 -0.006958425 -0.6625123 -0.02749782 0.7485461 0.7842681 0.4113157 -0.4644813 0.851383 -0.4902235 0.1866225 -0.64945 0.7559927 -0.08179163 -0.7525421 -0.1254339 0.646488 0.7733527 0.5252023 -0.3550891 0.8720353 -0.3785646 0.3102313 -0.7316366 0.6601911 -0.1698698 -0.8139231 -0.2328023 0.5322897 0.7318237 0.6342533 -0.2493126 0.8606676 -0.266889 0.4336146 -0.7876194 0.5547853 -0.2680842 -0.8441503 -0.345534 0.4098982 0.6617482 0.7343229 -0.1511922 0.8181142 -0.1591244 0.5526017 -0.8149316 0.4435399 -0.3730399 0.7461531 -0.05914533 0.6631421 0.09811913 -0.9510694 0.2929842 0.1814666 -0.9330605 0.3105929 0.2560847 -0.9038805 0.3426671 0.318045 -0.8656891 0.3865615 0.3646122 -0.8210565 0.4392315 0.394554 -0.7727803 0.4971296 0.407821 -0.7235366 0.5569352 0.4054489 -0.6756973 0.6156658 0.3892079 -0.6310704 0.6710197 0.3612198 -0.5909955 0.7212799 0.3235974 -0.556369 0.7653355 0.2783952 -0.5276753 0.8025304 0.2274607 -0.5052174 0.8324764 0.1723408 -0.489067 0.855051 0.1144177 -0.4792787 0.8701728 -0.005066156 -0.4785702 0.8780348 -0.06439453 -0.4876897 0.870639 -0.1219246 -0.5031107 0.8555781 -0.1763098 -0.5247791 0.8327796 -0.2259956 -0.5526746 0.8021702 -0.2692412 -0.5864892 0.7638978 -0.3039743 -0.625772 0.7183377 -0.3390379 -0.7170489 0.6090109 -0.3350704 -0.7660626 0.5485218 -0.3145335 -0.8144726 0.4875482 -0.2769314 -0.859696 0.4292224 -0.2229093 -0.8989006 0.3772123 -0.1544557 -0.9294813 0.3349746 -0.07504624 -0.9492022 0.3055868 -0.7021532 0.2095747 -0.6804847 0.3407471 -0.0993095 -0.9348953 0.2774798 -0.9465811 -0.1642844 0.2775706 0.8013076 0.529963 0.1671555 0.2782162 0.9458619 0.4659336 0.1496042 0.8720805 -0.8730384 -0.4873645 0.01672464 -0.4369764 0.0132454 0.8993754 -0.5205031 0.1503065 0.8405263 -0.03009182 0.1711206 -0.9847905 0.5577158 0.8041313 -0.2057328 0.1065436 0.0979371 -0.9894731 -0.791485 -0.6060198 0.07931941 -0.3285098 -0.1146 0.9375225 -0.1728305 0.2237976 -0.9591894 0.4155542 0.8875694 -0.1988348 0.01693785 -0.9997602 0.01388597 0.5735515 -0.4271498 0.6989862 0.4242452 -0.4455781 0.7883375 -0.6871104 -0.7161037 0.1227789 -0.1988918 -0.2279763 0.9531364 -0.316427 0.2544723 -0.9138479 0.2650857 0.94898 -0.1707828 0.1545477 -0.9856386 -0.06805711 0.7068954 -0.3791452 0.5971164 -0.5637202 -0.8131231 0.1450883 -0.05276697 -0.3217595 0.9453499 -0.4557147 0.2621916 -0.8506349 0.1117617 0.9861704 -0.1223824 0.3806404 -0.8841833 -0.2708004 -0.4259842 -0.8930165 0.1451178 0.1041314 -0.3914389 0.9142934 -0.585791 0.2470247 -0.7718988 -0.03872829 0.9977202 -0.05526947 0.4598986 -0.8010153 -0.3832336 0.8186272 -0.3041888 0.4871538 -0.2793735 -0.9523239 0.122596 0.265455 -0.4334626 0.8611875 -0.180796 0.9831163 0.02819973 0.5120238 -0.7006031 -0.4969778 0.9043517 -0.2061282 0.3737104 -0.1296765 -0.9884591 0.07831251 -0.4189049 0.8780035 0.2315788 -0.3091278 0.9427651 0.1250367 0.5350904 -0.5870644 -0.6074816 0.9610998 -0.08975595 0.2612109 -0.8007646 0.1511619 -0.5795915 -0.5059821 0.7910643 0.3438017 0.5283233 -0.465209 -0.7102501 0.9873012 0.03970563 0.1538175 -0.8781234 0.07379496 -0.4727088 -0.5671426 0.6849172 0.4574252 0.4923321 -0.3399508 -0.8012756 0.982678 0.1768875 0.05526971 -0.9313285 -0.01986807 -0.3636381 -0.5999798 0.563326 0.5680565 0.4288499 -0.2163782 -0.8770794 0.9480688 0.3165417 -0.03109872 -0.9582569 -0.1267747 -0.2562655 -0.6032181 0.4304776 0.6714292 0.8852705 0.4536374 -0.102514 -0.957603 -0.243147 -0.154519 -0.576483 0.2911561 0.763476 0.2317941 0.006714224 -0.9727417 0.796919 0.5834368 -0.1565943 -0.9289771 -0.3648583 -0.06228989 0.6863861 0.7015848 -0.1914495 0.5400389 0.1586393 0.8265541 0.6048348 0.1849174 0.7745841 0.656653 0.226331 0.7194312 0.6930946 0.279832 0.6643148 0.7129631 0.3417559 0.6122797 0.7164812 0.4081099 0.5657748 0.7048764 0.4752483 0.526582 0.6802123 0.5399155 0.4957847 0.6448463 0.5997995 0.4737235 0.6013213 0.653082 0.4603223 0.5518732 0.6987606 0.4551588 0.4985901 0.7362116 0.457603 0.4431986 0.7652058 0.4669424 0.3871003 0.7856757 0.4825631 0.3315622 0.7976843 0.5037524 0.2261457 0.7966067 0.5606033 0.1782955 0.7835299 0.595224 0.134988 0.7621347 0.6331896 0.09744769 0.7324297 0.6738329 0.06692856 0.6944644 0.7164077 0.04489368 0.648563 0.7598359 0.03290009 0.5953155 0.8028183 0.03253364 0.5357676 0.8437386 0.04516845 0.4715836 0.8806639 0.07184225 0.4051428 0.9114264 0.112738 0.3394957 0.9338269 0.2331645 0.2252296 0.9459947 0.3077874 0.1843062 0.9334335 0.3869233 0.158395 0.9084061</float_array>
          <technique_common>
            <accessor source="#Circle_001-mesh-normals-array" count="192" stride="3">
              <param name="X" type="float"/>
              <param name="Y" type="float"/>
              <param name="Z" type="float"/>
            </accessor>
          </technique_common>
        </source>
        <source id="Circle_001-mesh-map-0">
          <float_array id="Circle_001-mesh-map-0-array" count="2256">0.3726653 0.0796501 0.1890871 0.43953 0.0468254 0.3598797 0.05346632 0.5674549 0.3036071 0.4887412 0.3784322 0.7482254 0.974208 0.4698951 0.9999999 0.4450986 0.9974222 0.4745932 0.8808566 0.9237746 0.906578 0.9599597 0.8833531 0.9638657 0.8350269 0.7798385 0.8522805 0.7447045 0.8586102 0.7768941 0.8795839 0.8812679 0.9041436 0.920869 0.8808566 0.9237746 0.8199214 0.5400233 0.8473073 0.5055283 0.8438815 0.5430615 0.8285351 0.7468252 0.8473073 0.7078088 0.8522805 0.7447045 0.8795836 0.8379793 0.9029027 0.879423 0.8795839 0.8812679 0.8234347 0.5015299 0.8522803 0.4724806 0.8473073 0.5055283 0.8234347 0.7089853 0.8438816 0.6676251 0.8473073 0.7078088 0.8808568 0.7955726 0.9029024 0.8372142 0.8795836 0.8379793 0.8350268 0.439646 0.8522803 0.4724806 0.828535 0.4676365 0.8199215 0.6677739 0.8421354 0.6256973 0.8438816 0.6676251 0.883353 0.7556765 0.9041435 0.795865 0.8808568 0.7955726 0.8957845 0.275602 0.9224348 0.2964191 0.8986516 0.3009993 0.8181304 0.6247736 0.8421351 0.5836375 0.8421354 0.6256973 0.8869775 0.7198251 0.9065777 0.7569642 0.883353 0.7556765 0.8943231 0.2438989 0.9196393 0.2716553 0.8957845 0.275602 0.8181306 0.5816375 0.8438815 0.5430615 0.8421351 0.5836375 0.9768517 0.7500395 0.997422 0.7123846 1 0.7477492 0.8943231 0.2071087 0.9182141 0.2407432 0.8943231 0.2438989 0.9742077 0.7137699 0.9955067 0.6732044 0.997422 0.7123846 0.8957844 0.1666451 0.9182144 0.2048708 0.8943231 0.2071087 0.9722432 0.6735877 0.9943273 0.6317152 0.9955067 0.6732044 0.8986515 0.1240633 0.9196391 0.1654163 0.8957844 0.1666451 0.9710337 0.6310369 0.9939289 0.5895113 0.9943273 0.6317152 0.9028135 0.08099925 0.9224344 0.1238968 0.8986515 0.1240633 0.9706251 0.587753 0.994327 0.5482143 0.9939289 0.5895113 0.9081109 0.03910815 0.9264928 0.08190703 0.9028135 0.08099925 0.9710335 0.5453997 0.9955066 0.5094112 0.994327 0.5482143 0.9143397 0 0.9316579 0.04106128 0.9081109 0.03910815 0.9722433 0.5056037 0.9974222 0.4745932 0.9955066 0.5094112 0.8833531 0.9638657 0.9101119 0.9951933 0.8869776 1 0.8695157 0.5150352 0.8438815 0.5430615 0.8473073 0.5055283 0.8739455 0.4855992 0.8473073 0.5055283 0.8522803 0.4724806 0.8795835 0.4612892 0.8522803 0.4724806 0.85861 0.4451882 0.2688587 0.8413231 0.3033501 0.8436034 0.2657511 0.8597525 0.9410938 0.235885 0.9196393 0.2716553 0.9182141 0.2407432 0.9410936 0.203933 0.9182141 0.2407432 0.9182144 0.2048708 0.9423631 0.1687905 0.9182144 0.2048708 0.9196391 0.1654163 0.1282914 0.8269391 0.1454163 0.8597525 0.1079376 0.8436037 0.09827697 0.8060569 0.1079376 0.8436037 0.07424056 0.8201589 0.07278442 0.7794783 0.07424056 0.8201589 0.04562038 0.7903196 0.05279362 0.7482255 0.04562038 0.7903196 0.02317672 0.7552323 0.03907316 0.7134991 0.02317672 0.7552323 0.007772564 0.7162453 0.03214949 0.676634 0.007772564 0.7162453 0 0.6748572 0.03228944 0.6390463 0 0.6748572 1.56709e-4 0.632658 0.03948736 0.6021811 1.56709e-4 0.632658 0.0082376 0.5912696 0.05346632 0.5674549 0.0082376 0.5912696 0.02393174 0.5522828 0.05346632 0.5674549 0.04663628 0.5171954 0.07368952 0.5362017 0.07368952 0.5362017 0.07547855 0.4873559 0.09937971 0.5096237 0.09937971 0.5096237 0.1093499 0.4639114 0.1295496 0.4887412 0.1295496 0.4887412 0.1469491 0.4477624 0.1630397 0.474357 0.1630397 0.474357 0.1868313 0.43953 0.1985634 0.4670238 0.1985634 0.4670238 0.2274633 0.4395301 0.2347549 0.4670242 0.2347549 0.4670242 0.2672839 0.4477627 0.2702239 0.4743571 0.2702239 0.4743571 0.3047627 0.4639115 0.3036071 0.4887412 0.3036071 0.4887412 0.3384602 0.4873563 0.3336216 0.5096236 0.3336216 0.5096236 0.36708 0.5171955 0.359114 0.5362024 0.8795836 0.756745 0.8522805 0.7447045 0.8739457 0.7280733 0.8739457 0.7280733 0.8473073 0.7078088 0.8695157 0.6952101 0.8695157 0.6952101 0.8438816 0.6676251 0.8664645 0.6594176 0.8664645 0.6594176 0.8421354 0.6256973 0.864909 0.6220719 0.864909 0.6220719 0.8421351 0.5836375 0.8649091 0.5846085 0.8649091 0.5846085 0.8438815 0.5430615 0.8664646 0.5484665 0.7538312 0.04961824 0.7822712 0.3604952 0.4935145 0.3900278 0.6603076 0.4760676 0.6942362 0.82802 0.5515452 0.8426661 0.945285 0.07052499 0.9720912 0.03770184 0.9686326 0.07446128 0.9390363 0.6743848 0.964248 0.7104912 0.9410185 0.7143937 0.948832 0.03282499 0.9767459 0.005695462 0.9720912 0.03770184 0.9380257 0.6319195 0.9623151 0.6714805 0.9390363 0.6743848 0.8817759 0.5155404 0.9099825 0.4794872 0.9057894 0.5184465 0.8923186 0.7198251 0.9099822 0.6824853 0.9160693 0.717635 0.9380259 0.5886306 0.9613299 0.6300749 0.9380257 0.6319195 0.886076 0.4755845 0.9160694 0.4444453 0.9099825 0.4794872 0.8860759 0.6837761 0.9057893 0.6434518 0.9099822 0.6824853 0.9390365 0.5461803 0.9613299 0.5878654 0.9380259 0.5886306 0.8376728 0.2772511 0.8705069 0.3072205 0.8471134 0.3118968 0.8817757 0.6437441 0.9036519 0.6020346 0.9057893 0.6434518 0.9410187 0.506201 0.9623152 0.5464742 0.9390365 0.5461803 0.83117 0.2382116 0.8613017 0.2734389 0.8376728 0.2772511 0.8795836 0.6012672 0.903652 0.5598254 0.9036519 0.6020346 0.9438965 0.4702289 0.964248 0.5074922 0.9410187 0.506201 0.8278549 0.1962785 0.854961 0.2353733 0.83117 0.2382116 0.8795837 0.5579782 0.9057894 0.5184465 0.903652 0.5598254 0.9438965 0.4702289 0.9706251 0.4425974 0.967054 0.4724173 0.8278549 0.1530631 0.8517286 0.1944862 0.8278549 0.1962785 0.9536057 0.3122094 0.9720914 0.2768839 0.9767459 0.3101168 0.8311699 0.1102264 0.8517287 0.1523489 0.8278549 0.1530631 0.948832 0.2781262 0.9686326 0.2392128 0.9720914 0.2768839 0.8376728 0.06941431 0.854961 0.1105806 0.8311699 0.1102264 0.945285 0.2394914 0.9665027 0.1985512 0.9686326 0.2392128 0.8471136 0.0321955 0.8613016 0.07078659 0.8376728 0.06941431 0.9431005 0.1977895 0.9657835 0.1564615 0.9665027 0.1985512 0.8591292 0 0.870507 0.03449648 0.8471136 0.0321955 0.9423631 0.1546233 0.9665026 0.1145616 0.9657835 0.1564615 0.9438962 0.7504087 0.9706251 0.7754814 0.9475589 0.781046 0.9431005 0.1116511 0.9686326 0.07446128 0.9665026 0.1145616 0.9410185 0.7143937 0.9670538 0.7456081 0.9438962 0.7504087 0.932604 0.4882869 0.9057894 0.5184465 0.9099825 0.4794872 0.9380257 0.4570747 0.9099825 0.4794872 0.9160694 0.4444453 0.886124 0.2683539 0.8705069 0.3072205 0.8613017 0.2734389 0.8804761 0.2344483 0.8613017 0.2734389 0.854961 0.2353733 0.8775972 0.1980296 0.854961 0.2353733 0.8517286 0.1944862 0.877597 0.1604972 0.8517286 0.1944862 0.8517287 0.1523489 0.8804762 0.1232935 0.8517287 0.1523489 0.854961 0.1105806 0.8861238 0.08784824 0.854961 0.1105806 0.8613016 0.07078659 0.8943231 0.05552381 0.8613016 0.07078659 0.870507 0.03449648 0.4611125 0.5382117 0.4233333 0.5526309 0.4462395 0.5175536 0.4870808 0.5116237 0.4462395 0.5175536 0.4753936 0.4877036 0.5176164 0.4907136 0.4753936 0.4877036 0.5096756 0.464228 0.5515453 0.4762845 0.5096756 0.464228 0.5477675 0.4480286 0.5875644 0.4688915 0.5477675 0.4480286 0.5882055 0.4397283 0.6242887 0.4688183 0.5882055 0.4397283 0.6294361 0.439646 0.6603076 0.4760676 0.6294361 0.439646 0.6698742 0.4477849 0.6603076 0.4760676 0.7079661 0.463832 0.6942368 0.4903609 0.6942368 0.4903609 0.7422478 0.4871708 0.7247723 0.5111492 0.7247723 0.5111492 0.7714024 0.5169043 0.7507402 0.5376334 0.7507402 0.5376334 0.7943086 0.5518901 0.7711434 0.5687956 0.7711434 0.5687956 0.8100869 0.5907836 0.7851973 0.6034387 0.7851973 0.6034387 0.8181304 0.6320897 0.7923616 0.6402308 0.7923616 0.6402308 0.8181304 0.6742218 0.7923619 0.6777584 0.7923619 0.6777584 0.8100866 0.7155601 0.7851969 0.7145794 0.7851969 0.7145794 0.7943083 0.7545164 0.7711431 0.7492782 0.7711431 0.7492782 0.771402 0.7895933 0.7507398 0.7805221 0.7507398 0.7805221 0.7422476 0.8194437 0.7247716 0.80711 0.9380258 0.7004088 0.9099822 0.6824853 0.9326038 0.6691004 0.9326038 0.6691004 0.9057893 0.6434518 0.9288691 0.634333 0.9288691 0.634333 0.9036519 0.6020346 0.9269655 0.5974418 0.9269655 0.5974418 0.903652 0.5598254 0.9269655 0.5598452 0.9269655 0.5598452 0.9057894 0.5184465 0.9288696 0.5229882 0.0468254 0.3598797 0.02387154 0.3238894 0.008060216 0.2838979 0.008060216 0.2838979 0 0.2414419 0 0.1981526 0 0.1981526 0.008060216 0.1556937 0.02387154 0.1156972 0.02387154 0.1156972 0.04682523 0.07969999 0.07604032 0.04908531 0.07604032 0.04908531 0.1103937 0.02502989 0.1485649 0.00845772 0.1485649 0.00845772 0.1890874 6.41387e-6 0.07604032 0.04908531 0.2304033 0 0.270926 0.008439064 0.3090972 0.02499949 0.3090972 0.02499949 0.3434505 0.04904437 0.3726653 0.0796501 0.3726653 0.0796501 0.3956195 0.1156403 0.4114305 0.1556321 0.4114305 0.1556321 0.4194911 0.1980885 0.4194911 0.2413777 0.4194911 0.2413777 0.4114307 0.2838367 0.3956196 0.3238329 0.3956196 0.3238329 0.3726652 0.3598302 0.4194911 0.2413777 0.3434503 0.3904448 0.309097 0.4145001 0.2709261 0.4310721 0.2709261 0.4310721 0.2304034 0.4395234 0.3434503 0.3904448 0.1890871 0.43953 0.148565 0.4310906 0.1103936 0.4145305 0.1103936 0.4145305 0.07604062 0.3904853 0.1890871 0.43953 0.0468254 0.3598797 0.008060216 0.2838979 0.07604032 0.04908531 0 0.1981526 0.02387154 0.1156972 0.07604032 0.04908531 0.07604032 0.04908531 0.1890874 6.41387e-6 0.2304033 0 0.2304033 0 0.3090972 0.02499949 0.07604032 0.04908531 0.3726653 0.0796501 0.4114305 0.1556321 0.3434503 0.3904448 0.4194911 0.2413777 0.3726652 0.3598302 0.3434503 0.3904448 0.3434503 0.3904448 0.2304034 0.4395234 0.1890871 0.43953 0.1890871 0.43953 0.07604062 0.3904853 0.0468254 0.3598797 0.008060216 0.2838979 0 0.1981526 0.07604032 0.04908531 0.07604032 0.04908531 0.3090972 0.02499949 0.3726653 0.0796501 0.4114305 0.1556321 0.4194911 0.2413777 0.3434503 0.3904448 0.3434503 0.3904448 0.1890871 0.43953 0.3726653 0.0796501 0.0468254 0.3598797 0.07604032 0.04908531 0.3726653 0.0796501 0.3784322 0.7482254 0.3582088 0.7794782 0.3325188 0.8060565 0.3325188 0.8060565 0.3023487 0.8269389 0.2688587 0.8413231 0.2688587 0.8413231 0.2333352 0.8486558 0.1971434 0.848656 0.1971434 0.848656 0.1616745 0.8413231 0.1282914 0.8269391 0.1282914 0.8269391 0.09827697 0.8060569 0.07278442 0.7794783 0.07278442 0.7794783 0.05279362 0.7482255 0.1282914 0.8269391 0.03907316 0.7134991 0.03214949 0.676634 0.03228944 0.6390463 0.03228944 0.6390463 0.03948736 0.6021811 0.05346632 0.5674549 0.05346632 0.5674549 0.07368952 0.5362017 0.09937971 0.5096237 0.09937971 0.5096237 0.1295496 0.4887412 0.1630397 0.474357 0.1630397 0.474357 0.1985634 0.4670238 0.2347549 0.4670242 0.2347549 0.4670242 0.2702239 0.4743571 0.3036071 0.4887412 0.3036071 0.4887412 0.3336216 0.5096236 0.359114 0.5362024 0.359114 0.5362024 0.3791047 0.5674553 0.3928256 0.6021814 0.3928256 0.6021814 0.3997488 0.6390466 0.3996091 0.6766343 0.3996091 0.6766343 0.3924111 0.7134993 0.3928256 0.6021814 0.3784322 0.7482254 0.3325188 0.8060565 0.2688587 0.8413231 0.2688587 0.8413231 0.1971434 0.848656 0.3784322 0.7482254 0.1282914 0.8269391 0.05279362 0.7482255 0.03907316 0.7134991 0.03907316 0.7134991 0.03228944 0.6390463 0.1282914 0.8269391 0.05346632 0.5674549 0.09937971 0.5096237 0.1630397 0.474357 0.1630397 0.474357 0.2347549 0.4670242 0.05346632 0.5674549 0.3036071 0.4887412 0.359114 0.5362024 0.3784322 0.7482254 0.3928256 0.6021814 0.3924111 0.7134993 0.3784322 0.7482254 0.3784322 0.7482254 0.1971434 0.848656 0.1282914 0.8269391 0.1282914 0.8269391 0.03228944 0.6390463 0.05346632 0.5674549 0.05346632 0.5674549 0.2347549 0.4670242 0.3036071 0.4887412 0.359114 0.5362024 0.3928256 0.6021814 0.3784322 0.7482254 0.3784322 0.7482254 0.1282914 0.8269391 0.05346632 0.5674549 0.974208 0.4698951 0.9768515 0.439646 0.9999999 0.4450986 0.8808566 0.9237746 0.9041436 0.920869 0.906578 0.9599597 0.8350269 0.7798385 0.8285351 0.7468252 0.8522805 0.7447045 0.8795839 0.8812679 0.9029027 0.879423 0.9041436 0.920869 0.8199214 0.5400233 0.8234347 0.5015299 0.8473073 0.5055283 0.8285351 0.7468252 0.8234347 0.7089853 0.8473073 0.7078088 0.8795836 0.8379793 0.9029024 0.8372142 0.9029027 0.879423 0.8234347 0.5015299 0.828535 0.4676365 0.8522803 0.4724806 0.8234347 0.7089853 0.8199215 0.6677739 0.8438816 0.6676251 0.8808568 0.7955726 0.9041435 0.795865 0.9029024 0.8372142 0.8350268 0.439646 0.85861 0.4451882 0.8522803 0.4724806 0.8199215 0.6677739 0.8181304 0.6247736 0.8421354 0.6256973 0.883353 0.7556765 0.9065777 0.7569642 0.9041435 0.795865 0.8957845 0.275602 0.9196393 0.2716553 0.9224348 0.2964191 0.8181304 0.6247736 0.8181306 0.5816375 0.8421351 0.5836375 0.8869775 0.7198251 0.9101119 0.7220072 0.9065777 0.7569642 0.8943231 0.2438989 0.9182141 0.2407432 0.9196393 0.2716553 0.8181306 0.5816375 0.8199214 0.5400233 0.8438815 0.5430615 0.9768517 0.7500395 0.9742077 0.7137699 0.997422 0.7123846 0.8943231 0.2071087 0.9182144 0.2048708 0.9182141 0.2407432 0.9742077 0.7137699 0.9722432 0.6735877 0.9955067 0.6732044 0.8957844 0.1666451 0.9196391 0.1654163 0.9182144 0.2048708 0.9722432 0.6735877 0.9710337 0.6310369 0.9943273 0.6317152 0.8986515 0.1240633 0.9224344 0.1238968 0.9196391 0.1654163 0.9710337 0.6310369 0.9706251 0.587753 0.9939289 0.5895113 0.9028135 0.08099925 0.9264928 0.08190703 0.9224344 0.1238968 0.9706251 0.587753 0.9710335 0.5453997 0.994327 0.5482143 0.9081109 0.03910815 0.9316579 0.04106128 0.9264928 0.08190703 0.9710335 0.5453997 0.9722433 0.5056037 0.9955066 0.5094112 0.9143397 0 0.9377317 0.002928256 0.9316579 0.04106128 0.9722433 0.5056037 0.974208 0.4698951 0.9974222 0.4745932 0.8833531 0.9638657 0.906578 0.9599597 0.9101119 0.9951933 0.8695157 0.5150352 0.8664646 0.5484665 0.8438815 0.5430615 0.8739455 0.4855992 0.8695157 0.5150352 0.8473073 0.5055283 0.8795835 0.4612892 0.8739455 0.4855992 0.8522803 0.4724806 0.2688587 0.8413231 0.3023487 0.8269389 0.3033501 0.8436034 0.9410938 0.235885 0.9423631 0.2634189 0.9196393 0.2716553 0.9410936 0.203933 0.9410938 0.235885 0.9182141 0.2407432 0.9423631 0.1687905 0.9410936 0.203933 0.9182144 0.2048708 0.1282914 0.8269391 0.1616745 0.8413231 0.1454163 0.8597525 0.09827697 0.8060569 0.1282914 0.8269391 0.1079376 0.8436037 0.07278442 0.7794783 0.09827697 0.8060569 0.07424056 0.8201589 0.05279362 0.7482255 0.07278442 0.7794783 0.04562038 0.7903196 0.03907316 0.7134991 0.05279362 0.7482255 0.02317672 0.7552323 0.03214949 0.676634 0.03907316 0.7134991 0.007772564 0.7162453 0.03228944 0.6390463 0.03214949 0.676634 0 0.6748572 0.03948736 0.6021811 0.03228944 0.6390463 1.56709e-4 0.632658 0.05346632 0.5674549 0.03948736 0.6021811 0.0082376 0.5912696 0.05346632 0.5674549 0.02393174 0.5522828 0.04663628 0.5171954 0.07368952 0.5362017 0.04663628 0.5171954 0.07547855 0.4873559 0.09937971 0.5096237 0.07547855 0.4873559 0.1093499 0.4639114 0.1295496 0.4887412 0.1093499 0.4639114 0.1469491 0.4477624 0.1630397 0.474357 0.1469491 0.4477624 0.1868313 0.43953 0.1985634 0.4670238 0.1868313 0.43953 0.2274633 0.4395301 0.2347549 0.4670242 0.2274633 0.4395301 0.2672839 0.4477627 0.2702239 0.4743571 0.2672839 0.4477627 0.3047627 0.4639115 0.3036071 0.4887412 0.3047627 0.4639115 0.3384602 0.4873563 0.3336216 0.5096236 0.3384602 0.4873563 0.36708 0.5171955 0.8795836 0.756745 0.8586102 0.7768941 0.8522805 0.7447045 0.8739457 0.7280733 0.8522805 0.7447045 0.8473073 0.7078088 0.8695157 0.6952101 0.8473073 0.7078088 0.8438816 0.6676251 0.8664645 0.6594176 0.8438816 0.6676251 0.8421354 0.6256973 0.864909 0.6220719 0.8421354 0.6256973 0.8421351 0.5836375 0.8649091 0.5846085 0.8421351 0.5836375 0.8438815 0.5430615 0.4935145 0.3900278 0.4650746 0.3593135 0.4194912 0.240706 0.4427292 0.323239 0.4273378 0.28319 0.4194912 0.240706 0.4194912 0.240706 0.4194911 0.1974192 0.4273378 0.1549935 0.4273378 0.1549935 0.4427294 0.1150593 0.4650746 0.07915121 0.4650746 0.07915121 0.4935146 0.04864859 0.5269564 0.0247246 0.5269564 0.0247246 0.5641154 0.008297801 0.4650746 0.07915121 0.6035627 0 0.643783 1.49657e-4 0.7538312 0.04961824 0.6832306 0.008741199 0.7203894 0.0254448 0.7538312 0.04961824 0.7538312 0.04961824 0.7822713 0.08033221 0.8046166 0.1164069 0.8046166 0.1164069 0.8200083 0.1564561 0.8278549 0.1989402 0.8278549 0.1989402 0.8278549 0.2422267 0.8200082 0.2846525 0.8200082 0.2846525 0.8046163 0.3245869 0.8278549 0.1989402 0.7822712 0.3604952 0.7538312 0.3909972 0.7203893 0.4149215 0.7203893 0.4149215 0.6832305 0.4313477 0.7822712 0.3604952 0.6437831 0.439646 0.6035627 0.4394962 0.5641154 0.4309043 0.5641154 0.4309043 0.5269566 0.4142008 0.6437831 0.439646 0.4650746 0.3593135 0.4427292 0.323239 0.4194912 0.240706 0.4194912 0.240706 0.4273378 0.1549935 0.4650746 0.07915121 0.4650746 0.07915121 0.5641154 0.008297801 0.6035627 0 0.643783 1.49657e-4 0.6832306 0.008741199 0.7538312 0.04961824 0.7538312 0.04961824 0.8046166 0.1164069 0.7822712 0.3604952 0.8278549 0.1989402 0.8046163 0.3245869 0.7822712 0.3604952 0.7822712 0.3604952 0.6832305 0.4313477 0.6437831 0.439646 0.6437831 0.439646 0.5269566 0.4142008 0.4935145 0.3900278 0.4935145 0.3900278 0.4194912 0.240706 0.7538312 0.04961824 0.4650746 0.07915121 0.6035627 0 0.7538312 0.04961824 0.8046166 0.1164069 0.8278549 0.1989402 0.7822712 0.3604952 0.7822712 0.3604952 0.6437831 0.439646 0.4935145 0.3900278 0.4194912 0.240706 0.4650746 0.07915121 0.7538312 0.04961824 0.5515452 0.8426661 0.5176161 0.8283725 0.4870809 0.8075844 0.4870809 0.8075844 0.4611124 0.7811001 0.4407095 0.749938 0.4407095 0.749938 0.4266558 0.715295 0.4266558 0.6041544 0.4194912 0.6785029 0.4194911 0.6409752 0.4266558 0.6041544 0.4266558 0.6041544 0.4407089 0.5694554 0.4611125 0.5382117 0.4611125 0.5382117 0.4870808 0.5116237 0.4266558 0.6041544 0.5176164 0.4907136 0.5515453 0.4762845 0.5875644 0.4688915 0.5875644 0.4688915 0.6242887 0.4688183 0.6603076 0.4760676 0.6603076 0.4760676 0.6942368 0.4903609 0.7247723 0.5111492 0.7247723 0.5111492 0.7507402 0.5376334 0.6603076 0.4760676 0.7711434 0.5687956 0.7851973 0.6034387 0.7923616 0.6402308 0.7923616 0.6402308 0.7923619 0.6777584 0.7851969 0.7145794 0.7851969 0.7145794 0.7711431 0.7492782 0.6942362 0.82802 0.7507398 0.7805221 0.7247716 0.80711 0.6942362 0.82802 0.6942362 0.82802 0.6603074 0.842449 0.624288 0.8498421 0.624288 0.8498421 0.5875636 0.8499152 0.6942362 0.82802 0.5515452 0.8426661 0.4870809 0.8075844 0.4407095 0.749938 0.4266558 0.715295 0.4194912 0.6785029 0.4266558 0.6041544 0.4266558 0.6041544 0.4870808 0.5116237 0.5176164 0.4907136 0.5176164 0.4907136 0.5875644 0.4688915 0.6603076 0.4760676 0.6603076 0.4760676 0.7507402 0.5376334 0.7711434 0.5687956 0.7711434 0.5687956 0.7923616 0.6402308 0.6603076 0.4760676 0.7711431 0.7492782 0.7507398 0.7805221 0.6942362 0.82802 0.6942362 0.82802 0.5875636 0.8499152 0.5515452 0.8426661 0.5515452 0.8426661 0.4407095 0.749938 0.6603076 0.4760676 0.4266558 0.6041544 0.5176164 0.4907136 0.6603076 0.4760676 0.6603076 0.4760676 0.7923616 0.6402308 0.7851969 0.7145794 0.7851969 0.7145794 0.6942362 0.82802 0.6603076 0.4760676 0.4407095 0.749938 0.4266558 0.6041544 0.6603076 0.4760676 0.945285 0.07052499 0.948832 0.03282499 0.9720912 0.03770184 0.9390363 0.6743848 0.9623151 0.6714805 0.964248 0.7104912 0.948832 0.03282499 0.9536057 0 0.9767459 0.005695462 0.9380257 0.6319195 0.9613299 0.6300749 0.9623151 0.6714805 0.8817759 0.5155404 0.886076 0.4755845 0.9099825 0.4794872 0.8923186 0.7198251 0.8860759 0.6837761 0.9099822 0.6824853 0.9380259 0.5886306 0.9613299 0.5878654 0.9613299 0.6300749 0.886076 0.4755845 0.8923189 0.439646 0.9160694 0.4444453 0.8860759 0.6837761 0.8817757 0.6437441 0.9057893 0.6434518 0.9390365 0.5461803 0.9623152 0.5464742 0.9613299 0.5878654 0.8376728 0.2772511 0.8613017 0.2734389 0.8705069 0.3072205 0.8817757 0.6437441 0.8795836 0.6012672 0.9036519 0.6020346 0.9410187 0.506201 0.964248 0.5074922 0.9623152 0.5464742 0.83117 0.2382116 0.854961 0.2353733 0.8613017 0.2734389 0.8795836 0.6012672 0.8795837 0.5579782 0.903652 0.5598254 0.9438965 0.4702289 0.967054 0.4724173 0.964248 0.5074922 0.8278549 0.1962785 0.8517286 0.1944862 0.854961 0.2353733 0.8795837 0.5579782 0.8817759 0.5155404 0.9057894 0.5184465 0.9438965 0.4702289 0.9475589 0.439646 0.9706251 0.4425974 0.8278549 0.1530631 0.8517287 0.1523489 0.8517286 0.1944862 0.9536057 0.3122094 0.948832 0.2781262 0.9720914 0.2768839 0.8311699 0.1102264 0.854961 0.1105806 0.8517287 0.1523489 0.948832 0.2781262 0.945285 0.2394914 0.9686326 0.2392128 0.8376728 0.06941431 0.8613016 0.07078659 0.854961 0.1105806 0.945285 0.2394914 0.9431005 0.1977895 0.9665027 0.1985512 0.8471136 0.0321955 0.870507 0.03449648 0.8613016 0.07078659 0.9431005 0.1977895 0.9423631 0.1546233 0.9657835 0.1564615 0.8591292 0 0.8822226 0.003103971 0.870507 0.03449648 0.9423631 0.1546233 0.9431005 0.1116511 0.9665026 0.1145616 0.9438962 0.7504087 0.9670538 0.7456081 0.9706251 0.7754814 0.9431005 0.1116511 0.945285 0.07052499 0.9686326 0.07446128 0.9410185 0.7143937 0.964248 0.7104912 0.9670538 0.7456081 0.932604 0.4882869 0.9288696 0.5229882 0.9057894 0.5184465 0.9380257 0.4570747 0.932604 0.4882869 0.9099825 0.4794872 0.886124 0.2683539 0.8943231 0.2984436 0.8705069 0.3072205 0.8804761 0.2344483 0.886124 0.2683539 0.8613017 0.2734389 0.8775972 0.1980296 0.8804761 0.2344483 0.854961 0.2353733 0.877597 0.1604972 0.8775972 0.1980296 0.8517286 0.1944862 0.8804762 0.1232935 0.877597 0.1604972 0.8517287 0.1523489 0.8861238 0.08784824 0.8804762 0.1232935 0.854961 0.1105806 0.8943231 0.05552381 0.8861238 0.08784824 0.8613016 0.07078659 0.4611125 0.5382117 0.4407089 0.5694554 0.4233333 0.5526309 0.4870808 0.5116237 0.4611125 0.5382117 0.4462395 0.5175536 0.5176164 0.4907136 0.4870808 0.5116237 0.4753936 0.4877036 0.5515453 0.4762845 0.5176164 0.4907136 0.5096756 0.464228 0.5875644 0.4688915 0.5515453 0.4762845 0.5477675 0.4480286 0.6242887 0.4688183 0.5875644 0.4688915 0.5882055 0.4397283 0.6603076 0.4760676 0.6242887 0.4688183 0.6294361 0.439646 0.6603076 0.4760676 0.6698742 0.4477849 0.7079661 0.463832 0.6942368 0.4903609 0.7079661 0.463832 0.7422478 0.4871708 0.7247723 0.5111492 0.7422478 0.4871708 0.7714024 0.5169043 0.7507402 0.5376334 0.7714024 0.5169043 0.7943086 0.5518901 0.7711434 0.5687956 0.7943086 0.5518901 0.8100869 0.5907836 0.7851973 0.6034387 0.8100869 0.5907836 0.8181304 0.6320897 0.7923616 0.6402308 0.8181304 0.6320897 0.8181304 0.6742218 0.7923619 0.6777584 0.8181304 0.6742218 0.8100866 0.7155601 0.7851969 0.7145794 0.8100866 0.7155601 0.7943083 0.7545164 0.7711431 0.7492782 0.7943083 0.7545164 0.771402 0.7895933 0.7507398 0.7805221 0.771402 0.7895933 0.7422476 0.8194437 0.9380258 0.7004088 0.9160693 0.717635 0.9099822 0.6824853 0.9326038 0.6691004 0.9099822 0.6824853 0.9057893 0.6434518 0.9288691 0.634333 0.9057893 0.6434518 0.9036519 0.6020346 0.9269655 0.5974418 0.9036519 0.6020346 0.903652 0.5598254 0.9269655 0.5598452 0.903652 0.5598254 0.9057894 0.5184465</float_array>
          <technique_common>
            <accessor source="#Circle_001-mesh-map-0-array" count="1128" stride="2">
              <param name="S" type="float"/>
              <param name="T" type="float"/>
            </accessor>
          </technique_common>
        </source>
        <vertices id="Circle_001-mesh-vertices">
          <input semantic="POSITION" source="#Circle_001-mesh-positions"/>
        </vertices>
        <polylist material="iris-material" count="376">
          <input semantic="VERTEX" source="#Circle_001-mesh-vertices" offset="0"/>
          <input semantic="NORMAL" source="#Circle_001-mesh-normals" offset="1"/>
          <input semantic="TEXCOORD" source="#Circle_001-mesh-map-0" offset="2" set="0"/>
          <vcount>3 3 3 3 3 3 3 3 3 3 3 3 3 3 3 3 3 3 3 3 3 3 3 3 3 3 3 3 3 3 3 3 3 3 3 3 3 3 3 3 3 3 3 3 3 3 3 3 3 3 3 3 3 3 3 3 3 3 3 3 3 3 3 3 3 3 3 3 3 3 3 3 3 3 3 3 3 3 3 3 3 3 3 3 3 3 3 3 3 3 3 3 3 3 3 3 3 3 3 3 3 3 3 3 3 3 3 3 3 3 3 3 3 3 3 3 3 3 3 3 3 3 3 3 3 3 3 3 3 3 3 3 3 3 3 3 3 3 3 3 3 3 3 3 3 3 3 3 3 3 3 3 3 3 3 3 3 3 3 3 3 3 3 3 3 3 3 3 3 3 3 3 3 3 3 3 3 3 3 3 3 3 3 3 3 3 3 3 3 3 3 3 3 3 3 3 3 3 3 3 3 3 3 3 3 3 3 3 3 3 3 3 3 3 3 3 3 3 3 3 3 3 3 3 3 3 3 3 3 3 3 3 3 3 3 3 3 3 3 3 3 3 3 3 3 3 3 3 3 3 3 3 3 3 3 3 3 3 3 3 3 3 3 3 3 3 3 3 3 3 3 3 3 3 3 3 3 3 3 3 3 3 3 3 3 3 3 3 3 3 3 3 3 3 3 3 3 3 3 3 3 3 3 3 3 3 3 3 3 3 3 3 3 3 3 3 3 3 3 3 3 3 3 3 3 3 3 3 3 3 3 3 3 3 3 3 3 3 3 3 3 3 3 3 3 3 3 3 3 3 3 3 3 3 3 3 3 3 3 3 3 3 3 3 3 3 3 3 3 3 3 3 3 3 3 3 </vcount>
          <p>18 0 0 6 1 1 2 2 2 48 3 3 56 4 4 32 5 5 25 6 6 90 7 7 89 8 8 13 9 9 76 10 10 12 11 11 26 12 12 91 13 13 90 7 14 14 14 15 77 15 16 13 9 17 0 16 18 64 17 19 65 18 20 27 19 21 92 20 22 91 13 23 15 21 24 78 22 25 14 14 26 1 23 27 66 24 28 64 17 29 28 25 30 93 26 31 92 20 32 16 27 33 79 28 34 15 21 35 3 29 36 66 24 37 2 2 38 29 30 39 94 31 40 93 26 41 17 32 42 80 33 43 16 27 44 4 34 45 67 35 46 3 29 47 30 36 48 95 37 49 94 31 50 18 0 51 81 38 52 17 32 53 5 39 54 68 40 55 4 34 56 31 41 57 65 18 58 95 37 59 18 0 60 83 42 61 82 43 62 6 1 63 69 44 64 5 39 65 19 45 66 84 46 67 83 42 68 7 47 69 70 48 70 6 1 71 20 49 72 85 50 73 84 46 74 8 51 75 71 52 76 7 47 77 21 53 78 86 54 79 85 50 80 9 55 81 72 56 82 8 51 83 22 57 84 87 58 85 86 54 86 10 59 87 73 60 88 9 55 89 23 61 90 88 62 91 87 58 92 11 63 93 74 64 94 10 59 95 24 65 96 89 8 97 88 62 98 12 11 99 75 66 100 11 63 101 33 67 102 65 18 103 64 17 104 34 68 105 64 17 106 66 24 107 35 69 108 66 24 109 67 35 110 36 70 111 67 35 112 68 40 113 37 71 114 68 40 115 69 44 116 38 72 117 69 44 118 70 48 119 39 73 120 70 48 121 71 52 122 40 74 123 71 52 124 72 56 125 41 75 126 72 56 127 73 60 128 42 76 129 73 60 130 74 64 131 43 77 132 74 64 133 75 66 134 44 78 135 75 66 136 76 10 137 45 79 138 76 10 139 77 15 140 46 80 141 77 15 142 78 22 143 47 81 144 78 22 145 79 28 146 48 3 147 79 28 148 80 33 149 48 3 150 81 38 151 49 82 152 49 82 153 82 43 154 50 83 155 50 83 156 83 42 157 51 84 158 51 84 159 84 46 160 52 85 161 52 85 162 85 50 163 53 86 164 53 86 165 86 54 166 54 87 167 54 87 168 87 58 169 55 88 170 55 88 171 88 62 172 56 4 173 56 4 174 89 8 175 57 89 176 57 89 177 90 7 178 58 90 179 58 90 180 91 13 181 59 91 182 59 91 183 92 20 184 60 92 185 60 92 186 93 26 187 61 93 188 61 93 189 94 31 190 62 94 191 62 94 192 95 37 193 63 95 194 63 95 195 65 18 196 32 5 197 114 96 198 106 97 199 98 98 200 144 99 201 156 100 202 128 101 203 121 102 204 186 103 205 185 104 206 109 105 207 172 106 208 108 107 209 122 108 210 187 109 211 186 103 212 110 110 213 173 111 214 109 105 215 96 112 216 160 113 217 161 114 218 123 115 219 188 116 220 187 109 221 111 117 222 174 118 223 110 110 224 97 119 225 162 120 226 160 113 227 124 121 228 189 122 229 188 116 230 112 123 231 175 124 232 111 117 233 99 125 234 162 120 235 98 98 236 125 126 237 190 127 238 189 122 239 113 128 240 176 129 241 112 123 242 100 130 243 163 131 244 99 125 245 126 132 246 191 133 247 190 127 248 114 96 249 177 134 250 113 128 251 101 135 252 164 136 253 100 130 254 127 137 255 161 114 256 191 133 257 114 96 258 179 138 259 178 139 260 102 140 261 165 141 262 101 135 263 115 142 264 180 143 265 179 138 266 103 144 267 166 145 268 102 140 269 116 146 270 181 147 271 180 143 272 104 148 273 167 149 274 103 144 275 117 150 276 182 151 277 181 147 278 105 152 279 168 153 280 104 148 281 118 154 282 183 155 283 182 151 284 106 97 285 169 156 286 105 152 287 119 157 288 184 158 289 183 155 290 107 159 291 170 160 292 106 97 293 120 161 294 185 104 295 184 158 296 108 107 297 171 162 298 107 159 299 129 163 300 161 114 301 160 113 302 130 164 303 160 113 304 162 120 305 131 165 306 162 120 307 163 131 308 132 166 309 163 131 310 164 136 311 133 167 312 164 136 313 165 141 314 134 168 315 165 141 316 166 145 317 135 169 318 166 145 319 167 149 320 136 170 321 167 149 322 168 153 323 137 171 324 168 153 325 169 156 326 138 172 327 169 156 328 170 160 329 139 173 330 170 160 331 171 162 332 140 174 333 171 162 334 172 106 335 141 175 336 172 106 337 173 111 338 142 176 339 173 111 340 174 118 341 143 177 342 174 118 343 175 124 344 144 99 345 175 124 346 176 129 347 144 99 348 177 134 349 145 178 350 145 178 351 178 139 352 146 179 353 146 179 354 179 138 355 147 180 356 147 180 357 180 143 358 148 181 359 148 181 360 181 147 361 149 182 362 149 182 363 182 151 364 150 183 365 150 183 366 183 155 367 151 184 368 151 184 369 184 158 370 152 185 371 152 185 372 185 104 373 153 186 374 153 186 375 186 103 376 154 187 377 154 187 378 187 109 379 155 188 380 155 188 381 188 116 382 156 100 383 156 100 384 189 122 385 157 189 386 157 189 387 190 127 388 158 190 389 158 190 390 191 133 391 159 191 392 159 191 393 161 114 394 128 101 395 2 2 396 1 23 397 0 16 398 0 16 399 31 41 400 30 36 401 30 36 402 29 30 403 28 25 404 28 25 405 27 19 406 26 12 407 26 12 408 25 6 409 24 65 410 24 65 411 23 61 412 26 12 413 22 57 414 21 53 415 20 49 416 20 49 417 19 45 418 18 0 419 18 0 420 17 32 421 16 27 422 16 27 423 15 21 424 14 14 425 14 14 426 13 9 427 12 11 428 12 11 429 11 63 430 14 14 431 10 59 432 9 55 433 8 51 434 8 51 435 7 47 436 10 59 437 6 1 438 5 39 439 4 34 440 4 34 441 3 29 442 6 1 443 2 2 444 0 16 445 26 12 446 30 36 447 28 25 448 26 12 449 26 12 450 23 61 451 22 57 452 22 57 453 20 49 454 26 12 455 18 0 456 16 27 457 10 59 458 14 14 459 11 63 460 10 59 461 10 59 462 7 47 463 6 1 464 6 1 465 3 29 466 2 2 467 0 16 468 30 36 469 26 12 470 26 12 471 20 49 472 18 0 473 16 27 474 14 14 475 10 59 476 10 59 477 6 1 478 18 0 479 2 2 480 26 12 481 18 0 482 32 5 483 33 67 484 34 68 485 34 68 486 35 69 487 36 70 488 36 70 489 37 71 490 38 72 491 38 72 492 39 73 493 40 74 494 40 74 495 41 75 496 42 76 497 42 76 498 43 77 499 40 74 500 44 78 501 45 79 502 46 80 503 46 80 504 47 81 505 48 3 506 48 3 507 49 82 508 50 83 509 50 83 510 51 84 511 52 85 512 52 85 513 53 86 514 54 87 515 54 87 516 55 88 517 56 4 518 56 4 519 57 89 520 58 90 521 58 90 522 59 91 523 60 92 524 60 92 525 61 93 526 62 94 527 62 94 528 63 95 529 60 92 530 32 5 531 34 68 532 36 70 533 36 70 534 38 72 535 32 5 536 40 74 537 43 77 538 44 78 539 44 78 540 46 80 541 40 74 542 48 3 543 50 83 544 52 85 545 52 85 546 54 87 547 48 3 548 56 4 549 58 90 550 32 5 551 60 92 552 63 95 553 32 5 554 32 5 555 38 72 556 40 74 557 40 74 558 46 80 559 48 3 560 48 3 561 54 87 562 56 4 563 58 90 564 60 92 565 32 5 566 32 5 567 40 74 568 48 3 569 25 6 570 26 12 571 90 7 572 13 9 573 77 15 574 76 10 575 26 12 576 27 19 577 91 13 578 14 14 579 78 22 580 77 15 581 0 16 582 1 23 583 64 17 584 27 19 585 28 25 586 92 20 587 15 21 588 79 28 589 78 22 590 1 23 591 2 2 592 66 24 593 28 25 594 29 30 595 93 26 596 16 27 597 80 33 598 79 28 599 3 29 600 67 35 601 66 24 602 29 30 603 30 36 604 94 31 605 17 32 606 81 38 607 80 33 608 4 34 609 68 40 610 67 35 611 30 36 612 31 41 613 95 37 614 18 0 615 82 43 616 81 38 617 5 39 618 69 44 619 68 40 620 31 41 621 0 16 622 65 18 623 18 0 624 19 45 625 83 42 626 6 1 627 70 48 628 69 44 629 19 45 630 20 49 631 84 46 632 7 47 633 71 52 634 70 48 635 20 49 636 21 53 637 85 50 638 8 51 639 72 56 640 71 52 641 21 53 642 22 57 643 86 54 644 9 55 645 73 60 646 72 56 647 22 57 648 23 61 649 87 58 650 10 59 651 74 64 652 73 60 653 23 61 654 24 65 655 88 62 656 11 63 657 75 66 658 74 64 659 24 65 660 25 6 661 89 8 662 12 11 663 76 10 664 75 66 665 33 67 666 32 5 667 65 18 668 34 68 669 33 67 670 64 17 671 35 69 672 34 68 673 66 24 674 36 70 675 35 69 676 67 35 677 37 71 678 36 70 679 68 40 680 38 72 681 37 71 682 69 44 683 39 73 684 38 72 685 70 48 686 40 74 687 39 73 688 71 52 689 41 75 690 40 74 691 72 56 692 42 76 693 41 75 694 73 60 695 43 77 696 42 76 697 74 64 698 44 78 699 43 77 700 75 66 701 45 79 702 44 78 703 76 10 704 46 80 705 45 79 706 77 15 707 47 81 708 46 80 709 78 22 710 48 3 711 47 81 712 79 28 713 48 3 714 80 33 715 81 38 716 49 82 717 81 38 718 82 43 719 50 83 720 82 43 721 83 42 722 51 84 723 83 42 724 84 46 725 52 85 726 84 46 727 85 50 728 53 86 729 85 50 730 86 54 731 54 87 732 86 54 733 87 58 734 55 88 735 87 58 736 88 62 737 56 4 738 88 62 739 89 8 740 57 89 741 89 8 742 90 7 743 58 90 744 90 7 745 91 13 746 59 91 747 91 13 748 92 20 749 60 92 750 92 20 751 93 26 752 61 93 753 93 26 754 94 31 755 62 94 756 94 31 757 95 37 758 63 95 759 95 37 760 65 18 761 98 98 762 97 119 763 126 132 764 96 112 765 127 137 766 126 132 767 126 132 768 125 126 769 124 121 770 124 121 771 123 115 772 122 108 773 122 108 774 121 102 775 120 161 776 120 161 777 119 157 778 122 108 779 118 154 780 117 150 781 114 96 782 116 146 783 115 142 784 114 96 785 114 96 786 113 128 787 112 123 788 112 123 789 111 117 790 110 110 791 110 110 792 109 105 793 108 107 794 108 107 795 107 159 796 110 110 797 106 97 798 105 152 799 104 148 800 104 148 801 103 144 802 106 97 803 102 140 804 101 135 805 100 130 806 100 130 807 99 125 808 102 140 809 97 119 810 96 112 811 126 132 812 126 132 813 124 121 814 122 108 815 122 108 816 119 157 817 118 154 818 117 150 819 116 146 820 114 96 821 114 96 822 112 123 823 106 97 824 110 110 825 107 159 826 106 97 827 106 97 828 103 144 829 102 140 830 102 140 831 99 125 832 98 98 833 98 98 834 126 132 835 114 96 836 122 108 837 118 154 838 114 96 839 112 123 840 110 110 841 106 97 842 106 97 843 102 140 844 98 98 845 126 132 846 122 108 847 114 96 848 128 101 849 129 163 850 130 164 851 130 164 852 131 165 853 132 166 854 132 166 855 133 167 856 136 170 857 134 168 858 135 169 859 136 170 860 136 170 861 137 171 862 138 172 863 138 172 864 139 173 865 136 170 866 140 174 867 141 175 868 142 176 869 142 176 870 143 177 871 144 99 872 144 99 873 145 178 874 146 179 875 146 179 876 147 180 877 144 99 878 148 181 879 149 182 880 150 183 881 150 183 882 151 184 883 152 185 884 152 185 885 153 186 886 156 100 887 154 187 888 155 188 889 156 100 890 156 100 891 157 189 892 158 190 893 158 190 894 159 191 895 156 100 896 128 101 897 130 164 898 132 166 899 133 167 900 134 168 901 136 170 902 136 170 903 139 173 904 140 174 905 140 174 906 142 176 907 144 99 908 144 99 909 147 180 910 148 181 911 148 181 912 150 183 913 144 99 914 153 186 915 154 187 916 156 100 917 156 100 918 159 191 919 128 101 920 128 101 921 132 166 922 144 99 923 136 170 924 140 174 925 144 99 926 144 99 927 150 183 928 152 185 929 152 185 930 156 100 931 144 99 932 132 166 933 136 170 934 144 99 935 121 102 936 122 108 937 186 103 938 109 105 939 173 111 940 172 106 941 122 108 942 123 115 943 187 109 944 110 110 945 174 118 946 173 111 947 96 112 948 97 119 949 160 113 950 123 115 951 124 121 952 188 116 953 111 117 954 175 124 955 174 118 956 97 119 957 98 98 958 162 120 959 124 121 960 125 126 961 189 122 962 112 123 963 176 129 964 175 124 965 99 125 966 163 131 967 162 120 968 125 126 969 126 132 970 190 127 971 113 128 972 177 134 973 176 129 974 100 130 975 164 136 976 163 131 977 126 132 978 127 137 979 191 133 980 114 96 981 178 139 982 177 134 983 101 135 984 165 141 985 164 136 986 127 137 987 96 112 988 161 114 989 114 96 990 115 142 991 179 138 992 102 140 993 166 145 994 165 141 995 115 142 996 116 146 997 180 143 998 103 144 999 167 149 1000 166 145 1001 116 146 1002 117 150 1003 181 147 1004 104 148 1005 168 153 1006 167 149 1007 117 150 1008 118 154 1009 182 151 1010 105 152 1011 169 156 1012 168 153 1013 118 154 1014 119 157 1015 183 155 1016 106 97 1017 170 160 1018 169 156 1019 119 157 1020 120 161 1021 184 158 1022 107 159 1023 171 162 1024 170 160 1025 120 161 1026 121 102 1027 185 104 1028 108 107 1029 172 106 1030 171 162 1031 129 163 1032 128 101 1033 161 114 1034 130 164 1035 129 163 1036 160 113 1037 131 165 1038 130 164 1039 162 120 1040 132 166 1041 131 165 1042 163 131 1043 133 167 1044 132 166 1045 164 136 1046 134 168 1047 133 167 1048 165 141 1049 135 169 1050 134 168 1051 166 145 1052 136 170 1053 135 169 1054 167 149 1055 137 171 1056 136 170 1057 168 153 1058 138 172 1059 137 171 1060 169 156 1061 139 173 1062 138 172 1063 170 160 1064 140 174 1065 139 173 1066 171 162 1067 141 175 1068 140 174 1069 172 106 1070 142 176 1071 141 175 1072 173 111 1073 143 177 1074 142 176 1075 174 118 1076 144 99 1077 143 177 1078 175 124 1079 144 99 1080 176 129 1081 177 134 1082 145 178 1083 177 134 1084 178 139 1085 146 179 1086 178 139 1087 179 138 1088 147 180 1089 179 138 1090 180 143 1091 148 181 1092 180 143 1093 181 147 1094 149 182 1095 181 147 1096 182 151 1097 150 183 1098 182 151 1099 183 155 1100 151 184 1101 183 155 1102 184 158 1103 152 185 1104 184 158 1105 185 104 1106 153 186 1107 185 104 1108 186 103 1109 154 187 1110 186 103 1111 187 109 1112 155 188 1113 187 109 1114 188 116 1115 156 100 1116 188 116 1117 189 122 1118 157 189 1119 189 122 1120 190 127 1121 158 190 1122 190 127 1123 191 133 1124 159 191 1125 191 133 1126 161 114 1127</p>
        </polylist>
      </mesh>
    </geometry>
  </library_geometries>
  <library_controllers/>
  <library_visual_scenes>
    <visual_scene id="Scene" name="Scene">
      <node id="chain" name="chain" type="NODE">
        <matrix sid="transform">0.5639048 0.1487087 0.01437029 -1.14491 0.02051229 -0.02148359 -0.5826038 0 -0.1479866 0.5636786 -0.02599603 2.659237 0 0 0 1</matrix>
        <instance_geometry url="#Torus_001-mesh" name="chain">
          <bind_material>
            <technique_common>
              <instance_material symbol="chain-material" target="#chain-material">
                <bind_vertex_input semantic="UVMap" input_semantic="TEXCOORD" input_set="0"/>
              </instance_material>
            </technique_common>
          </bind_material>
        </instance_geometry>
      </node>
      <node id="body" name="body" type="NODE">
        <matrix sid="transform">2.415796 0 0 1.219253 0 2.415796 0 -1.457412 0 0 2.415796 2.392813 0 0 0 1</matrix>
        <instance_geometry url="#Sphere-mesh" name="body">
          <bind_material>
            <technique_common>
              <instance_material symbol="body-material" target="#body-material">
                <bind_vertex_input semantic="UVMap" input_semantic="TEXCOORD" input_set="0"/>
              </instance_material>
            </technique_common>
          </bind_material>
        </instance_geometry>
      </node>
      <node id="mouth" name="mouth" type="NODE">
        <matrix sid="transform">2.415796 0 0 1.219253 0 2.415796 0 -1.457412 0 0 2.415796 2.392813 0 0 0 1</matrix>
        <instance_geometry url="#Sphere_003-mesh" name="mouth">
          <bind_material>
            <technique_common>
              <instance_material symbol="mouth-material" target="#mouth-material">
                <bind_vertex_input semantic="UVMap" input_semantic="TEXCOORD" input_set="0"/>
              </instance_material>
            </technique_common>
          </bind_material>
        </instance_geometry>
      </node>
      <node id="teeths" name="teeths" type="NODE">
        <matrix sid="transform">2.415796 0 0 1.219253 0 2.415796 0 -1.457412 0 0 2.415796 2.392813 0 0 0 1</matrix>
        <instance_geometry url="#Sphere_004-mesh" name="teeths">
          <bind_material>
            <technique_common>
              <instance_material symbol="teeths-material" target="#teeths-material">
                <bind_vertex_input semantic="UVMap" input_semantic="TEXCOORD" input_set="0"/>
              </instance_material>
            </technique_common>
          </bind_material>
        </instance_geometry>
      </node>
      <node id="eyes" name="eyes" type="NODE">
        <matrix sid="transform">1 0 0 -0.5452198 0 1 0 0 0 0 1 4.183255 0 0 0 1</matrix>
        <instance_geometry url="#Circle-mesh" name="eyes">
          <bind_material>
            <technique_common>
              <instance_material symbol="eyes-material" target="#eyes-material">
                <bind_vertex_input semantic="UVMap" input_semantic="TEXCOORD" input_set="0"/>
              </instance_material>
            </technique_common>
          </bind_material>
        </instance_geometry>
      </node>
      <node id="iris" name="iris" type="NODE">
        <matrix sid="transform">1 0 0 -0.5452198 0 1 0 0 0 0 1 4.183255 0 0 0 1</matrix>
        <instance_geometry url="#Circle_001-mesh" name="iris">
          <bind_material>
            <technique_common>
              <instance_material symbol="iris-material" target="#iris-material">
                <bind_vertex_input semantic="UVMap" input_semantic="TEXCOORD" input_set="0"/>
              </instance_material>
            </technique_common>
          </bind_material>
        </instance_geometry>
      </node>
    </visual_scene>
  </library_visual_scenes>
  <scene>
    <instance_visual_scene url="#Scene"/>
  </scene>
</COLLADA>